# component mesh in local component coordinates
v -21.0635223 -14.8679113 11
v -21.8911934 -13.9935722 11
v -22.5339813 -14.7596169 11
v -17.2949257 -17.8502998 11
v -18.2997055 -17.187027 11
v -17.9377136 -18.6163445 11
v -19.264822 -16.4672661 11
v -20.1871052 -15.6933804 11
v -25.2435818 -17.9887943 11
v -26.5291576 -19.5208817 11
v -20.647316 -21.8455181 11
v -21.9328899 -23.3776073 11
v -23.1453075 -15.4881697 10.3090172
v -23.1067085 -15.4421682 10.4539909
v -22.8258018 -15.1073942 10.8910065
v -22.7326126 -14.9963379 10.9510565
v -22.6345348 -14.8794527 10.987689
v -23.1767673 -15.5256615 10
v -27.1250534 -20.2310448 0.146830454
v -25.6214027 -18.4390621 4.19098282
v -25.5354023 -18.3365707 4.10899353
v -24.6007938 -17.2227497 10
v -24.6007938 -17.2227497 9
v -25.2435818 -17.9887943 8
v -25.3441372 -18.1086292 7.98768806
v -28.4575195 -21.8190155 8
v -28.4337788 -21.7907219 8.46930313
v -25.8549099 -18.7173462 7.3090167
v -28.3631401 -21.7065372 8.92705059
v -25.816309 -18.6713448 7.45399046
v -25.763607 -18.6085377 4.41221476
v -28.3631401 -21.7065372 2.07294893
v -25.816309 -18.6713448 4.54600954
v -28.4337788 -21.7907219 2.53069663
v -25.8549099 -18.7173462 4.69098282
v -28.4575195 -21.8190155 3
v -25.8784542 -18.7454071 4.84356546
v -27.4046154 -20.5642128 0.326980442
v -27.6626205 -20.8716908 0.572948992
v -25.698101 -18.530468 4.29289341
v -25.442215 -18.2255135 4.04894352
v -26.5291576 -19.5208817 -4.33680869e-15
v -26.8308201 -19.8803883 0.0369349793
v -23.1767673 -15.5256615 4
v -21.8911934 -13.9935722 -2.60208521e-15
v -25.2435818 -17.9887943 4
v -25.3441372 -18.1086292 4.01231194
v -23.1688557 -15.5162306 10.1564341
v -23.0540066 -15.3793602 10.5877857
v -22.9885006 -15.3012934 10.7071066
v -22.9118023 -15.2098875 10.8090172
v -24.7235546 -17.369051 10.5877857
v -24.6708527 -17.306242 10.4539909
v -25.0449486 -17.7520733 10.9510565
v -24.6322536 -17.2602406 10.3090172
v -25.442215 -18.2255135 7.95105648
v -25.5354023 -18.3365707 7.89100695
v -26.8308201 -19.8803883 10.9630642
v -25.6214027 -18.4390621 7.8090167
v -25.763607 -18.6085377 7.58778524
v -27.6626205 -20.8716908 10.4270515
v -25.698101 -18.530468 7.70710707
v -27.4046154 -20.5642128 10.6730204
v -27.1250534 -20.2310448 10.8531694
v -28.2473412 -21.5685329 9.3619709
v -28.0892353 -21.3801098 9.76335526
v -27.8927155 -21.1459084 10.1213207
v -27.8927155 -21.1459084 0.878679693
v -28.0892353 -21.3801098 1.23664427
v -28.2473412 -21.5685329 1.6380285
v -25.1430283 -17.8689575 10.987689
v -24.6087074 -17.2321796 10.1564341
v -24.6087074 -17.2321796 8.84356499
v -24.6322536 -17.2602406 8.69098282
v -24.6708527 -17.306242 8.54601002
v -24.7235546 -17.369051 8.41221523
v -24.7890625 -17.4471188 8.29289341
v -24.8657608 -17.5385246 8.19098282
v -24.9517632 -17.641016 8.10899353
v -25.8784542 -18.7454071 7.15643454
v -25.8863697 -18.7548389 7
v -25.8863697 -18.7548389 5
v -24.9517632 -17.641016 10.8910065
v -24.8657608 -17.5385246 10.8090172
v -24.7890625 -17.4471188 10.7071066
v -25.0449486 -17.7520733 8.04894352
v -25.1430283 -17.8689575 8.01231194
v -18.2997055 -17.187027 1.38820738e-15
v -17.2949257 -17.8502998 1.51788304e-15
v -21.9328899 -23.3776073 1.51788304e-15
v -21.8911934 -13.9935722 8.67361738e-16
v -21.0635223 -14.8679113 9.970374e-16
v -26.5291576 -19.5208817 8.67361738e-16
v -20.1871052 -15.6933804 1.12735585e-15
v -19.264822 -16.4672661 1.25788893e-15
v -17.2949257 -17.8502998 -2.60208521e-15
v -20.004528 -21.0794735 9
v -20.004528 -21.0794735 10
v -18.0382671 -18.7361794 10.987689
v -18.1363468 -18.8530636 10.9510565
v -18.4577408 -19.236084 10.5877857
v -21.2200432 -22.5280704 4.54600954
v -21.2586422 -22.57407 4.69098282
v -23.8612537 -25.6757412 3
v -18.5104427 -19.298893 10.4539909
v -18.5490417 -19.3448944 10.3090172
v -18.2295341 -18.9641209 10.8910065
v -18.3155346 -19.0666122 10.8090172
v -18.3922348 -19.1580181 10.7071066
v -23.4929695 -25.2368374 1.23664427
v -21.1018353 -22.3871937 4.29289341
v -21.1673412 -22.4652615 4.41221476
v -23.8375111 -25.6474476 2.53069663
v -23.7668724 -25.5632629 2.07294893
v -23.6510735 -25.4252605 1.6380285
v -22.8083477 -24.4209385 10.6730204
v -23.0663548 -24.7284164 10.4270515
v -21.1018353 -22.3871937 7.70710707
v -21.1673412 -22.4652615 7.58778524
v -20.4486828 -21.608799 8.04894352
v -20.3554955 -21.4977417 8.10899353
v -18.572588 -19.3729553 10.1564341
v -18.5805016 -19.3823891 10
v -18.5805016 -19.3823891 4
v -21.9328899 -23.3776073 -2.60208521e-15
v -20.647316 -21.8455181 4
v -21.2821884 -22.6021328 4.84356546
v -21.2901039 -22.6115627 5
v -23.8612537 -25.6757412 8
v -23.2964478 -25.002634 10.1213207
v -23.4929695 -25.2368374 9.76335526
v -21.2200432 -22.5280704 7.45399046
v -22.5287876 -24.0877705 10.8531694
v -21.0251369 -22.2957897 7.8090167
v -22.2345524 -23.737114 10.9630642
v -20.9391346 -22.1932964 7.89100695
v -20.8459473 -22.0822411 7.95105648
v -20.2694931 -21.3952503 8.19098282
v -20.1927948 -21.3038445 8.29289341
v -20.1272888 -21.2257748 8.41221523
v -20.0745869 -21.1629696 8.54601002
v -20.0359879 -21.1169682 8.69098282
v -20.0124416 -21.0889072 8.84356499
v -20.0124416 -21.0889072 10.1564341
v -20.4486828 -21.608799 10.9510565
v -20.5467606 -21.7256832 10.987689
v -20.2694931 -21.3952503 10.8090172
v -20.0745869 -21.1629696 10.4539909
v -20.1927948 -21.3038445 10.7071066
v -20.1272888 -21.2257748 10.5877857
v -20.0359879 -21.1169682 10.3090172
v -20.3554955 -21.4977417 10.8910065
v -20.7478695 -21.9653549 4.01231194
v -20.8459473 -22.0822411 4.04894352
v -22.2345524 -23.737114 0.0369349793
v -20.9391346 -22.1932964 4.10899353
v -22.5287876 -24.0877705 0.146830454
v -21.0251369 -22.2957897 4.19098282
v -23.2964478 -25.002634 0.878679693
v -23.0663548 -24.7284164 0.572948992
v -22.8083477 -24.4209385 0.326980442
v -21.2901039 -22.6115627 7
v -21.2821884 -22.6021328 7.15643454
v -23.8375111 -25.6474476 8.46930313
v -21.2586422 -22.57407 7.3090167
v -23.7668724 -25.5632629 8.92705059
v -23.6510735 -25.4252605 9.3619709
v -20.7478695 -21.9653549 7.98768806
v -20.647316 -21.8455181 8
v -20.5467606 -21.7256832 8.01231194
v -17.2949257 -17.8502998 8.67361738e-16
v -18.2997055 -17.187027 8.67361738e-16
v -19.264822 -16.4672661 8.67361738e-16
v -20.1871052 -15.6933804 8.67361738e-16
v -21.0635223 -14.8679113 8.67361738e-16
v -26.5291576 -19.5208817 0
v -21.9328899 -23.3776073 8.67361738e-16
v -6.67220545 125.815742 6
v -6.90827608 125.910606 6
v -6.70928812 123.719627 6
v -7.33105516 123.585625 6
v -5.44650888 111.472694 6
v -5.67368555 111.358162 6
v -0.962162316 102.788994 6
v -10.0251961 137.596008 6
v -6.90827608 128.589401 6
v -6.67220545 128.68425 6
v -6.99691248 137.983795 6
v -9.3398819 122.099907 6
v -8.94030571 122.594765 6
v -3.94664979 102.14579 6
v -5.91695261 111.283669 6
v -6.99691248 102.016212 6
v -5.67368555 114.141838 6
v -4.83475924 116.520424 6
v -5.44292307 116.33416 6
v -6.42349672 128.737854 6
v -6.16930819 128.748657 6
v -3.94664979 137.854202 6
v -5.91695261 128.716339 6
v -0.962162316 137.210999 6
v -3.31533647 122.355827 6
v -2.95916772 121.82885 6
v 11.7021866 118.473488 6
v -8.46284485 123.014977 6
v -7.92123461 123.348473 6
v -7.59981394 113.367851 6
v -7.47573519 113.589958 6
v -6.70928812 116.280373 6
v -3.75544 117.184975 6
v -4.26681757 116.80677 6
v -5.2419591 113.875999 6
v -5.67368555 128.64183 6
v -5.44650888 128.527298 6
v 1.87069678 136.072678 6
v -5.2419591 128.376007 6
v 4.47042799 134.471954 6
v -4.26681757 123.19323 6
v -4.92344904 126.518456 6
v -5.06591654 126.307671 6
v -3.75544 122.81501 6
v -5.2419591 126.123985 6
v -5.44650888 125.972694 6
v -4.83475924 123.479576 6
v -5.67368555 125.858177 6
v -5.44292307 123.665825 6
v -5.91695261 125.783669 6
v -6.07381678 123.74662 6
v -6.16930819 125.75135 6
v -6.42349672 125.762154 6
v -2.69718003 121.249275 6
v -2.53691125 120.633751 6
v -2.48297143 119.999992 6
v -5.2419591 111.623985 6
v 1.87069678 103.92733 6
v -5.06591654 111.807671 6
v 4.47042799 105.528053 6
v -4.92344904 112.018456 6
v -7.31590509 113.78791 6
v -7.12492037 113.956001 6
v -6.90827608 114.089394 6
v -6.67220545 114.184258 6
v -6.42349672 114.237846 6
v -6.07381678 116.25338 6
v -6.16930819 114.24865 6
v -5.91695261 114.216331 6
v -5.44650888 114.02729 6
v -4.81865549 112.250282 6
v 6.76223707 107.545097 6
v -4.7545476 112.496498 6
v 8.68020248 109.920448 6
v -4.73296976 112.749992 6
v 10.1691437 112.585777 6
v -4.7545476 113.003502 6
v 11.1862221 115.464394 6
v -4.81865549 113.249702 6
v -4.92344904 113.481544 6
v -4.81865549 126.750282 6
v 11.7021866 121.526512 6
v -4.7545476 126.996498 6
v 11.1862221 124.535606 6
v -4.73296976 127.249992 6
v 10.1691437 127.414223 6
v -4.7545476 127.503502 6
v 8.68020248 130.079559 6
v -4.81865549 127.749702 6
v 6.76223707 132.45491 6
v -4.92344904 127.981544 6
v -5.06591654 128.192337 6
v -6.16930819 111.25135 6
v -6.42349672 111.262154 6
v -10.0251961 102.403999 6
v -7.31590509 111.71209 6
v -7.47573519 111.910042 6
v -12.9443874 103.297997 6
v -7.59981394 112.132149 6
v -7.68457079 112.372032 6
v -7.12492037 128.455994 6
v -12.9443874 136.702011 6
v -7.31590509 128.287918 6
v -15.6705017 135.32753 6
v -7.47573519 128.089966 6
v -18.1251144 133.5121 6
v -7.59981394 127.867851 6
v -6.67220545 111.315742 6
v -6.90827608 111.410606 6
v -7.12492037 111.543999 6
v -7.72756624 112.62278 6
v -7.72756624 112.877205 6
v -7.68457079 113.127968 6
v -9.96946144 119.681969 6
v -9.96946144 120.318016 6
v -23.2047653 114.003487 6
v -2.53691125 119.366234 6
v -2.69718003 118.750725 6
v -2.95916772 118.171135 6
v -7.33105516 116.414375 6
v -7.92123461 116.651527 6
v -15.6705017 104.672478 6
v -8.46284485 116.985008 6
v -18.1251144 106.487892 6
v -8.94030571 117.40522 6
v -20.2376156 108.692039 6
v -9.3398819 117.900093 6
v -21.9472256 111.221489 6
v -9.65007782 118.455376 6
v -9.86196899 119.055077 6
v -7.68457079 127.627968 6
v -20.2376156 131.307968 6
v -7.72756624 127.377205 6
v -21.9472256 128.778503 6
v -7.72756624 127.12278 6
v -23.2047653 125.996513 6
v -7.68457079 126.872032 6
v -23.9740562 123.042015 6
v -7.59981394 126.632149 6
v -5.06591654 113.692329 6
v -3.31533647 117.644173 6
v -9.86196899 120.944908 6
v -9.65007782 121.544624 6
v -24.2329693 119.999992 6
v -23.9740562 116.957985 6
v -7.47573519 126.410042 6
v -7.31590509 126.21209 6
v -7.12492037 126.043999 6
v -0.962162316 17.2110004 6
v -5.44650888 8.52729225 6
v 1.87069678 16.0726643 6
v -5.2419591 8.37600899 6
v 4.47042799 14.4719486 6
v 4.47042799 -14.4719496 6
v -5.06591654 -8.19233131 6
v 1.87069678 -16.0726662 6
v -5.2419591 -8.37600899 6
v -0.962162316 -17.2110023 6
v -3.75544 -2.81502128 6
v -5.44650888 -5.97270775 6
v -3.31533647 -2.35582519 6
v -2.95916772 -1.82885718 6
v -6.99691248 17.9837818 6
v -6.16930819 8.74864769 6
v -3.94664979 17.854208 6
v -5.91695261 8.71633339 6
v -5.67368555 8.64183235 6
v -10.0251961 17.5959949 6
v -6.67220545 8.68424797 6
v -6.42349672 8.73784828 6
v -5.44650888 -8.52729416 6
v -5.67368555 -8.64183426 6
v -3.94664979 -17.8542099 6
v -5.91695261 -8.71633339 6
v -6.99691248 -17.9837818 6
v -4.92344904 6.51845741 6
v 11.7021866 -1.52650809 6
v -4.81865549 6.75028801 6
v 11.7021866 1.52650666 6
v -4.7545476 6.9964962 6
v 11.1862221 4.53560448 6
v -4.73296976 7.24999809 6
v 10.1691437 7.41422081 6
v -4.7545476 7.50349998 6
v 8.68020248 10.079546 6
v -4.81865549 7.74970818 6
v 6.76223707 12.4549007 6
v -4.92344904 7.98154259 6
v -5.06591654 8.1923275 6
v -6.16930819 -8.7486496 6
v -6.42349672 -8.7378521 6
v -10.0251961 -17.5959949 6
v -4.26681757 -3.19323516 6
v -4.83475924 -3.47958541 6
v -5.67368555 -5.85816765 6
v -5.91695261 -5.78366852 6
v -4.81865549 -6.75029182 6
v 11.1862221 -4.53560638 6
v -4.7545476 -6.99650002 6
v 10.1691437 -7.41422462 6
v -4.73296976 -7.25 6
v 8.68020248 -10.0795469 6
v -4.7545476 -7.50350189 6
v 6.76223707 -12.4549007 6
v -4.81865549 -7.74971008 6
v -4.92344904 -7.98154449 6
v -2.95916772 1.82885575 6
v -2.69718003 1.24927354 6
v -2.53691125 0.633753002 6
v -2.48297143 -1.71166994e-06 6
v -4.26681757 3.19323373 6
v -3.75544 2.81501985 6
v -5.44650888 5.97270584 6
v -3.31533647 2.35582376 6
v -5.2419591 6.12399101 6
v -5.06591654 6.30766869 6
v -5.44292307 -3.66583228 6
v -6.07381678 -3.74662185 6
v -6.16930819 -5.75135231 6
v -2.53691125 -0.633754551 6
v -2.69718003 -1.24927497 6
v -6.67220545 -8.68425179 6
v -6.90827608 -8.5893898 6
v -12.9443874 -16.7020035 6
v -7.12492037 -8.45599747 6
v -15.6705017 -15.3275251 6
v -7.31590509 -8.28791046 6
v -18.1251144 -13.5121031 6
v -5.2419591 -6.12399292 6
v -5.06591654 -6.30767059 6
v -4.92344904 -6.51845932 6
v -8.46284485 3.01498818 6
v -7.92123461 3.34847093 6
v -7.12492037 6.04400253 6
v -7.33105516 3.58562493 6
v -6.90827608 5.9106102 6
v -6.70928812 3.71962571 6
v -6.67220545 5.81574821 6
v -7.47573519 -8.08996391 6
v -7.59981394 -7.86785316 6
v -20.2376156 -11.3079615 6
v -7.68457079 -7.62796783 6
v -21.9472256 -8.77850914 6
v -7.72756624 -7.37721062 6
v -23.2047653 -5.99651718 6
v -7.72756624 -7.12279129 6
v -23.9740562 -3.04201484 6
v -7.68457079 -6.87203407 6
v -24.2329693 -1.71166994e-06 6
v -7.59981394 -6.63214874 6
v -23.9740562 3.04201341 6
v -7.47573519 -6.41003799 6
v -4.83475924 3.47958207 6
v -5.67368555 5.85816574 6
v -5.44292307 3.66583085 6
v -5.91695261 5.78366661 6
v -6.07381678 3.74662042 6
v -6.16930819 5.7513504 6
v -6.42349672 5.7621479 6
v -6.42349672 -5.76214981 6
v -6.70928812 -3.71962714 6
v -6.67220545 -5.81575203 6
v -7.33105516 -3.58562636 6
v -6.90827608 -5.91061211 6
v -7.92123461 -3.34847236 6
v -7.12492037 -6.04400444 6
v -8.46284485 -3.01498961 6
v -8.94030571 -2.5947721 6
v -9.3398819 -2.09990668 6
v -20.2376156 11.3079586 6
v -7.31590509 -6.21209335 6
v -21.9472256 8.77850914 6
v -23.2047653 5.99651527 6
v -9.65007782 -1.54462981 6
v -9.86196899 -0.944919407 6
v -9.96946144 -0.318023473 6
v -7.72756624 7.3772068 6
v -7.68457079 7.62796593 6
v -7.47573519 6.41003609 6
v -9.65007782 1.54462838 6
v -7.31590509 6.21208954 6
v -9.3398819 2.09990525 6
v -8.94030571 2.59477067 6
v -18.1251144 13.5121021 6
v -9.96946144 0.318021983 6
v -9.86196899 0.94491595 6
v -7.59981394 7.86784935 6
v -7.47573519 8.0899601 6
v -15.6705017 15.3275242 6
v -7.31590509 8.28790855 6
v -12.9443874 16.7020016 6
v -7.12492037 8.45599556 6
v -6.90827608 8.58938789 6
v -7.59981394 6.63214684 6
v -7.68457079 6.87203026 6
v -7.72756624 7.12278938 6
v -22.89645 126.806496 10.955409
v -23.2049713 125.995934 11.0852041
v -7.20472574 102.026245 6.83270884
v -6.99691248 102.016212 6.80097437
v -6.23296976 101.999992 6.75
v -5.74345636 102.006653 6.77087498
v -5.26121569 102.026245 6.83270884
v -4.78552866 102.058289 6.93516302
v -9.84523582 102.366173 8.02629471
v -9.03721619 102.21978 7.48016882
v -8.14852333 102.102219 7.07845497
v -7.68038034 102.058289 6.93515444
v -10.8559532 102.603783 15.9191418
v -11.3672943 102.747795 15.0886717
v -12.9448109 103.298164 18.6095676
v -10.2116184 102.445213 16.651247
v -11.7309284 102.860207 14.1837311
v -11.8536301 102.900047 13.7127171
v -11.9363976 102.927483 13.2303524
v -11.9778728 102.941383 12.7420492
v -11.9777889 102.941368 12.2559633
v -11.9365158 102.927513 11.7705698
v -11.8539124 102.900139 11.2885942
v -11.7301617 102.859962 10.8137655
v -11.5683327 102.808891 10.3560753
v -11.1292629 102.678734 9.48523331
v -10.5493355 102.525185 8.70112038
v -10.0355396 102.406242 8.18688393
v -7.68184519 102.058403 18.0644646
v -8.60140228 102.156494 17.7395649
v -9.79639053 102.356239 19.1039047
v -10.0255604 102.404091 19.0784073
v -12.0646782 102.970879 18.7794991
v -10.9465199 102.628105 18.9595566
v -10.0343723 102.405983 16.8141441
v -9.45282555 102.290321 17.2639294
v -5.06330538 102.03804 19.2745876
v -5.74533701 102.006607 18.2292862
v -6.24865961 102 19.2951145
v -6.23273516 101.999992 18.25
v -6.99700212 102.01622 19.2863598
v -8.61721802 102.1586 19.2096977
v -7.43329859 102.040062 19.2734947
v -6.99691248 102.016212 18.1990242
v -6.72060442 102.006607 18.2292862
v -1.09864831 102.747795 15.0886717
v -1.60998559 102.603783 15.9191418
v -0.961510003 102.789192 18.8746681
v -2.25432229 102.445213 16.651247
v -1.54547524 102.621056 18.9632816
v -3.01311517 102.290321 17.2639294
v -2.69751954 102.350624 19.106905
v -3.86453843 102.156494 17.7395649
v -3.87722802 102.154816 19.211731
v -4.78409624 102.058403 18.0644646
v -5.2613225 102.026245 18.1673088
v -0.735626519 102.860008 10.8142605
v -0.612026513 102.900139 11.2885942
v -0.529487908 102.927498 11.7700853
v -0.488151819 102.941368 12.2559633
v -0.488102227 102.941383 12.7428617
v -0.529541314 102.927483 13.2303524
v 1.87345481 103.928719 18.2876568
v -0.612240136 102.900063 13.712388
v -0.735012352 102.860207 14.1837311
v -0.944626153 102.79438 14.7574167
v -0.421676904 102.96389 18.7831421
v 0.674483955 103.37812 18.5683556
v -2.62070489 102.366173 8.02629471
v -1.91660333 102.525185 8.70112038
v -4.31741762 102.102219 7.07845497
v -3.93858552 102.14682 7.22759056
v -3.42872453 102.21978 7.48016882
v -1.33667779 102.678734 9.48523331
v -0.962162316 102.788994 10.2019444
v -0.897678673 102.808876 10.3559017
v -24.0667419 122.440605 11.7580853
v -23.9741917 123.041222 11.6323786
v -23.800005 123.924187 11.4565392
v -23.4077911 125.387535 11.1883135
v -22.1204147 128.461044 10.7170029
v -21.947401 128.778198 10.6753235
v -18.1252251 133.512009 10.2027893
v -18.8171577 132.870056 10.2507305
v -20.0637703 131.519943 10.3678989
v -20.2377396 131.307816 10.38834
v -21.1690884 130.045517 10.5215149
v -14.6073666 135.933289 10.0662508
v -15.670536 135.327515 10.0939074
v -16.1014175 135.053696 10.1078243
v -17.5140152 134.026337 10.1679564
v -13.0328503 136.666183 10.038518
v -11.3814259 137.248001 10.020937
v -10.0251999 137.596008 10.0122852
v -6.99691248 137.983795 10.0042782
v -7.97771692 137.915237 10.0055685
v -9.69315147 137.664291 10.0107498
v -2.77372956 137.664474 10.010746
v -3.94664788 137.854202 10.0067625
v -4.48979235 137.91539 10.0055656
v -6.23498774 138 10.0039816
v -1.08667397 137.248642 10.0209198
v -0.962158501 137.210999 10.0219393
v 0.564960182 136.666992 10.0384912
v 1.87070823 136.072678 10.0604944
v 4.47049665 134.471893 10.140337
v 3.63517737 135.053894 10.1078148
v 2.14100242 135.933502 10.0662413
v 6.76239729 132.454742 10.2844038
v 6.3512187 132.870056 10.2507305
v 5.04687452 134.027313 10.1678944
v 7.59832716 131.519333 10.3679562
v 8.70338821 130.045166 10.5215559
v 9.65488052 128.460281 10.717104
v 10.1694298 127.413582 10.8638201
v 11.186409 124.534889 11.3411036
v 10.9426079 125.385124 11.1887321
v 10.4305077 126.806496 10.955409
v 11.335022 123.919914 11.457365
v 11.6017647 122.43354 11.759593
v 11.7021255 118.472816 12.7155504
v 11.760498 119.515114 12.4423313
v 11.7419891 120.94915 12.0918694
v 11.7022552 121.525658 11.9591656
v 11.6646881 118.083275 12.8217077
v 11.4546432 116.661079 13.2282286
v 10.1690598 112.585594 14.5624237
v 10.6749458 113.825676 14.1293688
v 11.1362915 115.276787 13.6528969
v 11.1861382 115.464073 13.5937519
v 10.0928917 112.41935 14.6223135
v 9.38961029 111.059364 15.1288071
v 6.76304579 107.545937 16.5770454
v 7.3716197 108.213768 16.2859306
v 8.57773972 109.770485 15.6363792
v 8.68021011 109.920464 15.5759201
v 5.98930311 106.785759 16.9176502
v 4.44843626 105.511818 17.5108147
v 2.76928687 104.412849 18.0453606
v -15.2352276 104.412849 18.0453606
v -13.1518612 103.382866 18.5659065
v -18.4486866 106.779701 16.9204063
v -18.1259747 106.488655 17.0534706
v -16.9198132 105.515816 17.5089016
v -15.6719341 104.673347 17.9167099
v -21.8520069 111.053169 15.1311817
v -21.9471741 111.221397 15.066905
v -22.5499592 112.400261 14.6292181
v -21.0436783 109.770485 15.6363792
v -20.2379417 108.692436 16.0818977
v -19.8277702 108.202477 16.2907887
v -23.9737682 116.956291 13.1413832
v -23.6022339 115.276787 13.6528969
v -23.2046604 114.003181 14.0693388
v -23.1364555 113.813545 14.1334858
v -24.2079277 120.94915 12.0918694
v -24.2329693 119.999992 12.3205566
v -24.0725384 117.602119 12.9559002
v 1.24539924 -16.3729649 12.4186687
v 1.87082648 -16.0726013 12.45049
v 6.03034925 -13.1761541 12.786725
v 6.76248503 -12.4546423 12.878808
v 9.9541626 -7.87253571 13.5420361
v 10.1694069 -7.41363716 13.6159868
v 11.753418 0.69990176 15.1541481
v 11.7021332 1.52711511 15.3358412
v -4.31701899 17.8977375 7.07859564
v -4.78556108 17.9417095 6.93515444
v -5.26121569 17.9737492 6.83270884
v -5.74337626 17.9933376 6.77088165
v -6.23296976 17.9999981 6.75
v -6.99691248 17.9837818 6.80097437
v -1.33667779 17.3212681 9.48523331
v -1.91660333 17.4748096 8.70112038
v -2.62070489 17.6338177 8.02629471
v -3.42872453 17.7802181 7.48016882
v -3.94664979 17.854208 7.22408915
v -0.529541314 17.0725193 13.2303524
v -0.488067895 17.0586071 12.7420492
v 1.87106299 16.0724812 19.3092937
v -0.488151819 17.0586338 12.2559633
v -0.529423058 17.0724773 11.7705698
v -0.612026513 17.0998516 11.2885942
v -0.735779107 17.1400356 10.8137655
v -0.897610009 17.1910992 10.3560753
v -2.25432229 17.554781 16.651247
v -1.60998559 17.3962078 15.9191418
v -0.96198684 17.210947 19.6840496
v -3.01311517 17.7096729 17.2639294
v -1.09864831 17.2522068 15.0886717
v -0.944626153 17.2056217 14.7574167
v 0.560992897 16.6685925 19.5043392
v -0.735012352 17.1397877 14.1837311
v -0.6123088 17.099947 13.7127171
v -6.99702883 17.9837742 19.9438553
v -6.99691248 17.9837818 18.1990242
v -6.72068262 17.993391 18.2292805
v -6.22136736 17.9999943 19.9493542
v -6.23320627 17.9999981 18.25
v -5.74533701 17.9933949 18.2292862
v -4.48066568 17.9145031 19.9203892
v -1.08096337 17.2469349 19.6960506
v -2.76725793 17.6632023 19.835556
v -3.86453843 17.8435001 17.7395649
v -3.94636178 17.8541698 19.8999786
v -4.78409624 17.9415913 18.0644646
v -5.259974 17.9736843 18.167078
v -7.68184519 17.9415913 18.0644646
v -7.97082376 17.9159107 19.920866
v -8.60140228 17.8435001 17.7395649
v -9.68785286 17.6653271 19.8362694
v -9.45282555 17.7096729 17.2639294
v -10.025528 17.5959225 19.8129215
v -10.0343723 17.5940151 16.8141441
v -11.1292629 17.3212681 9.48523331
v -11.5683327 17.1910992 10.3560753
v -11.7303143 17.139986 10.8142605
v -11.8539124 17.0998516 11.2885942
v -11.9364548 17.0725002 11.7700853
v -11.9777889 17.0586338 12.2559633
v -11.9778385 17.0586185 12.7428617
v -11.7309284 17.1397877 14.1837311
v -13.015831 16.6731167 19.505827
v -11.8537006 17.0999241 13.712388
v -11.9363976 17.0725193 13.2303524
v -11.3672943 17.2522068 15.0886717
v -10.8559532 17.3962078 15.9191418
v -10.2116184 17.554781 16.651247
v -11.3715763 17.2509327 19.6973858
v -7.20488405 17.9737415 6.83273554
v -7.68041277 17.9417095 6.93516302
v -8.14852333 17.8977833 7.07845497
v -9.03721619 17.7802181 7.48016882
v -9.84523582 17.6338177 8.02629471
v -10.0355396 17.5937595 8.18688393
v -10.5493355 17.4748096 8.70112038
v -23.9739704 3.04252076 15.6808119
v -24.0697899 2.41824174 15.5367956
v -23.5842552 4.78883171 16.0979137
v -23.2046814 5.99674988 16.3987656
v -22.7957001 7.04811668 16.6688881
v -21.9472961 8.77837944 17.1302834
v -21.7163773 9.17954445 17.2402649
v -20.3520527 11.1647434 17.8012886
v -18.742487 12.9426441 18.3275566
v -20.237793 11.3077374 17.8427811
v -15.6710243 15.3272038 19.0690842
v -16.0610619 15.0800724 18.9903221
v -17.4569645 14.0720272 18.6736412
v -18.1256313 13.5116482 18.5007725
v -14.5807228 15.9472561 19.2686501
v 4.99180937 14.0714016 18.6734486
v 4.47100782 14.4715176 18.7982655
v 3.59710288 15.0787792 18.9899139
v 2.12010932 15.9444675 19.267746
v 7.88469267 11.1665363 17.8018074
v 6.76286268 12.4542446 18.1807346
v 6.276546 12.9426441 18.3275566
v 10.3304482 7.04649544 16.6684666
v 10.1691742 7.41415215 16.7647457
v 9.24863434 9.18258858 17.2411041
v 8.68056107 10.0790195 17.4909954
v 11.5546684 2.75680566 15.6145678
v 11.1861763 4.53578568 16.036171
v 11.1183128 4.78883171 16.0979137
v 11.7022018 -1.52629066 14.6882343
v 11.7144394 -1.37493491 14.7188511
v 10.8407288 -5.69989777 13.9043865
v 11.1864777 -4.53462982 14.1115618
v 11.4332542 -3.45029426 14.3124485
v 8.78984833 -9.9153862 13.2295284
v 8.68032074 -10.0793743 13.2056198
v 7.37167311 -11.7861681 12.9671049
v 4.55604124 -14.4082355 12.6371746
v 4.47046232 -14.4719229 12.6297083
v 2.96091437 -15.4748993 12.5155106
v -0.548721611 -17.0789146 12.3461199
v -0.962112725 -17.2109871 12.3328953
v -6.99692392 -17.9837818 12.2577133
v -6.24237299 -17.9999981 12.256176
v -4.31311464 -17.8973236 12.2659388
v -3.94662499 -17.8542061 12.2700577
v -2.40157723 -17.5875072 12.2957964
v -13.7212963 -16.3684139 12.4191465
v -12.9444847 -16.7019634 12.3844671
v -11.9348679 -17.0730305 12.3467112
v -10.069891 -17.5863018 12.2959137
v -8.16130447 -17.8964119 12.2660246
v -15.4294186 -15.4733763 12.5156794
v -15.6705914 -15.3274708 12.5318966
v -17.0361938 -14.3975821 12.6384268
v -18.1252804 -13.5119581 12.7450037
v -20.2379436 -11.3075514 13.0320911
v -19.8376122 -11.7861681 12.9671049
v -18.5053902 -13.1676779 12.7877874
v -21.2631626 -9.90421009 13.2311649
v -21.9476147 -8.77781105 13.4001942
v -22.419014 -7.87476921 13.5416794
v -23.2049084 -5.99610901 13.8531542
v -23.3053303 -5.70390892 13.9036884
v -23.8991947 -3.45029426 14.3124485
v -24.2329693 -1.71166994e-06 15.0040531
v -24.1489716 -1.73691535 14.6458855
v -23.9741268 -3.04160666 14.3901978
v -27.0562134 117.281075 12.4130697
v -27.0803871 117.473106 12.5499601
v -27.0804119 117.473305 8.67361738e-16
v 14.6144714 117.473305 8.67361738e-16
v 14.6143265 117.47213 12.5492668
v 14.4308662 116.257545 11.6749516
v 13.8916435 113.999992 10
v 13.8916435 113.999992 8.67361738e-16
v 13.8976631 114.020226 10.015276
v 14.0658569 114.618767 10.4651384
v 14.6638031 117.920357 12.866766
v 14.7591286 119.423988 12.4655952
v 14.7455711 120.94915 12.0918694
v 14.7423058 121.018715 8.67361738e-16
v 14.624691 122.440895 11.7580223
v 13.6333733 126.806496 10.955409
v 14.2714958 124.535072 8.67361738e-16
v 13.2156982 127.92144 10.7908726
v 13.2154808 127.921974 8.67361738e-16
v 13.0051956 128.4198 10.7225161
v 14.0687866 125.370155 11.191329
v 14.2716446 124.534386 11.341197
v 14.3989067 123.914803 11.458354
v 9.48422623 133.927307 8.67361738e-16
v 9.50513458 133.903671 10.1759758
v 11.6043968 131.082794 8.67361738e-16
v 10.3610573 132.870056 10.2507305
v 11.3637009 131.461121 10.3735113
v 11.6045532 131.082535 10.410655
v 12.245285 129.977676 10.5292349
v 6.57156706 136.644638 10.0392447
v 6.91550398 136.374298 10.0488138
v 6.91548109 136.374313 8.67361738e-16
v 7.6028285 135.797806 10.0720625
v 8.58112335 134.884323 10.1168766
v 3.97147346 138.354004 8.67361738e-16
v 3.97147727 138.354004 9.9982357
v 4.35031462 138.138199 10.0015678
v 5.48754072 137.424988 10.0163631
v -0.0191157255 140.059616 9.99040985
v 0.73622483 139.809845 9.9895153
v 0.73622483 139.809845 8.67361738e-16
v 1.9462049 139.341705 9.98971748
v 3.16357398 138.780457 9.99320507
v -2.05329537 140.579849 9.99450397
v -2.69792771 140.700333 8.67361738e-16
v -2.69792581 140.700333 9.99588013
v -4.14154482 140.895599 9.99845219
v -6.23296976 141 8.67361738e-16
v -6.23334932 141 10
v -8.32496071 140.895554 9.99845219
v -9.768013 140.700333 8.67361738e-16
v -9.768013 140.700333 9.99588013
v -13.2021656 139.809845 8.67361738e-16
v -13.2021656 139.809845 9.9895153
v -12.4473095 140.059464 9.9904089
v -10.4130211 140.579773 9.99450302
v -16.4374123 138.354004 8.67361738e-16
v -16.4374161 138.354004 9.9982357
v -15.6292496 138.780579 9.99320412
v -14.4121475 139.341705 9.98971748
v -19.3814449 136.374298 10.0488138
v -19.0380535 136.644226 10.039259
v -19.381422 136.374313 8.67361738e-16
v -17.9539623 137.424652 10.0163717
v -16.8161011 138.13829 10.0015669
v -21.9501686 133.927307 8.67361738e-16
v -21.0463333 134.885025 10.1168375
v -20.0688858 135.797714 10.0720663
v -24.0704956 131.082535 10.410655
v -23.8301105 131.460403 10.37358
v -24.0703392 131.082794 8.67361738e-16
v -22.8269997 132.870056 10.2507305
v -21.969593 133.90535 10.1758652
v -24.7112484 129.977631 10.5292406
v -25.6814213 127.921974 8.67361738e-16
v -25.4701443 128.422073 10.7222128
v -26.737587 124.534386 11.341197
v -26.5348244 125.369804 11.1913919
v -26.7374382 124.535072 8.67361738e-16
v -26.0993118 126.806496 10.955409
v -25.6816425 127.921425 10.7908726
v -26.8649807 123.914101 11.4584885
v -27.2082481 121.018715 8.67361738e-16
v -27.0907459 122.439919 11.7582321
v -27.1297417 117.920357 12.866766
v -27.2251167 119.425728 12.4651461
v -27.2115097 120.94915 12.0918694
v -26.3575821 113.999992 8.67361738e-16
v -26.3575821 113.999992 10
v -26.3636036 114.020226 10.015276
v -26.7748795 115.637657 11.2212353
v -26.9078445 116.319023 11.7196846
v 14.5826759 2.77650094 12.3719273
v 14.6143646 2.52756906 12.5494823
v 14.6144714 2.52669358 8.67361738e-16
v -8.00030136 -20.9255009 12.0056839
v -9.76710892 -20.7004814 12.0230608
v -9.768013 -20.7003269 8.67361738e-16
v -26.461134 -5.64105225 13.9146328
v -26.7376289 -4.53420448 14.111639
v -26.7374382 -4.53507042 8.67361738e-16
v -27.1244087 -2.13255858 14.5671434
v -27.2082539 -1.01855636 14.7915487
v -27.2082481 -1.01872611 8.67361738e-16
v -26.3575821 5.99999809 10
v -26.3575821 5.99999809 8.67361738e-16
v -26.3634491 5.98028755 10.0148849
v -27.0804119 2.52669358 8.67361738e-16
v -26.8079739 4.20347786 11.3379745
v -26.9078617 3.68087602 11.7197495
v -27.2175674 -0.804179966 14.8356924
v -27.2145405 0.879575908 13.7022238
v -27.0775414 2.5502646 12.533329
v -26.9475899 -3.45029426 14.3124485
v -25.6814213 -7.92198181 8.67361738e-16
v -25.6814938 -7.92180252 13.5341797
v -25.7401123 -7.77633667 13.5574245
v -22.6279144 -13.1227226 12.7934294
v -24.0703392 -11.0827961 8.67361738e-16
v -21.9503155 -13.9271364 12.694418
v -21.9501686 -13.9273024 8.67361738e-16
v -21.531765 -14.3856506 12.6398287
v -23.6135998 -11.7861681 12.9671049
v -24.0706444 -11.0823021 13.0631866
v -24.7825375 -9.84446812 13.2399216
v -17.6908989 -17.5987473 12.2947025
v -19.381422 -16.3743172 8.67361738e-16
v -16.4374485 -18.353981 12.2230253
v -16.4374123 -18.354002 8.67361738e-16
v -16.2521782 -18.4557705 12.2136393
v -19.0506554 -16.6345119 12.3914242
v -19.3815117 -16.3742447 12.4185343
v -20.3316975 -15.5636082 12.5057173
v -13.2021656 -19.8098545 8.67361738e-16
v -11.4956589 -20.3298817 12.0523634
v -13.1812458 -19.8172016 12.0943079
v -14.7387047 -19.200325 12.146945
v -6.23293352 -21 12
v -6.23296976 -21 8.67361738e-16
v -4.47220087 -20.926054 12.0056419
v -2.69792771 -20.7003269 8.67361738e-16
v -2.71809983 -20.7037621 12.0228052
v -0.976513207 -20.3314953 12.0522346
v 0.73622483 -19.8098545 8.67361738e-16
v 0.71530503 -19.8172016 12.0943079
v 2.26703238 -19.2028656 12.1467237
v 3.97147346 -18.354002 8.67361738e-16
v 3.76892447 -18.4651604 12.2127752
v 6.91557264 -16.3742447 12.4185343
v 6.5845294 -16.634655 12.3914089
v 6.91548109 -16.3743172 8.67361738e-16
v 5.21767378 -17.603487 12.294241
v 3.9715116 -18.353981 12.2230253
v 7.8629756 -15.5661278 12.5054398
v 9.48422623 -13.9273024 8.67361738e-16
v 9.05353165 -14.3987112 12.6382942
v 11.604702 -11.082303 13.0631857
v 11.1476593 -11.7861681 12.9671049
v 11.6043968 -11.0827961 8.67361738e-16
v 10.1547699 -13.1317177 12.7922993
v 9.484375 -13.9271336 12.694418
v 12.3148842 -9.84769726 13.2394476
v 13.2154808 -7.92198181 8.67361738e-16
v 13.2155457 -7.92182159 13.5341759
v 13.2676811 -7.79259682 13.5548201
v 14.2714958 -4.53507042 8.67361738e-16
v 13.9949303 -5.64199066 13.9144697
v 14.7423134 -1.01855636 14.7915487
v 14.6583405 -2.13381171 14.5668955
v 14.7423058 -1.01872611 8.67361738e-16
v 14.4816513 -3.45029426 14.3124485
v 14.2716904 -4.53420258 14.111639
v 14.7516289 -0.804179966 14.8356924
v 14.7613754 -0.487336904 14.6260719
v 14.7354279 1.15163827 13.5147429
v 13.8916435 5.99999809 8.67361738e-16
v 13.8916435 5.99999809 10
v 13.8975067 5.98028755 10.0148849
v 14.3037987 4.38646698 11.203475
v 14.4419174 3.68090844 11.7197247
v 8.75247955 66.0500107 10
v 8.75133133 64.5004654 10
v 8.75133133 64.5004654 8.67361738e-16
v 13.5845833 7.06063271 10
v 13.2904625 8.13822365 8.67361738e-16
v 11.467495 16.6889172 10
v 11.9912224 13.8193417 10
v 11.9912224 13.8193417 4.33680869e-15
v 12.1173782 13.1872921 10
v 12.8725739 9.78621483 10
v 10.9003792 20.3640232 10
v 10.8697586 20.5837383 4.33680869e-15
v 10.8697586 20.5837383 10
v 10.4074097 24.2487164 10
v 9.96772766 28.5512829 4.33680869e-15
v 10.0458832 27.7094707 10
v 9.30858994 37.9713669 10
v 9.32952118 37.5724831 10
v 9.30858994 37.9713669 8.67361738e-16
v 9.64422607 32.5311203 10
v 9.96772766 28.5512829 10
v 9.09384155 42.835125 10
v 8.91135406 49.0661278 4.33680869e-15
v 8.92845154 48.3239479 10
v 8.76702881 59.9999962 10
v 8.82341385 54.0480385 10
v 8.91135406 49.0661278 10
v 8.82906723 73.7281189 10
v 8.91614914 77.2753983 4.33680869e-15
v 8.91614914 77.2753983 10
v 9.02629471 80.3740845 10
v 9.34210205 86.2751312 8.67361738e-16
v 9.30133438 85.6511841 10
v 10.0431786 94.2145081 -2.60208521e-15
v 9.66223907 90.407135 10
v 9.34210205 86.2751312 10
v 11.0221634 101.341751 10
v 10.6249809 98.7704926 10
v 11.0221634 101.341751 8.67361738e-16
v 10.1047058 94.7554169 10
v 10.0431786 94.2145081 10
v 12.2767181 107.802742 8.67361738e-16
v 11.8867378 106.000618 10
v 11.2197876 102.504997 10
v 13.1162148 111.237862 10
v 12.3290749 108.033531 10
v 12.2767181 107.802742 10
v -21.4812069 45.1475182 10
v -21.3772964 49.0661278 10
v -21.3772964 49.0661278 4.33680869e-15
v -25.6183109 111.374443 10
v -24.7426586 107.802742 8.67361738e-16
v -24.7700462 107.923775 10
v -24.7426586 107.802742 10
v -24.0428562 104.450249 10
v -23.4881039 101.341751 8.67361738e-16
v -23.4881039 101.341751 10
v -22.509119 94.2145081 8.67361738e-16
v -22.8659344 97.1420822 10
v -23.4111443 100.869537 10
v -21.8080406 86.2751312 8.67361738e-16
v -21.8080406 86.2751312 10
v -22.1542301 90.6981583 10
v -22.4034233 93.2432327 10
v -22.509119 94.2145081 10
v -21.3820915 77.2753983 4.33680869e-15
v -21.5319691 81.2978973 10
v -21.7958889 86.0921173 10
v -21.2172718 64.5004654 8.67361738e-16
v -21.2177658 65.6632538 10
v -21.2535 71.0982895 10
v -21.3543797 76.30439 10
v -21.3820915 77.2753983 10
v -21.3000813 53.283947 10
v -21.2329712 59.9999962 10
v -21.2172718 64.5004654 10
v -21.7713604 38.0327339 10
v -21.7745323 37.9713669 8.67361738e-16
v -21.7745323 37.9713669 10
v -22.1199741 32.3961372 10
v -22.4336681 28.5512829 4.33680869e-15
v -22.4336681 28.5512829 10
v -23.5832539 18.874979 10
v -23.335701 20.5837383 10
v -23.335701 20.5837383 4.33680869e-15
v -23.0326042 22.9055424 10
v -22.5425797 27.3885822 10
v -24.187664 15.2429409 10
v -24.4571609 13.8193417 4.33680869e-15
v -24.4571609 13.8193417 10
v -24.8390522 11.966444 10
v -25.756403 8.13822365 8.67361738e-16
v -25.5312576 9.00794411 10
v -26.1408844 6.74197578 10
v -0.816574395 96.0700684 21
v -11.6493683 96.0700684 21
v -0.822605431 96.0179062 21
v -11.4643803 94.3996582 21
v -1.2947619 91.3787689 21
v -11.1988506 91.6879272 21
v -1.67631936 86.3519897 21
v -10.8197384 86.8160782 21
v -1.96437478 80.827095 21
v -10.5430031 81.7904968 21
v -2.16888833 73.9402237 21
v -12.1849442 20.9999981 21
v -0.280998498 20.9999981 21
v -12.1146164 21.5648251 21
v -0.521286309 22.9982815 21
v -11.5936356 26.3299923 21
v -0.904808342 26.669096 21
v -11.1491241 31.5958462 21
v -1.3270762 31.7370815 21
v -10.7859707 37.4659767 21
v -1.65497231 36.9886322 21
v -10.4865036 44.8062401 21
v -10.3583775 76.6009674 21
v -10.2543507 71.2352066 21
v -2.2474978 66.0723038 21
v -10.2177753 65.6783142 21
v -2.23276925 59.9333076 21
v -10.2331734 59.9333076 21
v -2.17559075 53.9001579 21
v -10.3012581 53.1229362 21
v -2.06843209 48.0621452 21
v -1.89862466 42.4281273 21
v 10.8697586 20.5837383 8.67361738e-16
v 11.9912224 13.8193417 8.67361738e-16
v -3.60796952 4.74999809 8.67361738e-16
v 8.91135406 49.0661278 8.67361738e-16
v -3.60796952 59.9999962 8.67361738e-16
v 9.96772766 28.5512829 8.67361738e-16
v -3.60796952 115.249992 8.67361738e-16
v 10.0431786 94.2145081 8.67361738e-16
v 8.91614914 77.2753983 8.67361738e-16
v -3.75544 117.184975 8.67361738e-16
v -3.31533647 117.644173 8.67361738e-16
v -2.69718003 121.249275 8.67361738e-16
v -2.95916772 121.82885 8.67361738e-16
v -3.31533647 122.355827 8.67361738e-16
v -3.60796952 124.750008 8.67361738e-16
v -2.95916772 118.171135 8.67361738e-16
v -2.69718003 118.750725 8.67361738e-16
v -2.53691125 119.366234 8.67361738e-16
v -2.48297143 119.999992 8.67361738e-16
v -2.53691125 120.633751 8.67361738e-16
v -7.59981394 126.632149 8.67361738e-16
v -7.47573519 126.410042 8.67361738e-16
v -8.85796928 124.750008 8.67361738e-16
v -6.90827608 128.589401 8.67361738e-16
v -7.12492037 128.455994 8.67361738e-16
v -7.31590509 128.287918 8.67361738e-16
v -7.47573519 128.089966 8.67361738e-16
v -7.59981394 127.867851 8.67361738e-16
v -7.68457079 126.872032 8.67361738e-16
v -7.31590509 126.21209 8.67361738e-16
v -7.12492037 126.043999 8.67361738e-16
v -6.90827608 125.910606 8.67361738e-16
v -5.91695261 125.783669 8.67361738e-16
v -5.67368555 125.858177 8.67361738e-16
v -5.91695261 128.716339 8.67361738e-16
v -7.68457079 127.627968 8.67361738e-16
v -7.72756624 127.377205 8.67361738e-16
v -7.72756624 127.12278 8.67361738e-16
v -6.67220545 125.815742 8.67361738e-16
v -6.42349672 125.762154 8.67361738e-16
v -6.16930819 125.75135 8.67361738e-16
v -6.16930819 128.748657 8.67361738e-16
v -6.42349672 128.737854 8.67361738e-16
v -6.67220545 128.68425 8.67361738e-16
v -5.2419591 128.376007 8.67361738e-16
v -5.06591654 128.192337 8.67361738e-16
v -4.92344904 127.981544 8.67361738e-16
v -5.44650888 128.527298 8.67361738e-16
v -5.67368555 128.64183 8.67361738e-16
v -5.44650888 125.972694 8.67361738e-16
v -5.2419591 126.123985 8.67361738e-16
v -5.06591654 126.307671 8.67361738e-16
v -4.92344904 126.518456 8.67361738e-16
v -4.81865549 126.750282 8.67361738e-16
v -4.7545476 126.996498 8.67361738e-16
v -4.73296976 127.249992 8.67361738e-16
v -4.7545476 127.503502 8.67361738e-16
v -4.81865549 127.749702 8.67361738e-16
v -9.86196899 119.055077 8.67361738e-16
v -9.96946144 119.681969 8.67361738e-16
v -9.96946144 120.318016 8.67361738e-16
v -9.86196899 120.944908 8.67361738e-16
v -9.65007782 121.544624 8.67361738e-16
v -8.85796928 115.249992 8.67361738e-16
v -21.3772964 49.0661278 8.67361738e-16
v -8.85796928 59.9999962 8.67361738e-16
v -21.3820915 77.2753983 8.67361738e-16
v -24.4571609 13.8193417 8.67361738e-16
v -8.85796928 4.74999809 8.67361738e-16
v -23.335701 20.5837383 8.67361738e-16
v -22.4336681 28.5512829 8.67361738e-16
v -9.86196899 -0.944919407 8.67361738e-16
v -9.96946144 -0.318023473 8.67361738e-16
v -9.96946144 0.318021983 8.67361738e-16
v -9.86196899 0.94491595 8.67361738e-16
v -9.65007782 1.54462838 8.67361738e-16
v -8.85796928 -4.75 8.67361738e-16
v -8.85796928 -14.8750019 8.67361738e-16
v -3.60796952 -14.8750019 8.67361738e-16
v -3.60796952 -4.75 8.67361738e-16
v -2.95916772 1.82885575 8.67361738e-16
v -3.31533647 2.35582376 8.67361738e-16
v -2.95916772 -1.82885718 8.67361738e-16
v -2.69718003 -1.24927497 8.67361738e-16
v -2.53691125 -0.633754551 8.67361738e-16
v -2.48297143 -1.71166994e-06 8.67361738e-16
v -2.53691125 0.633753002 8.67361738e-16
v -2.69718003 1.24927354 8.67361738e-16
v -8.46284485 -3.01498961 8.67361738e-16
v -7.92123461 -3.34847236 8.67361738e-16
v -9.65007782 -1.54462981 8.67361738e-16
v -9.3398819 -2.09990668 8.67361738e-16
v -8.94030571 -2.5947721 8.67361738e-16
v -5.44292307 -3.66583228 8.67361738e-16
v -4.83475924 -3.47958541 8.67361738e-16
v -7.33105516 -3.58562636 8.67361738e-16
v -6.70928812 -3.71962714 8.67361738e-16
v -6.07381678 -3.74662185 8.67361738e-16
v -4.26681757 -3.19323516 8.67361738e-16
v -3.75544 -2.81502128 8.67361738e-16
v -3.31533647 -2.35582519 8.67361738e-16
v -7.33105516 3.58562493 8.67361738e-16
v -7.92123461 3.34847093 8.67361738e-16
v -8.46284485 3.01498818 8.67361738e-16
v -8.94030571 2.59477067 8.67361738e-16
v -9.3398819 2.09990525 8.67361738e-16
v -3.75544 2.81501985 8.67361738e-16
v -4.26681757 3.19323373 8.67361738e-16
v -4.83475924 3.47958207 8.67361738e-16
v -5.44292307 3.66583085 8.67361738e-16
v -6.07381678 3.74662042 8.67361738e-16
v -6.70928812 3.71962571 8.67361738e-16
v -8.46284485 116.985008 8.67361738e-16
v -7.92123461 116.651527 8.67361738e-16
v -9.65007782 118.455376 8.67361738e-16
v -9.3398819 117.900093 8.67361738e-16
v -8.94030571 117.40522 8.67361738e-16
v -7.33105516 116.414375 8.67361738e-16
v -6.70928812 116.280373 8.67361738e-16
v -6.07381678 116.25338 8.67361738e-16
v -5.44292307 116.33416 8.67361738e-16
v -4.83475924 116.520424 8.67361738e-16
v -4.26681757 116.80677 8.67361738e-16
v -7.33105516 123.585625 8.67361738e-16
v -7.92123461 123.348473 8.67361738e-16
v -8.46284485 123.014977 8.67361738e-16
v -8.94030571 122.594765 8.67361738e-16
v -9.3398819 122.099907 8.67361738e-16
v -3.75544 122.81501 8.67361738e-16
v -4.26681757 123.19323 8.67361738e-16
v -4.83475924 123.479576 8.67361738e-16
v -5.44292307 123.665825 8.67361738e-16
v -6.07381678 123.74662 8.67361738e-16
v -6.70928812 123.719627 8.67361738e-16
v -7.68457079 -7.62796783 8.67361738e-16
v -7.59981394 -7.86785316 8.67361738e-16
v -7.12492037 -8.45599747 8.67361738e-16
v -6.90827608 -8.5893898 8.67361738e-16
v -7.72756624 -7.37721062 8.67361738e-16
v -7.47573519 -8.08996391 8.67361738e-16
v -7.31590509 -8.28791046 8.67361738e-16
v -7.12492037 -6.04400444 8.67361738e-16
v -6.90827608 -5.91061211 8.67361738e-16
v -6.67220545 -5.81575203 8.67361738e-16
v -6.67220545 -8.68425179 8.67361738e-16
v -6.42349672 -8.7378521 8.67361738e-16
v -6.16930819 -8.7486496 8.67361738e-16
v -5.67368555 -5.85816765 8.67361738e-16
v -5.91695261 -5.78366852 8.67361738e-16
v -6.16930819 -5.75135231 8.67361738e-16
v -6.42349672 -5.76214981 8.67361738e-16
v -7.31590509 -6.21209335 8.67361738e-16
v -7.47573519 -6.41003799 8.67361738e-16
v -7.59981394 -6.63214874 8.67361738e-16
v -5.91695261 -8.71633339 8.67361738e-16
v -5.67368555 -8.64183426 8.67361738e-16
v -5.44650888 -8.52729416 8.67361738e-16
v -4.7545476 -6.99650002 8.67361738e-16
v -4.81865549 -6.75029182 8.67361738e-16
v -4.92344904 -6.51845932 8.67361738e-16
v -5.06591654 -6.30767059 8.67361738e-16
v -7.68457079 -6.87203407 8.67361738e-16
v -7.72756624 -7.12279129 8.67361738e-16
v -5.2419591 -8.37600899 8.67361738e-16
v -5.06591654 -8.19233131 8.67361738e-16
v -4.92344904 -7.98154449 8.67361738e-16
v -4.81865549 -7.74971008 8.67361738e-16
v -4.7545476 -7.50350189 8.67361738e-16
v -4.73296976 -7.25 8.67361738e-16
v -5.2419591 -6.12399292 8.67361738e-16
v -5.44650888 -5.97270775 8.67361738e-16
v -4.92344904 7.98154259 8.67361738e-16
v -5.06591654 8.1923275 8.67361738e-16
v -5.2419591 8.37600899 8.67361738e-16
v -5.44650888 8.52729225 8.67361738e-16
v -6.90827608 8.58938789 8.67361738e-16
v -6.67220545 8.68424797 8.67361738e-16
v -6.42349672 8.73784828 8.67361738e-16
v -5.67368555 8.64183235 8.67361738e-16
v -5.91695261 8.71633339 8.67361738e-16
v -6.16930819 8.74864769 8.67361738e-16
v -7.12492037 8.45599556 8.67361738e-16
v -7.31590509 8.28790855 8.67361738e-16
v -7.47573519 8.0899601 8.67361738e-16
v -7.72756624 7.12278938 8.67361738e-16
v -7.68457079 6.87203026 8.67361738e-16
v -7.59981394 6.63214684 8.67361738e-16
v -7.47573519 6.41003609 8.67361738e-16
v -7.31590509 6.21208954 8.67361738e-16
v -7.12492037 6.04400253 8.67361738e-16
v -6.90827608 5.9106102 8.67361738e-16
v -5.2419591 6.12399101 8.67361738e-16
v -5.06591654 6.30766869 8.67361738e-16
v -7.59981394 7.86784935 8.67361738e-16
v -7.68457079 7.62796593 8.67361738e-16
v -7.72756624 7.3772068 8.67361738e-16
v -6.67220545 5.81574821 8.67361738e-16
v -6.42349672 5.7621479 8.67361738e-16
v -6.16930819 5.7513504 8.67361738e-16
v -5.91695261 5.78366661 8.67361738e-16
v -5.67368555 5.85816574 8.67361738e-16
v -5.44650888 5.97270584 8.67361738e-16
v -4.92344904 6.51845741 8.67361738e-16
v -4.81865549 6.75028801 8.67361738e-16
v -4.7545476 6.9964962 8.67361738e-16
v -4.73296976 7.24999809 8.67361738e-16
v -4.7545476 7.50349998 8.67361738e-16
v -4.81865549 7.74970818 8.67361738e-16
v -5.67368555 111.358162 8.67361738e-16
v -5.91695261 111.283669 8.67361738e-16
v -6.16930819 111.25135 8.67361738e-16
v -5.44650888 114.02729 8.67361738e-16
v -5.67368555 114.141838 8.67361738e-16
v -6.67220545 114.184258 8.67361738e-16
v -6.90827608 114.089394 8.67361738e-16
v -5.91695261 114.216331 8.67361738e-16
v -6.16930819 114.24865 8.67361738e-16
v -6.42349672 114.237846 8.67361738e-16
v -7.12492037 113.956001 8.67361738e-16
v -7.31590509 113.78791 8.67361738e-16
v -7.47573519 113.589958 8.67361738e-16
v -7.59981394 113.367851 8.67361738e-16
v -7.68457079 113.127968 8.67361738e-16
v -7.72756624 112.877205 8.67361738e-16
v -7.47573519 111.910042 8.67361738e-16
v -7.31590509 111.71209 8.67361738e-16
v -7.12492037 111.543999 8.67361738e-16
v -6.90827608 111.410606 8.67361738e-16
v -6.67220545 111.315742 8.67361738e-16
v -6.42349672 111.262154 8.67361738e-16
v -7.72756624 112.62278 8.67361738e-16
v -7.68457079 112.372032 8.67361738e-16
v -7.59981394 112.132149 8.67361738e-16
v -5.44650888 111.472694 8.67361738e-16
v -5.2419591 111.623985 8.67361738e-16
v -5.06591654 111.807671 8.67361738e-16
v -4.92344904 112.018456 8.67361738e-16
v -4.81865549 112.250282 8.67361738e-16
v -4.7545476 112.496498 8.67361738e-16
v -4.73296976 112.749992 8.67361738e-16
v -4.7545476 113.003502 8.67361738e-16
v -4.81865549 113.249702 8.67361738e-16
v -4.92344904 113.481544 8.67361738e-16
v -5.06591654 113.692329 8.67361738e-16
v -5.2419591 113.875999 8.67361738e-16
v -18.742487 12.9426403 18.3275566
v -20.7425919 12.9442959 18.3280582
v -20.6543179 13.1027317 18.3760567
v -19.4592133 15.1140003 19.001112
v -18.3710232 16.7082043 19.5173893
v -17.4485645 17.8697491 19.9052467
v -16.4704628 18.905653 20.2595119
v -15.8241043 19.4785137 20.4588242
v -15.5866718 19.6665134 20.5247631
v -15.4074135 19.8004398 20.5718956
v -12.8735218 20.9424458 20.9792156
v -13.5772285 20.7686863 20.9166145
v -13.7434464 20.7112064 20.895956
v -13.9756927 20.6205463 20.8634224
v -14.5747929 20.3316784 20.7601681
v 0.166026786 20.975584 20.9911804
v 0.803672493 20.8586102 20.9489841
v 1.49041724 20.6285534 20.866291
v 2.23160148 20.2627964 20.7356358
v 2.95239234 19.7924786 20.5690899
v 3.36114478 19.4760799 20.4579716
v 3.84865546 19.0519581 20.3101845
v 4.67800093 18.2141132 20.0221367
v 5.25784636 17.5418072 19.7947407
v 5.67805052 17.0105152 19.617384
v 6.59978437 15.717741 19.1944542
v 7.49054289 14.3085346 18.7472839
v 6.276546 12.9426403 18.3275566
v 8.27685928 12.943922 18.3279438
v 8.362854 12.7883663 18.2809944
v 9.22848129 11.1609631 17.8001957
v 10.0996513 9.42886925 17.3091908
v 10.990036 7.59376335 16.8121243
v 11.9158401 5.6566906 16.3130417
v 12.3264008 4.79132462 16.098526
v 12.8683128 3.61335206 15.8148403
v 13.8140106 1.45751977 15.3203754
v -8.8267231 -20.3714142 12.0490379
v -25.3099213 3.66714501 15.8275871
v -26.7528095 0.332210749 15.0748816
v -24.7916088 4.79288864 16.0989094
v -24.0957355 6.25577736 16.4645996
v -23.7244453 7.03320885 16.6650047
v -22.0348148 10.4938183 17.6085548
v 14.0606918 116.360283 13.3180561
v 13.6192322 115.272728 13.6541815
v 12.9510231 113.710686 14.1685095
v 11.7616692 111.066612 15.1260319
v 11.1390572 109.7649 15.6386366
v 10.5100632 108.522957 16.1537018
v 10.1386223 107.827263 16.4534912
v 9.41337204 106.553871 17.0235291
v 8.41671371 104.990547 17.761694
v 5.26765013 101.382568 19.632103
v 7.3533473 103.555763 18.4771938
v 6.6725688 102.757164 18.8915119
v 6.26258421 102.319061 19.1237526
v -17.7335911 101.382568 19.632103
v -17.9908466 101.608032 19.5082188
v -18.9643288 102.567192 18.991785
v -19.8817253 103.633583 18.4374371
v -20.7522659 104.801888 17.8536797
v -21.5840664 106.06823 17.2482681
v -22.0619946 106.863869 16.8821945
v -22.6048088 107.827705 16.4532967
v -23.1140633 108.788826 16.0412807
v -23.6059361 109.766823 15.6378613
v -24.1322956 110.86306 15.2043695
v -24.400774 111.440025 14.9840546
v -25.1415329 113.083839 14.3855324
v -26.0865211 115.275993 13.6531496
v -26.1555805 115.443092 13.6003513
v -5.62797976 139.575684 9.98930931
v 4.89390516 101.062767 19.8016834
v 4.68044615 99.6282806 19.8010712
v 4.95241117 19.5303745 19.8010712
v 11.5621452 6.49215889 16.4656372
v 10.8309555 9.29102898 16.4656372
v 13.4542084 7.02398491 11.7207794
v 13.0662918 6.91494942 13.3991861
v 14.4585266 2.21428323 13.3991861
v 13.8255119 2.02555299 14.9938955
v 12.4303856 6.73620796 14.9938955
v 8.290905 16.1509266 17.7781754
v 8.95988846 12.5466633 17.7781754
v 6.40990782 19.7346516 18.8991871
v 6.99679518 15.931757 18.8991871
v 2.85586524 23.3846874 20.4616203
v 1.18833899 23.1938915 20.8645725
v 1.2609899 97.9087524 20.8452396
v 1.12681937 97.7907486 20.8645859
v 0.886802375 95.8204193 20.8645725
v 0.535991371 97.2698975 20.93437
v -0.800857842 96.0840607 20.9999905
v 2.55411887 95.6277771 20.4616203
v 1.85280204 98.4280014 20.7443085
v 3.14612556 99.5554657 20.4332161
v 4.13828611 95.4447479 19.8010712
v 4.4120326 100.649117 20.0016136
v 3.30820441 99.6960526 20.3851948
v 6.13710356 99.4180832 18.8991871
v 8.04613876 103.060081 17.7781754
v 7.43618345 99.230629 17.7781754
v 9.82967758 106.427132 16.4656372
v 9.15038681 102.866951 16.4656372
v 10.71278 106.244026 14.9938955
v 11.1601677 108.300133 14.9938955
v 13.5623016 114.779686 13.3991861
v 12.5956573 111.375237 13.3991861
v 11.8041763 108.153252 13.3991861
v 13.9484558 114.664558 11.7207794
v 12.9852715 111.272408 11.7207794
v 12.7409592 9.75429344 11.7207794
v 11.9846535 13.1603642 11.7207794
v 11.3339691 16.6663036 11.7207794
v 10.7662621 20.3452282 11.7207794
v 10.2728615 24.2333241 11.7207794
v 9.91106415 27.696661 11.7207794
v 9.50915146 32.521347 11.7207794
v 9.19428635 37.5652962 11.7207794
v 8.95850754 42.8301125 11.7207794
v 8.7930603 48.3207283 11.7207794
v 8.68799591 54.0462227 11.7207794
v 8.63160324 59.9991798 11.7207794
v 8.61705399 66.0502777 11.7207794
v 8.89097977 80.3796616 11.7207794
v 8.69366455 73.7307358 11.7207794
v 9.16617966 85.6598129 11.7207794
v 9.52733994 90.4190979 11.7207794
v 9.97016907 94.7709579 11.7207794
v 2.09113669 91.0785141 20.4616203
v 3.67961097 90.9376526 19.8010712
v 1.71596122 86.1354294 20.4616203
v 3.30743003 86.0338364 19.8010712
v 1.4319303 80.6871033 20.4616203
v 3.02528358 80.6214294 19.8010712
v 1.22966743 73.8746796 20.4616203
v 2.82407737 73.8439331 19.8010712
v 1.15168357 66.0654144 20.4616203
v 2.74638724 66.0621796 19.8010712
v 1.16635489 59.9539146 20.4616203
v 2.76103568 59.9635811 19.8010712
v 1.22328925 53.945858 20.4616203
v 2.81785178 53.9672966 19.8010712
v 1.32979178 48.1430473 20.4616203
v 2.92404914 48.1810036 19.8010712
v 1.49823356 42.5538979 20.4616203
v 3.09185004 42.6129036 19.8010712
v 1.73942161 37.1690521 20.4616203
v 3.33188224 37.2536926 19.8010712
v 2.06323981 31.9824505 20.4616203
v 3.65378928 32.0975685 19.8010712
v 2.47914481 26.990591 20.4616203
v 4.06670332 27.1414165 19.8010712
v 4.44023848 23.5659657 19.8010712
v 0.419288367 91.2267761 20.8645725
v 0.0409619436 86.242363 20.8645725
v -0.245056435 80.756218 20.8645725
v -0.448429376 73.9070435 20.8645725
v -0.526722252 66.0688171 20.8645725
v -0.512020409 59.943737 20.8645725
v -0.454967767 53.9232979 20.8645725
v -0.348140985 48.1030998 20.8645725
v -0.179024026 42.4917946 20.8645725
v 0.0633809194 37.0799675 20.8645725
v 0.389213294 31.8612919 20.8645725
v 0.808257759 26.8318462 20.8645725
v 5.60030317 95.2758331 18.8991871
v 6.9041667 95.1251907 17.7781754
v 5.14559889 90.8076553 18.8991871
v 6.45300627 90.6917191 17.7781754
v 4.77618361 85.9400711 18.8991871
v 6.08605146 85.8564529 17.7781754
v 4.49577665 80.5608139 18.8991871
v 5.80720091 80.5067596 17.7781754
v 4.29554701 73.8155518 18.8991871
v 5.60784101 73.7902451 17.7781754
v 4.21812773 66.0591965 18.8991871
v 5.53066206 66.0565414 17.7781754
v 4.23274946 59.9725075 18.8991871
v 5.54526472 59.9804649 17.7781754
v 4.28946257 53.9870796 18.8991871
v 5.60187864 54.0047264 17.7781754
v 4.39537382 48.2160301 18.8991871
v 5.70753813 48.2472649 17.7781754
v 4.56258345 42.6673546 18.8991871
v 5.87422132 42.7159157 17.7781754
v 4.80155134 37.3318138 18.8991871
v 6.11223936 37.401474 17.7781754
v 5.12169218 32.203804 18.8991871
v 6.43080473 32.2985497 17.7781754
v 5.53184843 27.280611 18.8991871
v 6.8385005 27.4047527 17.7781754
v 5.90243864 23.7332706 18.8991871
v 7.20647001 23.8824749 17.7781754
v 7.70973921 19.9168339 17.7781754
v 10.4909439 98.7898331 11.7207794
v 11.0863838 102.528328 11.7207794
v 8.54570389 99.0705261 16.4656372
v 8.01777267 94.9965286 16.4656372
v 7.56963682 90.5927048 16.4656372
v 7.20478773 85.7850266 16.4656372
v 6.92726088 80.4605942 16.4656372
v 6.72864485 73.768631 16.4656372
v 6.65167189 66.0542679 16.4656372
v 6.66625547 59.9872627 16.4656372
v 6.72278929 54.0198021 16.4656372
v 6.82823515 48.2739449 16.4656372
v 6.99446821 42.7573967 16.4656372
v 7.2316699 37.4609756 16.4656372
v 7.5488925 32.3794708 16.4656372
v 7.95448637 27.5107784 16.4656372
v 8.32021713 24.0099049 16.4656372
v 8.81990051 20.0724316 16.4656372
v 9.3961792 16.3381176 16.4656372
v 10.0585175 12.7695675 16.4656372
v 10.0387878 102.711555 14.9938955
v 9.43834305 98.9417191 14.9938955
v 8.91369629 94.893013 14.9938955
v 8.4679985 90.5130386 14.9938955
v 8.10484314 85.7275696 14.9938955
v 7.82838392 80.4234543 14.9938955
v 7.63036299 73.751236 14.9938955
v 7.55355406 66.0524445 14.9938955
v 7.56812239 59.992733 14.9938955
v 7.62459517 54.0319252 14.9938955
v 7.72986174 48.295414 14.9938955
v 7.89573622 42.7907677 14.9938955
v 8.13228226 37.5088463 14.9938955
v 8.44842529 32.4445763 14.9938955
v 8.85232925 27.5960789 14.9938955
v 9.21625519 24.1124287 14.9938955
v 9.71305847 20.1976109 14.9938955
v 10.2854004 16.488718 14.9938955
v 10.9423904 12.9488964 14.9938955
v 11.707428 9.50361443 14.9938955
v 12.1970406 108.063637 11.7207794
v 11.7541313 106.028114 11.7207794
v 11.3595734 106.109917 13.3991861
v 10.6894608 102.597755 13.3991861
v 10.0921211 98.8473816 13.3991861
v 9.56988144 94.8171997 13.3991861
v 9.12596512 90.454689 13.3991861
v 8.76404953 85.6854782 13.3991861
v 8.4883728 80.3962555 13.3991861
v 8.29079056 73.7385025 13.3991861
v 8.2141037 66.0511017 13.3991861
v 8.22866058 59.9967384 13.3991861
v 8.28508377 54.0407982 13.3991861
v 8.39022446 48.3111382 13.3991861
v 8.55583191 42.8152046 13.3991861
v 8.79190445 37.5439072 13.3991861
v 9.10725021 32.49226 13.3991861
v 9.50991821 27.6585522 13.3991861
v 9.87252045 24.1875172 13.3991861
v 10.3672104 20.2892971 13.3991861
v 10.936676 16.5990162 13.3991861
v 11.5897522 13.0802402 13.3991861
v 12.3493652 9.65931511 13.3991861
v -21.0181561 14.6646938 17.7781754
v -15.4884605 21.9791279 20.4616203
v -13.822567 21.7745609 20.8645725
v -20.2302895 101.381699 17.7781754
v -21.9799042 104.847313 16.4656372
v -26.0276279 114.777626 13.3991861
v -25.0979576 111.512611 13.3991861
v -26.0106812 6.70472527 11.7207794
v -26.673727 3.05529237 13.3991861
v -26.4137821 114.662498 11.7207794
v -25.4874172 111.409203 11.7207794
v -23.6008434 108.189095 14.9938955
v -18.3706493 97.7361069 18.8991871
v -18.9344425 101.590355 18.8991871
v -17.3587799 101.061852 19.8021469
v -16.9115906 97.9289169 19.8010712
v -16.4381771 100.270302 20.1665154
v -15.7726994 99.6948013 20.3856297
v -11.6650829 96.0840607 20.9999905
v -13.1756229 94.21875 20.8645725
v -12.3916492 96.7297897 20.9801979
v -13.757906 97.9359894 20.8405895
v -17.0712795 22.1734982 19.8010712
v -17.6447792 17.9761868 19.8010712
v -19.0999508 18.1964283 18.8991871
v -20.397707 18.3928432 17.7781754
v -21.689991 11.2855854 17.7781754
v -23.494545 8.49295616 16.4656372
v -22.7856846 11.5224857 16.4656372
v -26.0407143 2.86656404 14.9938955
v -24.9881954 6.41222191 14.9938955
v -24.3689117 8.71404076 14.9938955
v -24.6379757 107.953743 11.7207794
v -23.9098682 104.475853 11.7207794
v -23.277441 100.891075 11.7207794
v -22.2687473 93.2574692 11.7207794
v -22.7316723 97.1598206 11.7207794
v -22.019352 90.71035 11.7207794
v -21.6607552 86.1010361 11.7207794
v -21.2189999 76.3080368 11.7207794
v -21.396677 81.3039551 11.7207794
v -21.118082 71.0999756 11.7207794
v -21.0823364 65.6634369 11.7207794
v -21.0975456 59.9991798 11.7207794
v -21.3458443 45.1433144 11.7207794
v -21.1646671 53.2819633 11.7207794
v -21.6361122 38.0257568 11.7207794
v -21.9849052 32.3862839 11.7207794
v -22.4077816 27.3755474 11.7207794
v -14.9770451 26.657114 20.4616203
v -16.564352 26.8105831 19.8010712
v -14.5393028 31.8431492 20.4616203
v -16.1297855 31.9591694 19.8010712
v -14.1806431 37.6411133 20.4616203
v -15.7732334 37.723278 19.8010712
v -13.8840542 44.9117012 20.4616203
v -15.4779949 44.9611778 19.8010712
v -13.7000809 53.1726952 20.4616203
v -15.2946186 53.1960335 19.8010712
v -13.6322975 59.9539146 20.4616203
v -15.2269764 59.9635811 19.8010712
v -13.6169586 65.6736603 20.4616203
v -15.2116661 65.6714783 19.8010712
v -13.6532745 71.192894 20.4616203
v -15.24786 71.1730499 19.8010712
v -13.7563286 76.5093155 20.4616203
v -15.3504581 76.4663239 19.8010712
v -13.9387798 81.6382751 20.4616203
v -15.531889 81.5668564 19.8010712
v -14.2115555 86.5923615 20.4616203
v -15.8028069 86.4874115 19.8010712
v -14.5842495 91.3820724 20.4616203
v -16.1724873 91.2385864 19.8010712
v -14.8447304 94.0422974 20.4616203
v -16.430603 93.8746414 19.8010712
v -15.3306274 98.1378326 20.4616203
v -15.5113277 99.4680099 20.4620247
v -13.306427 26.4955921 20.8645725
v -12.8653431 31.7210407 20.8645725
v -12.5044632 37.5546379 20.8645725
v -12.2064533 44.8596306 20.8645725
v -12.0218525 53.1481285 20.8645725
v -11.9539204 59.943737 20.8645725
v -11.9385529 65.6759644 20.8645725
v -11.9749966 71.2137833 20.8645725
v -12.0785313 76.5545731 20.8645725
v -12.2620564 81.7134323 20.8645725
v -12.5367851 86.7028198 20.8645725
v -12.9126492 91.5330963 20.8645725
v -15.109745 99.1187668 20.5690804
v -23.4493504 18.8547115 11.7207794
v -22.8981876 22.8890324 11.7207794
v -18.5320492 22.3528767 18.8991871
v -19.8348007 22.5128536 17.7781754
v -18.0292625 26.9522152 18.8991871
v -19.3357086 27.0785275 17.7781754
v -17.5976276 32.0662498 18.8991871
v -18.9066868 32.1617393 17.7781754
v -17.2430191 37.7991104 18.8991871
v -18.5538139 37.8667336 17.7781754
v -16.949028 45.0068398 18.8991871
v -18.2609329 45.0475578 17.7781754
v -16.7662029 53.2175789 18.8991871
v -18.0785999 53.2367897 17.7781754
v -16.6986904 59.9725075 18.8991871
v -18.0112038 59.9804649 17.7781754
v -16.6834068 65.6694565 18.8991871
v -17.9959431 65.6676636 17.7781754
v -16.7194881 71.1547318 18.8991871
v -18.0319233 71.1383972 17.7781754
v -16.8216648 76.4266434 18.8991871
v -18.1337242 76.3912506 17.7781754
v -17.0021553 81.5009537 18.8991871
v -18.3133755 81.4421768 17.7781754
v -17.2713566 86.3905411 18.8991871
v -18.581049 86.3041611 17.7781754
v -17.6382618 91.1061554 18.8991871
v -18.9454727 90.98806 17.7781754
v -17.8941879 93.7199249 18.8991871
v -19.1994534 93.5819397 17.7781754
v -19.671875 97.5641556 17.7781754
v -24.0544357 15.2186337 11.7207794
v -24.7066841 11.9378262 11.7207794
v -22.1209641 14.8658886 16.4656372
v -21.5060959 18.5606022 16.4656372
v -20.9474564 22.6494846 16.4656372
v -20.4515171 27.1864071 16.4656372
v -20.0247288 32.2432976 16.4656372
v -19.6733379 37.9244919 16.4656372
v -19.3814068 45.0823402 16.4656372
v -19.1994915 53.2532005 16.4656372
v -19.1321964 59.9872627 16.4656372
v -19.1169548 65.6661301 16.4656372
v -19.1528492 71.1244354 16.4656372
v -19.2543297 76.3610306 16.4656372
v -19.4332638 81.3919754 16.4656372
v -19.6996307 86.2303848 16.4656372
v -20.0619392 90.8871841 16.4656372
v -20.3142529 93.4640884 16.4656372
v -20.783226 97.4172974 16.4656372
v -21.3370457 101.203499 16.4656372
v -23.667202 11.7130795 14.9938955
v -23.0082035 15.0277576 14.9938955
v -22.3978252 18.6955624 14.9938955
v -21.8426151 22.759409 14.9938955
v -21.3492165 27.2732029 14.9938955
v -20.9242229 32.3089142 14.9938955
v -20.5740242 37.9709625 14.9938955
v -20.2828579 45.1103172 14.9938955
v -20.1012802 53.2663994 14.9938955
v -20.0340652 59.992733 14.9938955
v -20.0188389 65.6648941 14.9938955
v -20.0546646 71.1132126 14.9938955
v -20.1558876 76.3367081 14.9938955
v -20.3342438 81.3515854 14.9938955
v -20.5995598 86.1710281 14.9938955
v -20.960165 90.8060379 14.9938955
v -21.2111397 93.3692703 14.9938955
v -21.6773376 97.2991486 14.9938955
v -22.2274628 101.060135 14.9938955
v -22.8655357 104.676842 14.9938955
v -25.3999615 8.9747448 11.7207794
v -25.62327 6.59390068 13.3991861
v -25.0093079 8.87596703 13.3991861
v -24.3128338 11.8526707 13.3991861
v -23.6580276 15.1463146 13.3991861
v -23.0509377 18.7944088 13.3991861
v -22.4982414 22.839922 13.3991861
v -22.0067005 27.336771 13.3991861
v -21.5830231 32.3569717 13.3991861
v -21.233696 38.0049934 13.3991861
v -20.9430885 45.1308098 13.3991861
v -20.7617588 53.2760658 13.3991861
v -20.694603 59.9967384 13.3991861
v -20.679388 65.6639938 13.3991861
v -20.7151623 71.1049957 13.3991861
v -20.8161964 76.3189011 13.3991861
v -20.9941292 81.3220062 13.3991861
v -21.2586784 86.1275558 13.3991861
v -21.6180363 90.7465973 13.3991861
v -21.8680286 93.2998276 13.3991861
v -22.3321953 97.2126083 13.3991861
v -22.879612 100.955124 13.3991861
v -23.5141792 104.55201 13.3991861
v -24.2450161 108.042915 13.3991861
f 1 2 3
f 4 5 6
f 6 5 7
f 6 7 3
f 3 7 8
f 3 8 1
f 9 10 11
f 11 10 12
f 13 14 15
f 16 17 18
f 19 20 21
f 22 23 24
f 22 24 9
f 9 24 25
f 9 25 10
f 26 27 28
f 28 27 29
f 28 29 30
f 31 32 33
f 33 32 34
f 33 34 35
f 35 34 36
f 35 36 37
f 19 38 20
f 20 38 39
f 20 39 40
f 41 42 21
f 21 42 43
f 21 43 19
f 17 3 18
f 18 3 2
f 18 2 44
f 44 2 45
f 44 45 46
f 46 45 42
f 46 42 47
f 47 42 41
f 16 18 15
f 15 18 48
f 15 48 13
f 14 49 15
f 15 49 50
f 15 50 51
f 52 53 54
f 54 53 55
f 25 56 10
f 10 56 57
f 10 57 58
f 58 57 59
f 60 61 62
f 62 61 63
f 62 63 59
f 59 63 64
f 59 64 58
f 29 65 30
f 30 65 66
f 30 66 60
f 60 66 67
f 60 67 61
f 39 68 40
f 40 68 69
f 40 69 31
f 31 69 70
f 31 70 32
f 9 71 22
f 22 71 54
f 22 54 72
f 72 54 55
f 73 74 23
f 23 74 75
f 23 75 76
f 76 77 23
f 23 77 78
f 23 78 79
f 28 80 26
f 26 80 81
f 26 81 36
f 36 81 82
f 36 82 37
f 83 84 54
f 54 84 85
f 54 85 52
f 79 86 23
f 23 86 87
f 23 87 24
f 88 89 90
f 91 92 93
f 93 92 94
f 93 94 90
f 90 94 95
f 90 95 88
f 96 4 6
f 97 98 11
f 99 100 101
f 102 103 104
f 99 101 6
f 6 101 105
f 6 105 106
f 100 107 101
f 101 107 108
f 101 108 109
f 110 111 112
f 104 113 102
f 102 113 114
f 102 114 112
f 112 114 115
f 112 115 110
f 116 117 118
f 118 117 119
f 120 121 97
f 106 122 6
f 6 122 123
f 6 123 96
f 96 123 124
f 96 124 125
f 125 124 126
f 103 127 104
f 104 127 128
f 104 128 129
f 117 130 119
f 119 130 131
f 119 131 132
f 116 118 133
f 133 118 134
f 133 134 135
f 135 134 136
f 135 136 12
f 12 136 137
f 12 137 11
f 121 138 97
f 97 138 139
f 97 139 140
f 140 141 97
f 97 141 142
f 97 142 143
f 144 145 98
f 98 145 146
f 98 146 11
f 147 148 149
f 149 148 150
f 144 151 145
f 145 151 148
f 145 148 152
f 152 148 147
f 126 153 125
f 125 153 154
f 125 154 155
f 155 154 156
f 155 156 157
f 157 156 158
f 110 159 111
f 111 159 160
f 111 160 158
f 158 160 161
f 158 161 157
f 128 162 129
f 129 162 163
f 129 163 164
f 164 163 165
f 164 165 166
f 166 165 132
f 166 132 167
f 167 132 131
f 137 168 11
f 11 168 169
f 11 169 97
f 97 169 170
f 97 170 120
f 104 129 36
f 36 129 26
f 4 171 5
f 5 171 172
f 5 172 7
f 7 172 173
f 7 173 8
f 8 173 174
f 8 174 1
f 1 174 175
f 1 175 2
f 2 175 91
f 162 128 81
f 81 128 82
f 126 124 46
f 46 124 44
f 18 44 123
f 123 44 124
f 98 97 22
f 22 97 23
f 104 36 34
f 104 34 113
f 113 34 32
f 113 32 114
f 114 32 70
f 114 70 115
f 115 70 69
f 115 69 110
f 110 69 68
f 110 68 159
f 159 68 39
f 159 39 160
f 160 39 38
f 160 38 161
f 161 38 19
f 161 19 157
f 157 19 43
f 157 43 155
f 155 43 176
f 155 176 177
f 26 129 164
f 26 164 27
f 27 164 166
f 27 166 29
f 29 166 167
f 29 167 65
f 65 167 131
f 65 131 66
f 66 131 130
f 66 130 67
f 67 130 117
f 67 117 61
f 61 117 116
f 61 116 63
f 63 116 133
f 63 133 64
f 64 133 135
f 64 135 58
f 58 135 12
f 58 12 10
f 169 24 87
f 169 87 170
f 170 87 86
f 170 86 120
f 120 86 79
f 120 79 121
f 121 79 78
f 121 78 138
f 138 78 77
f 138 77 139
f 139 77 76
f 139 76 140
f 140 76 75
f 140 75 141
f 141 75 74
f 141 74 142
f 142 74 73
f 142 73 143
f 143 73 23
f 143 23 97
f 24 169 25
f 25 169 168
f 25 168 56
f 56 168 137
f 56 137 57
f 57 137 136
f 57 136 59
f 59 136 134
f 59 134 62
f 62 134 118
f 62 118 60
f 60 118 119
f 60 119 30
f 30 119 132
f 30 132 28
f 28 132 165
f 28 165 80
f 80 165 163
f 80 163 81
f 81 163 162
f 82 128 37
f 37 128 127
f 37 127 35
f 35 127 103
f 35 103 33
f 33 103 102
f 33 102 31
f 31 102 112
f 31 112 40
f 40 112 111
f 40 111 20
f 20 111 158
f 20 158 21
f 21 158 156
f 21 156 41
f 41 156 154
f 41 154 47
f 47 154 153
f 47 153 46
f 46 153 126
f 98 22 72
f 98 72 144
f 144 72 55
f 144 55 151
f 151 55 53
f 151 53 148
f 148 53 52
f 148 52 150
f 150 52 85
f 150 85 149
f 149 85 84
f 149 84 147
f 147 84 83
f 147 83 152
f 152 83 54
f 152 54 145
f 145 54 71
f 145 71 146
f 146 71 9
f 146 9 11
f 6 3 17
f 6 17 99
f 99 17 16
f 99 16 100
f 100 16 15
f 100 15 107
f 107 15 51
f 107 51 108
f 108 51 50
f 108 50 109
f 109 50 49
f 109 49 101
f 101 49 14
f 101 14 105
f 105 14 13
f 105 13 106
f 106 13 48
f 106 48 122
f 122 48 18
f 122 18 123
f 178 179 180
f 180 179 181
f 182 183 184
f 185 186 187
f 185 187 188
f 179 189 190
f 184 183 191
f 191 183 192
f 191 192 193
f 194 195 196
f 187 197 188
f 188 197 198
f 188 198 199
f 199 198 200
f 199 200 201
f 202 203 204
f 190 205 179
f 179 205 206
f 179 206 181
f 207 208 209
f 210 211 212
f 200 213 201
f 201 213 214
f 201 214 215
f 215 214 216
f 215 216 217
f 218 219 220
f 202 204 221
f 220 222 218
f 218 222 223
f 218 223 224
f 224 223 225
f 224 225 226
f 226 225 227
f 226 227 228
f 228 227 229
f 228 229 180
f 180 229 230
f 180 230 178
f 203 231 204
f 204 231 232
f 204 232 233
f 182 184 234
f 234 184 235
f 234 235 236
f 236 235 237
f 236 237 238
f 208 239 209
f 209 239 240
f 209 240 241
f 241 242 209
f 209 242 243
f 209 243 244
f 244 243 245
f 244 245 196
f 196 245 246
f 196 246 194
f 195 194 211
f 211 194 247
f 211 247 212
f 238 237 248
f 248 237 249
f 248 249 250
f 250 249 251
f 250 251 252
f 252 251 253
f 252 253 254
f 254 253 255
f 254 255 256
f 256 255 204
f 256 204 257
f 218 221 219
f 219 221 204
f 219 204 258
f 258 204 259
f 258 259 260
f 260 259 261
f 260 261 262
f 262 261 263
f 262 263 264
f 264 263 265
f 264 265 266
f 266 265 267
f 266 267 268
f 268 267 217
f 268 217 269
f 269 217 216
f 192 270 193
f 193 270 271
f 193 271 272
f 273 274 275
f 275 274 276
f 275 276 277
f 186 185 278
f 278 185 279
f 278 279 280
f 280 279 281
f 280 281 282
f 282 281 283
f 282 283 284
f 271 285 272
f 272 285 286
f 272 286 275
f 275 286 287
f 275 287 273
f 277 288 275
f 275 288 289
f 275 289 290
f 291 292 293
f 233 294 204
f 204 294 295
f 204 295 296
f 207 209 290
f 290 209 297
f 290 297 275
f 275 297 298
f 275 298 299
f 299 298 300
f 299 300 301
f 301 300 302
f 301 302 303
f 303 302 304
f 303 304 305
f 305 304 306
f 305 306 293
f 293 306 307
f 293 307 291
f 284 283 308
f 308 283 309
f 308 309 310
f 310 309 311
f 310 311 312
f 312 311 313
f 312 313 314
f 314 313 315
f 314 315 316
f 257 204 317
f 317 204 296
f 317 296 212
f 212 296 318
f 212 318 210
f 292 319 293
f 293 319 320
f 293 320 189
f 315 321 316
f 316 321 322
f 316 322 323
f 323 322 293
f 323 293 324
f 324 293 189
f 324 189 325
f 325 189 179
f 326 327 328
f 328 327 329
f 328 329 330
f 331 332 333
f 333 332 334
f 333 334 335
f 336 337 338
f 338 337 339
f 340 341 342
f 342 341 343
f 342 343 326
f 326 343 344
f 326 344 327
f 345 346 340
f 340 346 347
f 340 347 341
f 334 348 335
f 335 348 349
f 335 349 350
f 350 349 351
f 350 351 352
f 353 354 355
f 355 354 356
f 355 356 357
f 357 356 358
f 357 358 359
f 359 358 360
f 359 360 361
f 361 360 362
f 361 362 363
f 363 362 364
f 363 364 365
f 365 364 330
f 365 330 366
f 366 330 329
f 351 367 352
f 352 367 368
f 352 368 369
f 336 370 337
f 337 370 371
f 337 371 372
f 372 371 373
f 354 374 375
f 375 374 376
f 375 376 377
f 377 376 378
f 377 378 379
f 379 378 380
f 379 380 381
f 381 380 382
f 381 382 331
f 331 382 383
f 331 383 332
f 384 385 354
f 354 385 386
f 354 386 387
f 388 389 390
f 389 391 390
f 390 391 384
f 390 384 392
f 392 384 354
f 392 354 393
f 393 354 353
f 371 394 373
f 373 394 395
f 373 395 396
f 387 397 354
f 354 397 398
f 354 398 339
f 368 399 369
f 369 399 400
f 369 400 401
f 401 400 402
f 401 402 403
f 403 402 404
f 403 404 405
f 337 406 339
f 339 406 407
f 339 407 354
f 354 407 408
f 354 408 374
f 409 410 411
f 411 410 412
f 411 412 413
f 413 412 414
f 413 414 415
f 404 416 405
f 405 416 417
f 405 417 418
f 418 417 419
f 418 419 420
f 420 419 421
f 420 421 422
f 422 421 423
f 422 423 424
f 424 423 425
f 424 425 426
f 426 425 427
f 426 427 428
f 428 427 429
f 388 390 430
f 430 390 431
f 430 431 432
f 432 431 433
f 432 433 434
f 434 433 435
f 434 435 414
f 414 435 436
f 414 436 415
f 396 395 437
f 437 395 438
f 437 438 439
f 439 438 440
f 439 440 441
f 441 440 442
f 441 442 443
f 443 442 444
f 443 444 445
f 445 446 443
f 443 446 447
f 443 447 448
f 448 447 449
f 448 449 429
f 429 449 450
f 429 450 428
f 446 451 447
f 447 451 452
f 447 452 453
f 447 454 455
f 456 457 458
f 458 457 459
f 458 459 411
f 411 459 460
f 411 460 409
f 447 455 461
f 453 462 447
f 447 462 463
f 447 463 457
f 455 464 461
f 461 464 465
f 461 465 466
f 466 465 467
f 466 467 468
f 468 467 469
f 468 469 345
f 345 469 470
f 345 470 346
f 456 471 457
f 457 471 472
f 457 472 447
f 447 472 473
f 447 473 454
f 474 475 313
f 476 477 193
f 193 477 478
f 193 478 191
f 478 479 191
f 191 479 480
f 191 480 481
f 482 483 272
f 272 483 484
f 272 484 193
f 193 484 485
f 193 485 476
f 486 487 488
f 486 488 489
f 487 490 488
f 488 490 491
f 488 491 492
f 492 493 488
f 488 493 494
f 488 494 275
f 275 494 495
f 495 496 275
f 275 496 497
f 275 497 498
f 498 499 275
f 275 499 500
f 275 500 272
f 272 500 501
f 272 501 482
f 502 503 504
f 504 503 505
f 488 506 489
f 489 506 507
f 489 507 508
f 508 507 505
f 508 505 509
f 509 505 503
f 510 511 512
f 512 511 513
f 512 513 514
f 504 515 502
f 502 515 516
f 502 516 517
f 517 516 514
f 517 514 518
f 518 514 513
f 519 520 521
f 521 520 522
f 521 522 523
f 523 522 524
f 523 524 525
f 525 524 526
f 525 526 527
f 527 526 528
f 527 528 510
f 510 528 529
f 510 529 511
f 530 531 235
f 235 531 532
f 235 532 533
f 534 535 536
f 536 535 537
f 536 537 538
f 519 521 539
f 539 521 540
f 539 540 538
f 538 540 541
f 538 541 536
f 542 543 184
f 481 544 191
f 191 544 545
f 191 545 184
f 184 545 546
f 184 546 542
f 543 547 184
f 184 547 548
f 184 548 235
f 235 548 549
f 235 549 530
f 550 321 551
f 551 321 315
f 551 315 552
f 313 475 315
f 315 475 553
f 315 553 552
f 474 313 554
f 554 313 311
f 554 311 555
f 283 556 557
f 283 557 309
f 557 558 309
f 309 558 559
f 309 559 311
f 311 559 560
f 311 560 555
f 561 562 281
f 281 562 563
f 281 563 283
f 283 563 564
f 283 564 556
f 561 281 565
f 565 281 279
f 565 279 566
f 566 279 185
f 566 185 567
f 188 568 569
f 188 569 185
f 185 569 570
f 185 570 567
f 571 572 199
f 199 572 573
f 199 573 188
f 188 573 574
f 188 574 568
f 571 199 575
f 575 199 201
f 575 201 576
f 576 201 577
f 577 201 215
f 577 215 578
f 217 579 580
f 217 580 215
f 215 580 581
f 215 581 578
f 267 582 583
f 267 583 217
f 217 583 584
f 217 584 579
f 582 267 585
f 585 267 265
f 585 265 586
f 586 265 587
f 587 265 263
f 587 263 588
f 261 589 590
f 261 590 263
f 263 590 591
f 263 591 588
f 589 261 592
f 592 261 259
f 592 259 593
f 594 595 204
f 204 595 596
f 204 596 259
f 259 596 597
f 259 597 593
f 594 204 598
f 598 204 255
f 598 255 599
f 600 601 253
f 253 601 602
f 253 602 255
f 255 602 603
f 255 603 599
f 600 253 604
f 604 253 251
f 604 251 605
f 606 607 249
f 249 607 608
f 249 608 251
f 251 608 609
f 251 609 605
f 606 249 610
f 610 249 237
f 610 237 611
f 611 237 612
f 612 237 235
f 612 235 536
f 536 235 533
f 536 533 534
f 299 613 275
f 275 613 614
f 275 614 488
f 615 616 301
f 301 616 617
f 301 617 299
f 299 617 618
f 299 618 613
f 619 303 620
f 620 303 305
f 620 305 621
f 619 622 303
f 303 622 623
f 303 623 301
f 301 623 624
f 301 624 615
f 293 322 625
f 625 626 293
f 293 626 627
f 293 627 305
f 305 627 628
f 305 628 621
f 550 629 321
f 321 629 630
f 321 630 322
f 322 630 631
f 322 631 625
f 632 633 333
f 634 635 381
f 636 637 377
f 638 639 356
f 640 641 342
f 641 642 342
f 342 642 643
f 342 643 340
f 340 643 644
f 340 644 645
f 326 646 647
f 647 648 326
f 326 648 649
f 326 649 342
f 342 649 650
f 342 650 640
f 651 652 653
f 653 652 328
f 328 652 654
f 328 654 655
f 655 656 328
f 328 656 657
f 328 657 326
f 326 657 658
f 326 658 646
f 659 660 661
f 659 661 662
f 660 663 661
f 661 663 664
f 661 664 665
f 665 664 666
f 665 666 653
f 653 666 667
f 653 667 651
f 668 669 670
f 668 670 671
f 670 672 671
f 671 672 673
f 671 673 674
f 661 675 662
f 662 675 676
f 662 676 677
f 677 676 678
f 677 678 679
f 679 678 674
f 679 674 680
f 680 674 673
f 669 668 681
f 681 668 682
f 681 682 683
f 683 682 684
f 683 684 685
f 685 684 686
f 685 686 687
f 688 689 468
f 468 689 690
f 468 690 691
f 691 692 468
f 468 692 693
f 468 693 694
f 695 696 697
f 697 696 698
f 695 699 696
f 696 699 700
f 696 700 701
f 687 686 701
f 701 686 702
f 701 702 696
f 645 703 340
f 340 703 704
f 340 704 345
f 345 704 705
f 345 705 706
f 706 707 345
f 345 707 708
f 345 708 468
f 468 708 709
f 468 709 688
f 428 710 711
f 428 711 426
f 710 428 712
f 712 428 450
f 712 450 713
f 713 450 714
f 714 450 449
f 714 449 715
f 715 449 716
f 716 449 447
f 716 447 717
f 461 718 447
f 447 718 719
f 447 719 717
f 720 721 466
f 466 721 722
f 466 722 461
f 461 722 723
f 461 723 718
f 720 466 724
f 724 466 468
f 724 468 696
f 696 468 694
f 696 694 698
f 725 726 330
f 330 726 727
f 330 727 328
f 328 727 728
f 328 728 653
f 362 729 364
f 364 729 730
f 364 730 330
f 330 730 731
f 330 731 725
f 732 733 360
f 360 733 734
f 360 734 362
f 362 734 735
f 362 735 729
f 356 639 358
f 639 736 358
f 358 736 737
f 358 737 360
f 360 737 738
f 360 738 732
f 354 739 356
f 356 739 740
f 356 740 638
f 377 637 375
f 637 741 375
f 375 741 742
f 375 742 354
f 354 742 743
f 354 743 739
f 636 377 744
f 744 377 379
f 744 379 745
f 381 635 379
f 379 635 746
f 379 746 745
f 634 381 747
f 747 381 331
f 747 331 748
f 333 633 331
f 331 633 749
f 331 749 748
f 632 333 750
f 750 333 335
f 750 335 751
f 352 752 753
f 352 753 350
f 753 754 350
f 350 754 755
f 350 755 335
f 335 755 756
f 335 756 751
f 757 758 401
f 401 758 759
f 401 759 369
f 369 759 760
f 369 760 352
f 352 760 761
f 352 761 752
f 757 401 762
f 762 401 403
f 762 403 763
f 763 403 764
f 764 403 405
f 764 405 765
f 418 766 767
f 418 767 405
f 405 767 768
f 405 768 765
f 766 418 769
f 769 418 420
f 769 420 770
f 770 420 771
f 771 420 422
f 771 422 772
f 772 422 773
f 773 422 424
f 773 424 774
f 711 775 426
f 426 775 776
f 426 776 424
f 424 776 777
f 424 777 774
f 778 779 780
f 781 782 783
f 784 785 786
f 786 785 781
f 786 781 787
f 787 781 783
f 788 782 789
f 789 782 781
f 789 781 790
f 790 781 791
f 790 791 792
f 793 794 795
f 795 794 796
f 795 796 797
f 793 798 794
f 794 798 799
f 794 799 791
f 791 799 800
f 791 800 792
f 801 802 803
f 803 802 804
f 804 805 803
f 803 805 806
f 803 806 796
f 796 806 807
f 796 807 797
f 808 809 810
f 810 809 811
f 810 811 801
f 801 811 812
f 801 812 802
f 813 814 815
f 813 815 810
f 810 815 816
f 810 816 808
f 817 818 819
f 819 818 820
f 819 820 813
f 813 820 821
f 813 821 814
f 817 819 822
f 822 819 823
f 822 823 824
f 824 823 825
f 825 823 826
f 825 826 827
f 827 826 828
f 828 826 829
f 828 829 830
f 831 832 833
f 831 833 829
f 829 833 834
f 829 834 830
f 835 836 837
f 835 837 831
f 831 837 838
f 831 838 832
f 839 840 841
f 841 840 842
f 841 842 835
f 835 842 843
f 835 843 836
f 844 845 841
f 841 845 846
f 841 846 839
f 847 848 849
f 849 848 850
f 849 850 844
f 844 850 851
f 844 851 845
f 847 849 852
f 852 849 853
f 852 853 854
f 855 856 857
f 857 856 858
f 857 858 853
f 853 858 859
f 853 859 854
f 855 857 860
f 860 857 861
f 860 861 862
f 779 863 780
f 780 863 864
f 780 864 861
f 861 864 865
f 861 865 862
f 866 867 780
f 780 867 868
f 868 869 780
f 780 869 870
f 780 870 778
f 871 872 873
f 874 875 876
f 877 878 879
f 880 881 882
f 883 884 885
f 885 884 886
f 885 886 887
f 887 886 888
f 881 889 882
f 882 889 890
f 882 890 886
f 886 890 891
f 886 891 888
f 879 878 882
f 882 878 892
f 882 892 880
f 893 894 879
f 879 894 895
f 879 895 877
f 896 897 898
f 898 897 899
f 898 899 900
f 896 901 897
f 897 901 902
f 897 902 893
f 893 902 903
f 893 903 894
f 904 905 906
f 906 905 907
f 906 907 908
f 904 909 905
f 905 909 910
f 905 910 899
f 899 910 911
f 899 911 900
f 876 875 912
f 875 913 912
f 912 913 914
f 912 914 907
f 907 914 915
f 907 915 908
f 874 876 916
f 916 876 917
f 916 917 918
f 918 917 919
f 918 919 920
f 920 919 921
f 921 919 922
f 921 922 923
f 923 922 924
f 924 922 925
f 924 925 926
f 927 928 929
f 929 928 930
f 929 930 925
f 925 930 931
f 925 931 926
f 927 929 932
f 932 929 933
f 932 933 934
f 935 936 937
f 937 936 938
f 937 938 933
f 933 938 939
f 933 939 934
f 935 937 940
f 940 937 941
f 940 941 942
f 942 941 943
f 943 941 944
f 943 944 945
f 946 947 948
f 948 947 949
f 948 949 944
f 944 949 950
f 944 950 945
f 873 872 948
f 951 946 952
f 952 946 948
f 952 948 953
f 953 948 872
f 954 955 873
f 873 955 956
f 956 957 873
f 873 957 958
f 873 958 871
f 959 960 961
f 955 954 962
f 962 954 963
f 964 965 966
f 966 965 967
f 966 967 963
f 963 967 968
f 963 968 962
f 964 966 969
f 969 966 970
f 969 970 971
f 971 970 972
f 972 970 973
f 972 973 974
f 975 976 977
f 977 976 978
f 977 978 973
f 973 978 979
f 973 979 974
f 975 977 980
f 980 977 981
f 980 981 982
f 960 983 961
f 961 983 984
f 961 984 981
f 981 984 985
f 981 985 982
f 959 961 986
f 986 961 987
f 986 987 988
f 988 987 989
f 989 987 990
f 989 990 991
f 992 993 990
f 990 993 994
f 990 994 991
f 995 996 997
f 997 996 998
f 997 998 992
f 992 998 999
f 992 999 993
f 1000 1001 997
f 997 1001 1002
f 997 1002 995
f 784 1003 785
f 785 1003 1004
f 785 1004 1000
f 1000 1004 1005
f 1000 1005 1001
f 1006 1007 1008
f 867 866 1009
f 1009 866 1010
f 1009 1010 1011
f 1011 1010 1012
f 1012 1010 1013
f 1013 1010 1014
f 1013 1014 1015
f 1016 1017 1014
f 1014 1017 1018
f 1014 1018 1015
f 1019 1020 1016
f 1016 1020 1021
f 1021 1022 1016
f 1016 1022 1023
f 1016 1023 1017
f 1024 1025 1019
f 1019 1025 1026
f 1019 1026 1020
f 1027 1028 1024
f 1024 1028 1029
f 1029 1030 1024
f 1024 1030 1031
f 1024 1031 1025
f 1007 1032 1008
f 1008 1032 1033
f 1008 1033 1027
f 1027 1033 1034
f 1027 1034 1028
f 1006 1008 1035
f 1035 1008 1036
f 1035 1036 1037
f 1037 1036 1038
f 1038 1036 1039
f 1038 1039 1040
f 1041 1042 1043
f 1043 1042 1044
f 1043 1044 1039
f 1039 1044 1045
f 1039 1045 1040
f 1041 1043 1046
f 1046 1043 1047
f 1046 1047 1048
f 1048 1047 1049
f 1049 1047 1050
f 1049 1050 1051
f 1051 1050 1052
f 1052 1050 884
f 1052 884 883
f 1053 1054 1055
f 1055 1054 1056
f 1055 1056 1057
f 1057 1056 1058
f 1057 1058 1059
f 1059 1058 1060
f 1059 1060 1061
f 1061 1060 1062
f 1061 1062 1063
f 1064 1065 1066
f 1066 1065 1067
f 1066 1067 1068
f 1068 1067 1069
f 1068 1069 1070
f 1070 1069 1071
f 1070 1071 1072
f 1072 1071 1073
f 1072 1073 1074
f 1062 1075 1063
f 1063 1075 1076
f 1063 1076 1077
f 1077 1076 1078
f 1077 1078 1079
f 1079 1078 1080
f 1079 1080 1081
f 1081 1080 1082
f 1081 1082 1083
f 1083 1082 1074
f 1083 1074 1084
f 1084 1074 1073
f 1085 1086 1087
f 961 1088 1089
f 1089 1088 977
f 1089 977 1087
f 1087 977 1090
f 1087 1090 1085
f 1091 1000 997
f 997 1092 1091
f 1091 1092 990
f 1091 990 1089
f 1089 990 1093
f 1089 1093 961
f 1000 1091 785
f 785 1091 1094
f 785 1094 1095
f 1096 1097 794
f 794 1097 1098
f 794 1098 1099
f 1095 1100 785
f 785 1100 1101
f 785 1101 781
f 781 1101 1102
f 781 1102 791
f 791 1102 1103
f 791 1103 794
f 794 1103 1104
f 794 1104 1096
f 1099 823 819
f 819 813 1099
f 1099 813 810
f 1099 810 801
f 801 803 1099
f 1099 803 796
f 1099 796 794
f 1105 1106 1107
f 829 1108 1109
f 1109 1110 829
f 829 1110 1111
f 829 1111 1112
f 1105 1107 1113
f 1106 1114 1107
f 1107 1114 1115
f 1107 1115 1116
f 1099 1117 1118
f 826 823 1119
f 1112 1120 829
f 829 1120 1121
f 829 1121 1107
f 1107 1121 1122
f 1107 1122 1113
f 1116 1123 1107
f 1107 1123 1124
f 1107 1124 1099
f 1099 1124 1125
f 1099 1125 1117
f 1119 1126 826
f 826 1126 1127
f 826 1127 829
f 829 1127 1128
f 829 1128 1108
f 1129 823 1130
f 1130 823 1131
f 1129 1132 823
f 823 1132 1133
f 823 1133 1119
f 1118 1134 1099
f 1099 1134 1135
f 1099 1135 1136
f 1136 1137 1099
f 1099 1137 1138
f 1099 1138 1139
f 1139 1140 1099
f 1099 1140 1141
f 1099 1141 823
f 823 1141 1142
f 823 1142 1131
f 841 835 1107
f 1107 835 831
f 1107 831 829
f 1107 857 853
f 853 849 1107
f 1107 849 844
f 1107 844 841
f 1143 866 1144
f 1144 866 780
f 1144 780 1145
f 1145 780 861
f 1145 861 1146
f 1146 861 857
f 1146 857 1147
f 1016 1014 1148
f 1148 1014 1010
f 1148 1010 866
f 1149 1027 1150
f 1150 1027 1151
f 1150 1151 1148
f 1148 1151 1019
f 1148 1019 1016
f 1152 1153 1050
f 1050 1153 884
f 1152 1154 1153
f 1153 1154 1155
f 1153 1155 1150
f 1150 1155 1036
f 1150 1036 1149
f 1156 879 1157
f 1157 879 882
f 1157 882 1158
f 1158 882 886
f 1158 886 1159
f 1159 886 884
f 1159 884 1160
f 899 897 1161
f 1161 897 893
f 1161 893 879
f 1162 876 912
f 912 907 1162
f 1162 907 905
f 1162 905 899
f 876 1162 917
f 917 1162 1163
f 917 1163 919
f 929 925 1163
f 1163 925 922
f 1163 922 919
f 944 941 1164
f 1164 941 937
f 1164 937 1163
f 1163 937 933
f 1163 933 929
f 1165 1166 954
f 954 1166 1087
f 954 1087 963
f 963 1087 1086
f 1167 1168 944
f 944 1168 1169
f 944 1169 948
f 948 1169 1170
f 948 1170 873
f 873 1170 1171
f 873 1171 954
f 954 1171 1172
f 954 1172 1165
f 1173 1174 1161
f 1156 1175 879
f 879 1175 1176
f 879 1176 1161
f 1161 1176 1177
f 1161 1177 1173
f 1178 1179 1164
f 1174 1180 1161
f 1161 1180 1181
f 1161 1181 1164
f 1164 1181 1182
f 1164 1182 1178
f 1179 1183 1164
f 1164 1183 1184
f 1164 1184 944
f 944 1184 1185
f 944 1185 1167
f 1186 1187 1153
f 1187 1188 1153
f 1153 1188 1189
f 1153 1189 884
f 884 1189 1190
f 884 1190 1160
f 1166 1191 1087
f 1087 1191 1192
f 1087 1192 1193
f 1193 1194 1087
f 1087 1194 1195
f 1087 1195 1153
f 1153 1195 1196
f 1153 1196 1186
f 1197 1198 1148
f 1143 1199 866
f 866 1199 1200
f 866 1200 1148
f 1148 1200 1201
f 1148 1201 1197
f 1198 1202 1148
f 1148 1202 1203
f 1148 1203 1091
f 1091 1203 1204
f 1091 1204 1205
f 1205 1206 1091
f 1091 1206 1207
f 1091 1207 1094
f 1208 1209 1107
f 1209 1210 1107
f 1107 1210 1211
f 1107 1211 857
f 857 1211 1212
f 857 1212 1147
f 1098 1213 1099
f 1099 1213 1214
f 1099 1214 1215
f 1215 1216 1099
f 1099 1216 1217
f 1099 1217 1107
f 1107 1217 1218
f 1107 1218 1208
f 1162 1219 1220
f 1162 1221 1222
f 899 1161 1162
f 1162 1161 1223
f 1162 1223 1219
f 1220 1224 1162
f 1162 1224 1225
f 1162 1225 1221
f 1226 1161 1227
f 1227 1161 1228
f 1222 1229 1162
f 1162 1229 1230
f 1162 1230 1163
f 1163 1230 1231
f 1232 1233 1164
f 1164 1233 1234
f 1164 1234 1161
f 1161 1234 1235
f 1161 1235 1228
f 1226 1236 1161
f 1161 1236 1237
f 1161 1237 1238
f 1231 1239 1163
f 1163 1239 1240
f 1163 1240 1241
f 1242 1243 1164
f 1164 1243 1244
f 1164 1244 1245
f 1238 1246 1161
f 1161 1246 1247
f 1161 1247 1223
f 1241 1248 1163
f 1163 1248 1249
f 1163 1249 1250
f 1250 1251 1163
f 1163 1251 1252
f 1163 1252 1164
f 1164 1252 1253
f 1164 1253 1242
f 1245 1254 1164
f 1164 1254 1255
f 1164 1255 1232
f 1256 1257 1089
f 1089 1257 1258
f 1089 1258 1259
f 1260 1150 1261
f 1261 1150 1262
f 1259 1263 1089
f 1089 1263 1264
f 1089 1264 1150
f 1150 1264 1265
f 1150 1265 1262
f 1260 1266 1150
f 1150 1266 1267
f 1150 1267 1268
f 1269 1270 1153
f 1153 1270 1271
f 1153 1271 1272
f 1272 1273 1153
f 1153 1273 1274
f 1153 1274 1275
f 1087 1276 1277
f 1268 1278 1150
f 1150 1278 1279
f 1150 1279 1153
f 1153 1279 1280
f 1153 1280 1269
f 1275 1281 1153
f 1153 1281 1282
f 1153 1282 1087
f 1087 1282 1283
f 1087 1283 1284
f 1284 1285 1087
f 1087 1285 1286
f 1087 1286 1276
f 1277 1287 1087
f 1087 1287 1288
f 1087 1288 1289
f 1289 1290 1087
f 1087 1290 1291
f 1087 1291 1089
f 1089 1291 1292
f 1089 1292 1256
f 1293 1089 1294
f 1294 1089 1295
f 1296 1297 1091
f 1148 1298 1299
f 1297 1300 1091
f 1091 1300 1301
f 1091 1301 1148
f 1148 1301 1302
f 1148 1302 1298
f 1299 1303 1148
f 1148 1303 1304
f 1148 1304 1305
f 1305 1306 1148
f 1148 1306 1307
f 1148 1307 1308
f 1309 1310 1150
f 1150 1310 1311
f 1311 1312 1150
f 1150 1312 1313
f 1150 1313 1089
f 1089 1313 1314
f 1089 1314 1295
f 1308 1315 1148
f 1148 1315 1316
f 1148 1316 1150
f 1150 1316 1317
f 1150 1317 1309
f 1293 1318 1089
f 1089 1318 1319
f 1089 1319 1320
f 1320 1321 1089
f 1089 1321 1322
f 1089 1322 1091
f 1091 1322 1323
f 1091 1323 1324
f 1324 1325 1091
f 1091 1325 1326
f 1091 1326 1327
f 1327 1328 1091
f 1091 1328 1329
f 1091 1329 1296
f 719 1330 1331
f 1331 1330 1332
f 1332 1330 1333
f 1333 1330 723
f 1333 723 1334
f 1334 723 722
f 1334 722 1335
f 722 721 1335
f 1335 721 720
f 1335 720 1336
f 1336 720 724
f 1336 724 1337
f 1337 724 696
f 1337 696 1338
f 1338 696 1339
f 702 1340 1341
f 1341 1342 702
f 702 1342 1343
f 702 1343 696
f 696 1343 1344
f 696 1344 1339
f 1340 702 1064
f 1064 702 686
f 1064 686 684
f 684 682 1064
f 1064 682 668
f 1064 668 1065
f 1065 668 671
f 1065 671 674
f 674 678 1065
f 1065 678 676
f 1065 676 1345
f 676 675 1345
f 1345 675 661
f 1345 661 1346
f 1346 661 1347
f 1347 661 1348
f 1348 661 665
f 1348 665 1349
f 1349 665 653
f 1349 653 1350
f 1350 653 1351
f 1351 653 728
f 1351 728 1352
f 1352 728 727
f 1352 727 1353
f 1353 727 1354
f 1354 727 726
f 1354 726 1355
f 1355 726 725
f 1355 725 1356
f 1356 725 1357
f 1356 1357 1358
f 1358 1357 730
f 1358 730 1359
f 1359 730 729
f 1359 729 1360
f 1360 729 735
f 1360 735 1361
f 1361 735 734
f 1361 734 1362
f 734 733 1362
f 1362 733 732
f 1362 732 1363
f 1363 732 738
f 1363 738 1364
f 1364 738 737
f 1364 737 1365
f 1365 737 736
f 1365 736 1366
f 736 639 1366
f 1366 639 638
f 1366 638 951
f 951 638 740
f 951 740 946
f 946 740 947
f 947 740 739
f 947 739 949
f 949 739 743
f 949 743 950
f 950 743 742
f 950 742 945
f 945 742 741
f 945 741 943
f 943 741 637
f 943 637 942
f 942 637 940
f 940 637 636
f 940 636 935
f 935 636 744
f 935 744 936
f 752 761 914
f 744 745 936
f 936 745 746
f 936 746 938
f 938 746 939
f 939 746 934
f 934 746 635
f 934 635 932
f 932 635 634
f 932 634 927
f 927 634 747
f 927 747 928
f 928 747 748
f 928 748 930
f 930 748 749
f 930 749 931
f 751 756 923
f 931 749 926
f 926 749 633
f 926 633 924
f 924 633 632
f 924 632 923
f 923 632 750
f 923 750 751
f 756 755 923
f 923 755 754
f 923 754 753
f 761 760 914
f 914 760 759
f 914 759 915
f 759 758 915
f 915 758 757
f 915 757 908
f 908 757 762
f 767 901 896
f 896 898 767
f 767 898 900
f 767 900 768
f 768 900 911
f 768 911 765
f 765 911 910
f 765 910 764
f 764 910 909
f 764 909 763
f 763 909 904
f 763 904 762
f 762 904 906
f 762 906 908
f 914 913 1367
f 1367 913 875
f 1367 875 874
f 874 916 1367
f 1367 916 918
f 1367 918 920
f 920 921 1367
f 1367 921 923
f 1367 923 914
f 914 923 753
f 914 753 752
f 767 766 901
f 901 766 769
f 901 769 902
f 902 769 770
f 902 770 903
f 903 770 771
f 903 771 894
f 894 771 772
f 775 881 776
f 776 881 880
f 776 880 777
f 777 880 892
f 777 892 774
f 774 892 878
f 774 878 773
f 773 878 877
f 773 877 772
f 772 877 895
f 772 895 894
f 1368 1369 775
f 775 1369 889
f 775 889 881
f 775 711 1368
f 1368 711 710
f 1368 710 1370
f 1370 710 712
f 1370 712 1371
f 1371 712 713
f 1371 713 1372
f 1372 713 714
f 1372 714 1373
f 714 715 1373
f 1373 715 716
f 1373 716 1331
f 1331 716 717
f 1331 717 719
f 594 598 788
f 788 598 1374
f 1374 598 599
f 1374 599 1375
f 599 603 1375
f 1375 603 602
f 1375 602 1376
f 1376 602 601
f 1376 601 1377
f 605 1378 604
f 604 1378 1377
f 604 1377 600
f 600 1377 601
f 605 609 1378
f 1378 609 608
f 1378 608 1379
f 1379 608 1380
f 1380 608 607
f 1380 607 1381
f 1381 607 1382
f 1382 607 606
f 1382 606 610
f 525 527 1383
f 610 611 1382
f 1382 611 612
f 1382 612 1384
f 1384 612 1385
f 1385 612 1386
f 1386 612 536
f 1386 536 1383
f 1383 536 541
f 1383 541 540
f 540 521 1383
f 1383 521 523
f 1383 523 525
f 514 1387 512
f 512 1387 1383
f 512 1383 510
f 510 1383 527
f 514 516 1387
f 1387 516 515
f 1387 515 504
f 504 505 1387
f 1387 505 507
f 1387 507 506
f 506 488 1387
f 1387 488 614
f 1387 614 1388
f 1388 614 613
f 1388 613 1389
f 1389 613 1390
f 1390 613 1391
f 1391 613 618
f 1391 618 617
f 617 616 1391
f 1391 616 615
f 1391 615 1392
f 1392 615 624
f 1392 624 1393
f 1393 624 623
f 1393 623 1394
f 1394 623 622
f 1394 622 1395
f 1395 622 1396
f 622 619 1396
f 1396 619 620
f 1396 620 1397
f 1397 620 621
f 1397 621 1398
f 1398 621 1399
f 621 628 1399
f 1399 628 627
f 1399 627 1400
f 1400 627 626
f 1400 626 1401
f 1401 626 625
f 1401 625 863
f 863 625 631
f 863 631 864
f 864 631 630
f 864 630 865
f 865 630 629
f 865 629 862
f 862 629 550
f 862 550 860
f 860 550 551
f 860 551 855
f 855 551 552
f 855 552 856
f 856 552 553
f 856 553 858
f 858 553 475
f 858 475 474
f 560 847 555
f 555 847 852
f 555 852 554
f 554 852 854
f 554 854 474
f 474 854 859
f 474 859 858
f 559 850 560
f 560 850 848
f 560 848 847
f 561 565 838
f 559 558 850
f 850 558 557
f 850 557 851
f 563 840 564
f 564 840 839
f 564 839 556
f 556 839 846
f 556 846 557
f 557 846 845
f 557 845 851
f 838 837 561
f 561 837 836
f 561 836 562
f 562 836 843
f 562 843 563
f 563 843 842
f 563 842 840
f 565 566 838
f 838 566 567
f 838 567 570
f 570 569 838
f 838 569 568
f 838 568 574
f 573 572 820
f 820 572 571
f 820 571 575
f 575 576 820
f 820 576 577
f 820 577 821
f 821 577 578
f 821 578 814
f 814 578 581
f 814 581 815
f 815 581 580
f 584 809 579
f 579 809 808
f 579 808 580
f 580 808 816
f 580 816 815
f 804 802 583
f 583 802 812
f 583 812 584
f 584 812 811
f 584 811 809
f 828 830 1402
f 1402 830 834
f 1402 834 833
f 1402 820 818
f 818 817 1402
f 1402 817 822
f 1402 822 824
f 824 825 1402
f 1402 825 827
f 1402 827 828
f 833 832 1402
f 1402 832 838
f 1402 838 820
f 820 838 574
f 820 574 573
f 583 582 804
f 804 582 585
f 804 585 805
f 805 585 586
f 805 586 806
f 806 586 587
f 594 788 595
f 595 788 789
f 595 789 596
f 596 789 790
f 596 790 597
f 597 790 792
f 597 792 593
f 593 792 800
f 593 800 592
f 592 800 799
f 592 799 589
f 589 799 798
f 589 798 590
f 590 798 793
f 590 793 591
f 591 793 795
f 591 795 588
f 588 795 797
f 588 797 587
f 587 797 807
f 587 807 806
f 1383 1403 1404
f 1352 1353 1405
f 1362 1406 1407
f 1406 1362 1363
f 956 955 962
f 958 957 1408
f 1408 957 956
f 871 1409 872
f 872 1409 1410
f 872 1410 953
f 1366 951 1411
f 1411 951 952
f 1366 1411 1365
f 1365 1411 1412
f 1365 1412 1364
f 1413 1358 1414
f 1414 1358 1359
f 1414 1359 1360
f 1415 1354 1416
f 1416 1354 1355
f 1416 1355 1356
f 1350 1417 1349
f 1349 1417 1348
f 1065 1345 1418
f 1418 1345 1346
f 1418 1346 1347
f 1419 1420 1421
f 1421 1420 1422
f 1421 1422 1423
f 1419 1424 1425
f 1425 1424 1426
f 1427 1404 1426
f 1403 1428 1404
f 1404 1428 1429
f 1404 1429 1426
f 1385 1386 1430
f 1430 1386 1383
f 1382 1384 1431
f 1431 1384 1385
f 1431 1385 1432
f 1380 1381 1433
f 1433 1381 1382
f 1433 1382 1434
f 1380 1435 1436
f 1377 1378 1436
f 1436 1378 1379
f 1436 1379 1380
f 1374 1375 1437
f 1437 1375 1376
f 1437 1376 1438
f 1438 1376 1377
f 1438 1377 1439
f 1440 783 1374
f 1374 783 782
f 1374 782 788
f 1441 786 1440
f 1440 786 787
f 1440 787 783
f 956 962 1408
f 1408 962 968
f 1408 968 1442
f 1442 968 967
f 1442 967 1443
f 1443 967 965
f 1443 965 1444
f 965 964 1444
f 1444 964 969
f 1444 969 1445
f 1445 969 971
f 1445 971 1446
f 971 972 1446
f 1446 972 974
f 1446 974 1447
f 1447 974 979
f 1447 979 1448
f 979 978 1448
f 1448 978 976
f 1448 976 1449
f 1449 976 975
f 1449 975 1450
f 975 980 1450
f 1450 980 982
f 1450 982 1451
f 1451 982 985
f 1451 985 1452
f 985 984 1452
f 1452 984 983
f 1452 983 1453
f 1453 983 1454
f 983 960 1454
f 1454 960 959
f 1454 959 986
f 988 1455 986
f 986 1455 1456
f 986 1456 1454
f 988 989 1455
f 1455 989 991
f 1455 991 1457
f 1457 991 994
f 1457 994 1458
f 1458 994 993
f 1458 993 1459
f 1459 993 999
f 1426 1424 1427
f 1427 1424 1460
f 1427 1460 1461
f 1461 1460 1462
f 1461 1462 1463
f 1463 1462 1464
f 1463 1464 1465
f 1465 1464 1466
f 1465 1466 1467
f 1467 1466 1468
f 1467 1468 1469
f 1469 1468 1470
f 1469 1470 1471
f 1471 1470 1472
f 1471 1472 1473
f 1473 1472 1474
f 1473 1474 1475
f 1475 1474 1476
f 1475 1476 1477
f 1477 1476 1478
f 1477 1478 1479
f 1479 1478 1480
f 1479 1480 1481
f 1481 1480 1482
f 1481 1482 1483
f 1483 1482 1417
f 1483 1417 1484
f 1484 1417 1350
f 1484 1350 1405
f 1405 1350 1351
f 1405 1351 1352
f 1419 1421 1424
f 1424 1421 1485
f 1424 1485 1460
f 1460 1485 1486
f 1460 1486 1462
f 1462 1486 1487
f 1462 1487 1464
f 1464 1487 1488
f 1464 1488 1466
f 1466 1488 1489
f 1466 1489 1468
f 1468 1489 1490
f 1468 1490 1470
f 1470 1490 1491
f 1470 1491 1472
f 1472 1491 1492
f 1472 1492 1474
f 1474 1492 1493
f 1474 1493 1476
f 1476 1493 1494
f 1476 1494 1478
f 1478 1494 1495
f 1478 1495 1480
f 1480 1495 1496
f 1480 1496 1482
f 1482 1496 1418
f 1482 1418 1417
f 1417 1418 1347
f 1417 1347 1348
f 1065 1418 1067
f 1067 1418 1496
f 1067 1496 1069
f 1069 1496 1495
f 1069 1495 1071
f 1071 1495 1494
f 1071 1494 1073
f 1073 1494 1493
f 1073 1493 1084
f 1084 1493 1492
f 1084 1492 1083
f 1083 1492 1491
f 1083 1491 1081
f 1081 1491 1490
f 1081 1490 1079
f 1079 1490 1489
f 1079 1489 1077
f 1077 1489 1488
f 1077 1488 1063
f 1063 1488 1487
f 1063 1487 1061
f 1061 1487 1486
f 1061 1486 1059
f 1059 1486 1485
f 1059 1485 1057
f 1057 1485 1421
f 1057 1421 1055
f 1055 1421 1423
f 1055 1423 1053
f 1385 1430 1432
f 1432 1430 1497
f 1432 1497 1498
f 1498 1497 1499
f 1498 1499 1500
f 1500 1499 1501
f 1500 1501 1502
f 1502 1501 1503
f 1502 1503 1504
f 1504 1503 1505
f 1504 1505 1506
f 1506 1505 1507
f 1506 1507 1508
f 1508 1507 1509
f 1508 1509 1510
f 1510 1509 1511
f 1510 1511 1512
f 1512 1511 1513
f 1512 1513 1514
f 1514 1513 1515
f 1514 1515 1516
f 1516 1515 1517
f 1516 1517 1518
f 1518 1517 1519
f 1518 1519 1520
f 1520 1519 1521
f 1520 1521 1522
f 1522 1521 1523
f 1522 1523 1524
f 1524 1523 1415
f 1524 1415 1525
f 1525 1415 1416
f 1525 1416 1413
f 1413 1416 1356
f 1413 1356 1358
f 1383 1404 1430
f 1430 1404 1427
f 1430 1427 1497
f 1497 1427 1461
f 1497 1461 1499
f 1499 1461 1463
f 1499 1463 1501
f 1501 1463 1465
f 1501 1465 1503
f 1503 1465 1467
f 1503 1467 1505
f 1505 1467 1469
f 1505 1469 1507
f 1507 1469 1471
f 1507 1471 1509
f 1509 1471 1473
f 1509 1473 1511
f 1511 1473 1475
f 1511 1475 1513
f 1513 1475 1477
f 1513 1477 1515
f 1515 1477 1479
f 1515 1479 1517
f 1517 1479 1481
f 1517 1481 1519
f 1519 1481 1483
f 1519 1483 1521
f 1521 1483 1484
f 1521 1484 1523
f 1523 1484 1405
f 1523 1405 1415
f 1415 1405 1353
f 1415 1353 1354
f 999 998 1459
f 1459 998 996
f 1459 996 1526
f 1526 996 1527
f 1382 1431 1434
f 1434 1431 1432
f 1434 1432 1528
f 1528 1432 1498
f 1528 1498 1529
f 1529 1498 1500
f 1529 1500 1530
f 1530 1500 1502
f 1530 1502 1531
f 1531 1502 1504
f 1531 1504 1532
f 1532 1504 1506
f 1532 1506 1533
f 1533 1506 1508
f 1533 1508 1534
f 1534 1508 1510
f 1534 1510 1535
f 1535 1510 1512
f 1535 1512 1536
f 1536 1512 1514
f 1536 1514 1537
f 1537 1514 1516
f 1537 1516 1538
f 1538 1516 1518
f 1538 1518 1539
f 1539 1518 1520
f 1539 1520 1540
f 1540 1520 1522
f 1540 1522 1541
f 1541 1522 1524
f 1541 1524 1542
f 1542 1524 1525
f 1542 1525 1543
f 1543 1525 1413
f 1543 1413 1544
f 1544 1413 1414
f 1544 1414 1545
f 1545 1414 1360
f 1545 1360 1407
f 1407 1360 1361
f 1407 1361 1362
f 996 995 1527
f 1527 995 1002
f 1527 1002 1001
f 1380 1433 1435
f 1435 1433 1434
f 1435 1434 1546
f 1546 1434 1528
f 1546 1528 1547
f 1547 1528 1529
f 1547 1529 1548
f 1548 1529 1530
f 1548 1530 1549
f 1549 1530 1531
f 1549 1531 1550
f 1550 1531 1532
f 1550 1532 1551
f 1551 1532 1533
f 1551 1533 1552
f 1552 1533 1534
f 1552 1534 1553
f 1553 1534 1535
f 1553 1535 1554
f 1554 1535 1536
f 1554 1536 1555
f 1555 1536 1537
f 1555 1537 1556
f 1556 1537 1538
f 1556 1538 1557
f 1557 1538 1539
f 1557 1539 1558
f 1558 1539 1540
f 1558 1540 1559
f 1559 1540 1541
f 1559 1541 1560
f 1560 1541 1542
f 1560 1542 1561
f 1561 1542 1543
f 1561 1543 1562
f 1562 1543 1544
f 1562 1544 1563
f 1563 1544 1545
f 1563 1545 1564
f 1564 1545 1407
f 1564 1407 1565
f 1565 1407 1406
f 1565 1406 1412
f 1412 1406 1363
f 1412 1363 1364
f 1005 1566 1001
f 1001 1566 1567
f 1001 1567 1527
f 1377 1436 1439
f 1439 1436 1435
f 1439 1435 1568
f 1568 1435 1546
f 1568 1546 1569
f 1569 1546 1547
f 1569 1547 1570
f 1570 1547 1548
f 1570 1548 1571
f 1571 1548 1549
f 1571 1549 1572
f 1572 1549 1550
f 1572 1550 1573
f 1573 1550 1551
f 1573 1551 1574
f 1574 1551 1552
f 1574 1552 1575
f 1575 1552 1553
f 1575 1553 1576
f 1576 1553 1554
f 1576 1554 1577
f 1577 1554 1555
f 1577 1555 1578
f 1578 1555 1556
f 1578 1556 1579
f 1579 1556 1557
f 1579 1557 1580
f 1580 1557 1558
f 1580 1558 1581
f 1581 1558 1559
f 1581 1559 1582
f 1582 1559 1560
f 1582 1560 1583
f 1583 1560 1561
f 1583 1561 1584
f 1584 1561 1562
f 1584 1562 1585
f 1585 1562 1563
f 1585 1563 1586
f 1586 1563 1564
f 1586 1564 1587
f 1587 1564 1565
f 1587 1565 1588
f 1588 1565 1412
f 1588 1412 1409
f 1409 1412 1411
f 1409 1411 1410
f 1410 1411 952
f 1410 952 953
f 1005 1004 1566
f 1566 1004 1003
f 1566 1003 1441
f 1441 1003 784
f 1441 784 786
f 1374 1437 1440
f 1440 1437 1438
f 1440 1438 1441
f 1441 1438 1439
f 1441 1439 1566
f 1566 1439 1568
f 1566 1568 1567
f 1567 1568 1569
f 1567 1569 1527
f 1527 1569 1570
f 1527 1570 1526
f 1526 1570 1571
f 1526 1571 1459
f 1459 1571 1572
f 1459 1572 1458
f 1458 1572 1573
f 1458 1573 1457
f 1457 1573 1574
f 1457 1574 1455
f 1455 1574 1575
f 1455 1575 1456
f 1456 1575 1576
f 1456 1576 1454
f 1454 1576 1577
f 1454 1577 1453
f 1453 1577 1578
f 1453 1578 1452
f 1452 1578 1579
f 1452 1579 1451
f 1451 1579 1580
f 1451 1580 1450
f 1450 1580 1581
f 1450 1581 1449
f 1449 1581 1582
f 1449 1582 1448
f 1448 1582 1583
f 1448 1583 1447
f 1447 1583 1584
f 1447 1584 1446
f 1446 1584 1585
f 1446 1585 1445
f 1445 1585 1586
f 1445 1586 1444
f 1444 1586 1587
f 1444 1587 1443
f 1443 1587 1588
f 1443 1588 1442
f 1442 1588 1409
f 1442 1409 1408
f 1408 1409 871
f 1408 871 958
f 1332 1333 1589
f 1336 1337 1590
f 1344 1343 1591
f 1390 1391 1592
f 1393 1394 1593
f 1400 1594 1595
f 868 867 1009
f 887 888 1596
f 889 1369 890
f 890 1369 1597
f 890 1597 891
f 887 1596 885
f 870 869 1598
f 1598 869 868
f 1598 868 1599
f 1594 779 778
f 1400 1401 1594
f 1594 1401 863
f 1594 863 779
f 1398 1600 1397
f 1397 1600 1396
f 1601 1387 1602
f 1602 1387 1388
f 1602 1388 1389
f 1603 1604 1605
f 1605 1604 1606
f 1054 1607 1608
f 1608 1607 1609
f 1608 1609 1610
f 1343 1342 1591
f 1591 1342 1341
f 1591 1341 1340
f 1337 1338 1590
f 1590 1338 1339
f 1590 1339 1344
f 1336 1611 1335
f 1335 1611 1612
f 1335 1612 1334
f 1613 1333 1334
f 1589 1333 1614
f 1332 1589 1331
f 1331 1589 1615
f 1331 1615 1373
f 1371 1372 1616
f 1616 1372 1373
f 1616 1373 1617
f 1369 1368 1618
f 1618 1368 1370
f 1618 1370 1619
f 1619 1370 1371
f 1619 1371 1620
f 868 1009 1599
f 1599 1009 1011
f 1599 1011 1621
f 1621 1011 1012
f 1621 1012 1622
f 1622 1012 1013
f 1622 1013 1623
f 1013 1015 1623
f 1623 1015 1018
f 1623 1018 1017
f 1023 1624 1017
f 1017 1624 1625
f 1017 1625 1623
f 1023 1022 1624
f 1624 1022 1021
f 1624 1021 1626
f 1626 1021 1627
f 1021 1020 1627
f 1627 1020 1026
f 1627 1026 1025
f 1031 1628 1025
f 1025 1628 1629
f 1025 1629 1627
f 1031 1030 1628
f 1628 1030 1029
f 1628 1029 1630
f 1630 1029 1028
f 1630 1028 1631
f 1631 1028 1034
f 1631 1034 1632
f 1632 1034 1033
f 1632 1033 1032
f 1007 1633 1032
f 1032 1633 1634
f 1032 1634 1632
f 1007 1006 1633
f 1633 1006 1035
f 1633 1035 1635
f 1635 1035 1037
f 1635 1037 1636
f 1636 1037 1038
f 1636 1038 1637
f 1038 1040 1637
f 1637 1040 1045
f 1637 1045 1044
f 1336 1590 1611
f 1611 1590 1638
f 1611 1638 1639
f 1639 1638 1640
f 1639 1640 1641
f 1641 1640 1642
f 1641 1642 1643
f 1643 1642 1644
f 1643 1644 1645
f 1645 1644 1646
f 1645 1646 1647
f 1647 1646 1648
f 1647 1648 1649
f 1649 1648 1650
f 1649 1650 1651
f 1651 1650 1652
f 1651 1652 1653
f 1653 1652 1654
f 1653 1654 1655
f 1655 1654 1656
f 1655 1656 1657
f 1657 1656 1658
f 1657 1658 1659
f 1659 1658 1660
f 1659 1660 1661
f 1661 1660 1662
f 1661 1662 1663
f 1663 1662 1664
f 1663 1664 1604
f 1604 1664 1665
f 1604 1665 1606
f 1344 1591 1590
f 1590 1591 1666
f 1590 1666 1638
f 1638 1666 1667
f 1638 1667 1640
f 1640 1667 1668
f 1640 1668 1642
f 1642 1668 1669
f 1642 1669 1644
f 1644 1669 1670
f 1644 1670 1646
f 1646 1670 1671
f 1646 1671 1648
f 1648 1671 1672
f 1648 1672 1650
f 1650 1672 1673
f 1650 1673 1652
f 1652 1673 1674
f 1652 1674 1654
f 1654 1674 1675
f 1654 1675 1656
f 1656 1675 1676
f 1656 1676 1658
f 1658 1676 1677
f 1658 1677 1660
f 1660 1677 1608
f 1660 1608 1662
f 1662 1608 1610
f 1662 1610 1664
f 1664 1610 1678
f 1664 1678 1665
f 1054 1608 1056
f 1056 1608 1677
f 1056 1677 1058
f 1058 1677 1676
f 1058 1676 1060
f 1060 1676 1675
f 1060 1675 1062
f 1062 1675 1674
f 1062 1674 1075
f 1075 1674 1673
f 1075 1673 1076
f 1076 1673 1672
f 1076 1672 1078
f 1078 1672 1671
f 1078 1671 1080
f 1080 1671 1670
f 1080 1670 1082
f 1082 1670 1669
f 1082 1669 1074
f 1074 1669 1668
f 1074 1668 1072
f 1072 1668 1667
f 1072 1667 1070
f 1070 1667 1666
f 1070 1666 1068
f 1068 1666 1591
f 1068 1591 1066
f 1066 1591 1340
f 1066 1340 1064
f 1042 1679 1044
f 1044 1679 1680
f 1044 1680 1637
f 1333 1613 1614
f 1614 1613 1681
f 1614 1681 1682
f 1682 1681 1683
f 1682 1683 1684
f 1684 1683 1685
f 1684 1685 1686
f 1686 1685 1687
f 1686 1687 1688
f 1688 1687 1689
f 1688 1689 1690
f 1690 1689 1691
f 1690 1691 1692
f 1692 1691 1693
f 1692 1693 1694
f 1694 1693 1695
f 1694 1695 1696
f 1696 1695 1697
f 1696 1697 1698
f 1698 1697 1699
f 1698 1699 1700
f 1700 1699 1701
f 1700 1701 1702
f 1702 1701 1703
f 1702 1703 1704
f 1704 1703 1705
f 1704 1705 1706
f 1706 1705 1707
f 1706 1707 1708
f 1708 1707 1601
f 1708 1601 1709
f 1709 1601 1602
f 1709 1602 1592
f 1592 1602 1389
f 1592 1389 1390
f 1334 1612 1613
f 1613 1612 1611
f 1613 1611 1681
f 1681 1611 1639
f 1681 1639 1683
f 1683 1639 1641
f 1683 1641 1685
f 1685 1641 1643
f 1685 1643 1687
f 1687 1643 1645
f 1687 1645 1689
f 1689 1645 1647
f 1689 1647 1691
f 1691 1647 1649
f 1691 1649 1693
f 1693 1649 1651
f 1693 1651 1695
f 1695 1651 1653
f 1695 1653 1697
f 1697 1653 1655
f 1697 1655 1699
f 1699 1655 1657
f 1699 1657 1701
f 1701 1657 1659
f 1701 1659 1703
f 1703 1659 1661
f 1703 1661 1705
f 1705 1661 1663
f 1705 1663 1707
f 1707 1663 1604
f 1707 1604 1601
f 1601 1604 1603
f 1601 1603 1387
f 1042 1041 1679
f 1679 1041 1046
f 1679 1046 1710
f 1710 1046 1048
f 1710 1048 1711
f 1373 1615 1617
f 1617 1615 1589
f 1617 1589 1712
f 1712 1589 1614
f 1712 1614 1713
f 1713 1614 1682
f 1713 1682 1714
f 1714 1682 1684
f 1714 1684 1715
f 1715 1684 1686
f 1715 1686 1716
f 1716 1686 1688
f 1716 1688 1717
f 1717 1688 1690
f 1717 1690 1718
f 1718 1690 1692
f 1718 1692 1719
f 1719 1692 1694
f 1719 1694 1720
f 1720 1694 1696
f 1720 1696 1721
f 1721 1696 1698
f 1721 1698 1722
f 1722 1698 1700
f 1722 1700 1723
f 1723 1700 1702
f 1723 1702 1724
f 1724 1702 1704
f 1724 1704 1725
f 1725 1704 1706
f 1725 1706 1726
f 1726 1706 1708
f 1726 1708 1727
f 1727 1708 1709
f 1727 1709 1728
f 1728 1709 1592
f 1728 1592 1729
f 1729 1592 1391
f 1729 1391 1593
f 1593 1391 1392
f 1593 1392 1393
f 1371 1616 1620
f 1620 1616 1617
f 1620 1617 1730
f 1730 1617 1712
f 1730 1712 1731
f 1731 1712 1713
f 1731 1713 1732
f 1732 1713 1714
f 1732 1714 1733
f 1733 1714 1715
f 1733 1715 1734
f 1734 1715 1716
f 1734 1716 1735
f 1735 1716 1717
f 1735 1717 1736
f 1736 1717 1718
f 1736 1718 1737
f 1737 1718 1719
f 1737 1719 1738
f 1738 1719 1720
f 1738 1720 1739
f 1739 1720 1721
f 1739 1721 1740
f 1740 1721 1722
f 1740 1722 1741
f 1741 1722 1723
f 1741 1723 1742
f 1742 1723 1724
f 1742 1724 1743
f 1743 1724 1725
f 1743 1725 1744
f 1744 1725 1726
f 1744 1726 1745
f 1745 1726 1727
f 1745 1727 1746
f 1746 1727 1728
f 1746 1728 1747
f 1747 1728 1729
f 1747 1729 1748
f 1748 1729 1593
f 1748 1593 1749
f 1749 1593 1394
f 1749 1394 1600
f 1600 1394 1395
f 1600 1395 1396
f 1048 1049 1711
f 1711 1049 1051
f 1711 1051 1750
f 1750 1051 1052
f 1750 1052 1596
f 1596 1052 883
f 1596 883 885
f 891 1597 888
f 888 1597 1751
f 888 1751 1596
f 1596 1751 1752
f 1596 1752 1750
f 1750 1752 1753
f 1750 1753 1711
f 1711 1753 1754
f 1711 1754 1710
f 1710 1754 1755
f 1710 1755 1679
f 1679 1755 1756
f 1679 1756 1680
f 1680 1756 1757
f 1680 1757 1637
f 1637 1757 1758
f 1637 1758 1636
f 1636 1758 1759
f 1636 1759 1635
f 1635 1759 1760
f 1635 1760 1633
f 1633 1760 1761
f 1633 1761 1634
f 1634 1761 1762
f 1634 1762 1632
f 1632 1762 1763
f 1632 1763 1631
f 1631 1763 1764
f 1631 1764 1630
f 1630 1764 1765
f 1630 1765 1628
f 1628 1765 1766
f 1628 1766 1629
f 1629 1766 1767
f 1629 1767 1627
f 1627 1767 1768
f 1627 1768 1626
f 1626 1768 1769
f 1626 1769 1624
f 1624 1769 1770
f 1624 1770 1625
f 1625 1770 1771
f 1625 1771 1623
f 1623 1771 1772
f 1623 1772 1622
f 1622 1772 1773
f 1622 1773 1621
f 1621 1773 1595
f 1621 1595 1599
f 1599 1595 1594
f 1599 1594 1598
f 1598 1594 778
f 1598 778 870
f 1369 1618 1597
f 1597 1618 1619
f 1597 1619 1751
f 1751 1619 1620
f 1751 1620 1752
f 1752 1620 1730
f 1752 1730 1753
f 1753 1730 1731
f 1753 1731 1754
f 1754 1731 1732
f 1754 1732 1755
f 1755 1732 1733
f 1755 1733 1756
f 1756 1733 1734
f 1756 1734 1757
f 1757 1734 1735
f 1757 1735 1758
f 1758 1735 1736
f 1758 1736 1759
f 1759 1736 1737
f 1759 1737 1760
f 1760 1737 1738
f 1760 1738 1761
f 1761 1738 1739
f 1761 1739 1762
f 1762 1739 1740
f 1762 1740 1763
f 1763 1740 1741
f 1763 1741 1764
f 1764 1741 1742
f 1764 1742 1765
f 1765 1742 1743
f 1765 1743 1766
f 1766 1743 1744
f 1766 1744 1767
f 1767 1744 1745
f 1767 1745 1768
f 1768 1745 1746
f 1768 1746 1769
f 1769 1746 1747
f 1769 1747 1770
f 1770 1747 1748
f 1770 1748 1771
f 1771 1748 1749
f 1771 1749 1772
f 1772 1749 1600
f 1772 1600 1773
f 1773 1600 1398
f 1773 1398 1595
f 1595 1398 1399
f 1595 1399 1400
f 1054 1053 1607
f 1607 1053 1423
f 1607 1423 1609
f 1609 1423 1422
f 1422 1420 1609
f 1609 1420 1419
f 1609 1419 1610
f 1610 1419 1678
f 1419 1425 1678
f 1678 1425 1426
f 1678 1426 1665
f 1665 1426 1429
f 1665 1429 1606
f 1383 1387 1403
f 1403 1387 1603
f 1403 1603 1605
f 1606 1429 1605
f 1605 1429 1428
f 1605 1428 1403
f 642 480 479
f 480 642 481
f 481 642 641
f 481 641 544
f 544 641 640
f 544 640 545
f 545 640 650
f 545 650 546
f 650 649 546
f 546 649 648
f 546 648 542
f 542 648 647
f 542 647 543
f 543 647 646
f 543 646 547
f 547 646 548
f 548 646 658
f 548 658 549
f 549 658 530
f 530 658 657
f 530 657 531
f 657 656 531
f 531 656 655
f 531 655 532
f 532 655 654
f 532 654 533
f 533 654 534
f 534 654 652
f 534 652 535
f 652 651 535
f 535 651 667
f 535 667 537
f 537 667 666
f 537 666 538
f 538 666 664
f 538 664 539
f 539 664 663
f 539 663 519
f 519 663 660
f 519 660 520
f 520 660 659
f 520 659 522
f 522 659 662
f 522 662 524
f 524 662 677
f 524 677 526
f 526 677 679
f 526 679 528
f 528 679 529
f 529 679 680
f 529 680 511
f 511 680 673
f 511 673 513
f 513 673 672
f 513 672 518
f 518 672 670
f 518 670 517
f 670 669 517
f 517 669 681
f 517 681 502
f 502 681 683
f 502 683 503
f 503 683 685
f 503 685 509
f 687 489 685
f 685 489 508
f 685 508 509
f 687 701 489
f 489 701 700
f 489 700 486
f 486 700 699
f 486 699 487
f 487 699 695
f 487 695 490
f 490 695 697
f 490 697 491
f 491 697 698
f 491 698 492
f 492 698 493
f 493 698 694
f 493 694 494
f 694 693 494
f 494 693 692
f 494 692 495
f 495 692 691
f 495 691 496
f 496 691 497
f 497 691 690
f 497 690 498
f 690 689 498
f 498 689 688
f 498 688 499
f 499 688 709
f 499 709 500
f 500 709 708
f 500 708 501
f 501 708 482
f 705 483 706
f 706 483 482
f 706 482 707
f 707 482 708
f 703 645 478
f 478 645 644
f 478 644 479
f 479 644 643
f 479 643 642
f 478 477 703
f 703 477 476
f 703 476 704
f 704 476 485
f 704 485 705
f 705 485 484
f 705 484 483
f 1253 378 1242
f 1242 378 376
f 1242 376 1243
f 1243 376 374
f 1243 374 1244
f 1244 374 408
f 1244 408 1245
f 1245 408 407
f 1245 407 1254
f 1254 407 406
f 1254 406 1255
f 1255 406 337
f 1255 337 1232
f 1232 337 372
f 1232 372 1233
f 1233 372 373
f 1233 373 1234
f 1234 373 396
f 1234 396 1235
f 1235 396 437
f 1235 437 1228
f 1228 437 439
f 1228 439 1227
f 1227 439 441
f 1227 441 1226
f 1226 441 443
f 1226 443 1236
f 1236 443 448
f 1236 448 1237
f 1237 448 429
f 1237 429 1238
f 1238 429 427
f 1238 427 1246
f 1246 427 425
f 1246 425 1247
f 1247 425 423
f 1247 423 1223
f 1223 423 421
f 1223 421 1219
f 1219 421 419
f 1219 419 1220
f 1220 419 417
f 1220 417 1224
f 1224 417 416
f 1224 416 1225
f 1225 416 404
f 1225 404 1221
f 1221 404 402
f 1221 402 1222
f 1222 402 400
f 1222 400 1229
f 1229 400 399
f 1229 399 1230
f 1230 399 368
f 1230 368 1231
f 1231 368 367
f 1231 367 1239
f 1239 367 351
f 1239 351 1240
f 1240 351 349
f 1240 349 1241
f 1241 349 348
f 1241 348 1248
f 1248 348 334
f 1248 334 1249
f 1249 334 332
f 1249 332 1250
f 1250 332 383
f 1250 383 1251
f 1251 383 382
f 1251 382 1252
f 1252 382 380
f 1252 380 1253
f 1253 380 378
f 1290 359 1291
f 1291 359 361
f 1291 361 1292
f 1292 361 363
f 1292 363 1256
f 1256 363 365
f 1256 365 1257
f 1257 365 366
f 1257 366 1258
f 1258 366 329
f 1258 329 1259
f 1259 329 327
f 1259 327 1263
f 1263 327 344
f 1263 344 1264
f 1264 344 343
f 1264 343 1265
f 1265 343 341
f 1265 341 1262
f 1262 341 347
f 1262 347 1261
f 1261 347 346
f 1261 346 1260
f 1260 346 470
f 1260 470 1266
f 1266 470 469
f 1266 469 1267
f 1267 469 467
f 1267 467 1268
f 1268 467 465
f 1268 465 1278
f 1278 465 464
f 1278 464 1279
f 1279 464 455
f 1279 455 1280
f 1280 455 454
f 1280 454 1269
f 1269 454 473
f 1269 473 1270
f 1270 473 472
f 1270 472 1271
f 1271 472 471
f 1271 471 1272
f 1272 471 456
f 1272 456 1273
f 1273 456 458
f 1273 458 1274
f 1274 458 411
f 1274 411 1275
f 1275 411 413
f 1275 413 1281
f 1281 413 415
f 1281 415 1282
f 1282 415 436
f 1282 436 1283
f 1283 436 435
f 1283 435 1284
f 1284 435 433
f 1284 433 1285
f 1285 433 431
f 1285 431 1286
f 1286 431 390
f 1286 390 1276
f 1276 390 392
f 1276 392 1277
f 1277 392 393
f 1277 393 1287
f 1287 393 353
f 1287 353 1288
f 1288 353 355
f 1288 355 1289
f 1289 355 357
f 1289 357 1290
f 1290 357 359
f 1170 387 1171
f 1171 387 386
f 1171 386 1172
f 1172 386 385
f 1172 385 1165
f 1165 385 384
f 1165 384 1166
f 1166 384 391
f 1166 391 1191
f 1191 391 389
f 1191 389 1192
f 1192 389 388
f 1192 388 1193
f 1193 388 430
f 1193 430 1194
f 1194 430 432
f 1194 432 1195
f 1195 432 434
f 1195 434 1196
f 1196 434 414
f 1196 414 1186
f 1186 414 412
f 1186 412 1187
f 1187 412 410
f 1187 410 1188
f 1188 410 409
f 1188 409 1189
f 1189 409 460
f 1189 460 1190
f 1190 460 459
f 1190 459 1160
f 1160 459 457
f 1160 457 1159
f 1159 457 463
f 1159 463 1158
f 1158 463 462
f 1158 462 1157
f 1157 462 453
f 1157 453 1156
f 1156 453 452
f 1156 452 1175
f 1175 452 451
f 1175 451 1176
f 1176 451 446
f 1176 446 1177
f 1177 446 445
f 1177 445 1173
f 1173 445 444
f 1173 444 1174
f 1174 444 442
f 1174 442 1180
f 1180 442 440
f 1180 440 1181
f 1181 440 438
f 1181 438 1182
f 1182 438 395
f 1182 395 1178
f 1178 395 394
f 1178 394 1179
f 1179 394 371
f 1179 371 1183
f 1183 371 370
f 1183 370 1184
f 1184 370 336
f 1184 336 1185
f 1185 336 338
f 1185 338 1167
f 1167 338 339
f 1167 339 1168
f 1168 339 398
f 1168 398 1169
f 1169 398 397
f 1169 397 1170
f 1170 397 387
f 1324 252 1325
f 1325 252 254
f 1325 254 1326
f 1326 254 256
f 1326 256 1327
f 1327 256 257
f 1327 257 1328
f 1328 257 317
f 1328 317 1329
f 1329 317 212
f 1329 212 1296
f 1296 212 247
f 1296 247 1297
f 1297 247 194
f 1297 194 1300
f 1300 194 246
f 1300 246 1301
f 1301 246 245
f 1301 245 1302
f 1302 245 243
f 1302 243 1298
f 1298 243 242
f 1298 242 1299
f 1299 242 241
f 1299 241 1303
f 1303 241 240
f 1303 240 1304
f 1304 240 239
f 1304 239 1305
f 1305 239 208
f 1305 208 1306
f 1306 208 207
f 1306 207 1307
f 1307 207 290
f 1307 290 1308
f 1308 290 289
f 1308 289 1315
f 1315 289 288
f 1315 288 1316
f 1316 288 277
f 1316 277 1317
f 1317 277 276
f 1317 276 1309
f 1309 276 274
f 1309 274 1310
f 1310 274 273
f 1310 273 1311
f 1311 273 287
f 1311 287 1312
f 1312 287 286
f 1312 286 1313
f 1313 286 285
f 1313 285 1314
f 1314 285 271
f 1314 271 1295
f 1295 271 270
f 1295 270 1294
f 1294 270 192
f 1294 192 1293
f 1293 192 183
f 1293 183 1318
f 1318 183 182
f 1318 182 1319
f 1319 182 234
f 1319 234 1320
f 1320 234 236
f 1320 236 1321
f 1321 236 238
f 1321 238 1322
f 1322 238 248
f 1322 248 1323
f 1323 248 250
f 1323 250 1324
f 1324 250 252
f 1140 262 1141
f 1141 262 264
f 1141 264 1142
f 1142 264 266
f 1142 266 1131
f 1131 266 268
f 1131 268 1130
f 1130 268 269
f 1130 269 1129
f 1129 269 216
f 1129 216 1132
f 1132 216 214
f 1132 214 1133
f 1133 214 213
f 1133 213 1119
f 1119 213 200
f 1119 200 1126
f 1126 200 198
f 1126 198 1127
f 1127 198 197
f 1127 197 1128
f 1128 197 187
f 1128 187 1108
f 1108 187 186
f 1108 186 1109
f 1109 186 278
f 1109 278 1110
f 1110 278 280
f 1110 280 1111
f 1111 280 282
f 1111 282 1112
f 1112 282 284
f 1112 284 1120
f 1120 284 308
f 1120 308 1121
f 1121 308 310
f 1121 310 1122
f 1122 310 312
f 1122 312 1113
f 1113 312 314
f 1113 314 1105
f 1105 314 316
f 1105 316 1106
f 1106 316 323
f 1106 323 1114
f 1114 323 324
f 1114 324 1115
f 1115 324 325
f 1115 325 1116
f 1116 325 179
f 1116 179 1123
f 1123 179 178
f 1123 178 1124
f 1124 178 230
f 1124 230 1125
f 1125 230 229
f 1125 229 1117
f 1117 229 227
f 1117 227 1118
f 1118 227 225
f 1118 225 1134
f 1134 225 223
f 1134 223 1135
f 1135 223 222
f 1135 222 1136
f 1136 222 220
f 1136 220 1137
f 1137 220 219
f 1137 219 1138
f 1138 219 258
f 1138 258 1139
f 1139 258 260
f 1139 260 1140
f 1140 260 262
f 1103 233 1104
f 1104 233 232
f 1104 232 1096
f 1096 232 231
f 1096 231 1097
f 1097 231 203
f 1097 203 1098
f 1098 203 202
f 1098 202 1213
f 1213 202 221
f 1213 221 1214
f 1214 221 218
f 1214 218 1215
f 1215 218 224
f 1215 224 1216
f 1216 224 226
f 1216 226 1217
f 1217 226 228
f 1217 228 1218
f 1218 228 180
f 1218 180 1208
f 1208 180 181
f 1208 181 1209
f 1209 181 206
f 1209 206 1210
f 1210 206 205
f 1210 205 1211
f 1211 205 190
f 1211 190 1212
f 1212 190 189
f 1212 189 1147
f 1147 189 320
f 1147 320 1146
f 1146 320 319
f 1146 319 1145
f 1145 319 292
f 1145 292 1144
f 1144 292 291
f 1144 291 1143
f 1143 291 307
f 1143 307 1199
f 1199 307 306
f 1199 306 1200
f 1200 306 304
f 1200 304 1201
f 1201 304 302
f 1201 302 1197
f 1197 302 300
f 1197 300 1198
f 1198 300 298
f 1198 298 1202
f 1202 298 297
f 1202 297 1203
f 1203 297 209
f 1203 209 1204
f 1204 209 244
f 1204 244 1205
f 1205 244 196
f 1205 196 1206
f 1206 196 195
f 1206 195 1207
f 1207 195 211
f 1207 211 1094
f 1094 211 210
f 1094 210 1095
f 1095 210 318
f 1095 318 1100
f 1100 318 296
f 1100 296 1101
f 1101 296 295
f 1101 295 1102
f 1102 295 294
f 1102 294 1103
f 1103 294 233
