# component mesh in local component coordinates
v -25.5 5.29995489 -2.25
v -28.5 5.40207958 -2.24301434
v -25.5 5.40207958 -2.24301434
v -28.5 5.50230217 -2.222188
v -25.5 5.50230217 -2.222188
v -28.5 5.59875536 -2.18790817
v -25.5 5.59875536 -2.18790817
v -28.5 5.68964243 -2.14081478
v -25.5 5.68964243 -2.14081478
v -28.5 5.77327061 -2.08178329
v -25.5 5.77327061 -2.08178329
v -28.5 5.84808159 -2.01191521
v -25.5 5.84808159 -2.01191521
v -28.5 5.91268206 -1.93251038
v -25.5 5.91268206 -1.93251038
v -28.5 5.96586847 -1.8450489
v -25.5 5.96586847 -1.8450489
v -28.5 6.00664997 -1.75115967
v -25.5 6.00664997 -1.75115967
v -28.5 6.03426743 -1.65259171
v -25.5 6.03426743 -1.65259171
v -28.5 6.04820633 -1.55118179
v -25.5 6.04820633 -1.55118179
v -28.5 6.04820633 -1.44881821
v -25.5 6.04820633 -1.44881821
v -28.5 6.03426743 -1.34740829
v -25.5 6.03426743 -1.34740829
v -28.5 6.00664997 -1.24884033
v -25.5 6.00664997 -1.24884033
v -28.5 5.96586847 -1.1549511
v -25.5 5.96586847 -1.1549511
v -28.5 5.91268206 -1.06748962
v -25.5 5.91268206 -1.06748962
v -28.5 5.84808159 -0.988085747
v -25.5 5.84808159 -0.988085747
v -28.5 5.77327061 -0.918216705
v -25.5 5.77327061 -0.918216705
v -28.5 5.68964243 -0.859185219
v -25.5 5.68964243 -0.859185219
v -28.5 5.59875536 -0.812091827
v -25.5 5.59875536 -0.812091827
v -28.5 5.50230217 -0.777812004
v -25.5 5.50230217 -0.777812004
v -28.5 5.40207958 -0.756985664
v -25.5 5.40207958 -0.756985664
v -28.5 5.29995489 -0.75
v -25.5 5.29995489 -0.75
v -28.5 5.19782972 -0.756985664
v -25.5 5.19782972 -0.756985664
v -28.5 5.09760714 -0.777812004
v -25.5 5.09760714 -0.777812004
v -28.5 5.00115395 -0.812091827
v -25.5 5.00115395 -0.812091827
v -28.5 4.9102664 -0.859185219
v -25.5 4.9102664 -0.859185219
v -28.5 4.8266387 -0.918216705
v -25.5 4.8266387 -0.918216705
v -28.5 4.75182772 -0.988085747
v -25.5 4.75182772 -0.988085747
v -28.5 4.68722725 -1.06748962
v -25.5 4.68722725 -1.06748962
v -28.5 4.63404083 -1.1549511
v -25.5 4.63404083 -1.1549511
v -28.5 4.59325933 -1.24884033
v -25.5 4.59325933 -1.24884033
v -28.5 4.56564188 -1.34740829
v -25.5 4.56564188 -1.34740829
v -28.5 4.55170298 -1.44881821
v -25.5 4.55170298 -1.44881821
v -28.5 4.55170298 -1.55118179
v -25.5 4.55170298 -1.55118179
v -28.5 4.56564188 -1.65259171
v -25.5 4.56564188 -1.65259171
v -28.5 4.59325933 -1.75115967
v -25.5 4.59325933 -1.75115967
v -28.5 4.63404083 -1.8450489
v -25.5 4.63404083 -1.8450489
v -28.5 4.68722725 -1.93251038
v -25.5 4.68722725 -1.93251038
v -28.5 4.75182772 -2.01191521
v -25.5 4.75182772 -2.01191521
v -28.5 4.8266387 -2.08178329
v -25.5 4.8266387 -2.08178329
v -28.5 4.9102664 -2.14081478
v -25.5 4.9102664 -2.14081478
v -28.5 5.00115395 -2.18790817
v -25.5 5.00115395 -2.18790817
v -28.5 5.09760714 -2.222188
v -25.5 5.09760714 -2.222188
v -28.5 5.19782972 -2.24301434
v -25.5 5.19782972 -2.24301434
v -28.5 5.29995489 -2.25
v -28.5 5.29995489 -1.5
v -25.5 5.29995489 -1.5
v -28.5 5.40207958 -0.743014336
v -25.5 5.40207958 -0.743014336
v -28.5 5.50230217 -0.722187996
v -25.5 5.50230217 -0.722187996
v -28.5 5.59875536 -0.687908173
v -25.5 5.59875536 -0.687908173
v -28.5 5.68964243 -0.640814781
v -25.5 5.68964243 -0.640814781
v -28.5 5.77327061 -0.581783295
v -25.5 5.77327061 -0.581783295
v -28.5 5.84808159 -0.511915207
v -25.5 5.84808159 -0.511915207
v -28.5 5.91268206 -0.432510376
v -25.5 5.91268206 -0.432510376
v -28.5 5.96586847 -0.345048904
v -25.5 5.96586847 -0.345048904
v -28.5 6.00664997 -0.251159668
v -25.5 6.00664997 -0.251159668
v -28.5 6.03426743 -0.152591705
v -25.5 6.03426743 -0.152591705
v -28.5 6.04820633 -0.0511817932
v -25.5 6.04820633 -0.0511817932
v -28.5 6.04820633 0.0511817932
v -25.5 6.04820633 0.0511817932
v -28.5 6.03426743 0.152591705
v -25.5 6.03426743 0.152591705
v -28.5 6.00664997 0.251159668
v -25.5 6.00664997 0.251159668
v -28.5 5.96586847 0.345048904
v -25.5 5.96586847 0.345048904
v -28.5 5.91268206 0.432510376
v -25.5 5.91268206 0.432510376
v -28.5 5.84808159 0.511914253
v -25.5 5.84808159 0.511914253
v -28.5 5.77327061 0.581783295
v -25.5 5.77327061 0.581783295
v -28.5 5.68964243 0.640814781
v -25.5 5.68964243 0.640814781
v -28.5 5.59875536 0.687908173
v -25.5 5.59875536 0.687908173
v -28.5 5.50230217 0.722187996
v -25.5 5.50230217 0.722187996
v -28.5 5.40207958 0.743014336
v -25.5 5.40207958 0.743014336
v -28.5 5.29995489 0.75
v -25.5 5.29995489 0.75
v -28.5 5.19782972 0.743014336
v -25.5 5.19782972 0.743014336
v -28.5 5.09760714 0.722187996
v -25.5 5.09760714 0.722187996
v -28.5 5.00115395 0.687908173
v -25.5 5.00115395 0.687908173
v -28.5 4.9102664 0.640814781
v -25.5 4.9102664 0.640814781
v -28.5 4.8266387 0.581783295
v -25.5 4.8266387 0.581783295
v -28.5 4.75182772 0.511914253
v -25.5 4.75182772 0.511914253
v -28.5 4.68722725 0.432510376
v -25.5 4.68722725 0.432510376
v -28.5 4.63404083 0.345048904
v -25.5 4.63404083 0.345048904
v -28.5 4.59325933 0.251159668
v -25.5 4.59325933 0.251159668
v -28.5 4.56564188 0.152591705
v -25.5 4.56564188 0.152591705
v -28.5 4.55170298 0.0511817932
v -25.5 4.55170298 0.0511817932
v -28.5 4.55170298 -0.0511817932
v -25.5 4.55170298 -0.0511817932
v -28.5 4.56564188 -0.152591705
v -25.5 4.56564188 -0.152591705
v -28.5 4.59325933 -0.251159668
v -25.5 4.59325933 -0.251159668
v -28.5 4.63404083 -0.345048904
v -25.5 4.63404083 -0.345048904
v -28.5 4.68722725 -0.432510376
v -25.5 4.68722725 -0.432510376
v -28.5 4.75182772 -0.511915207
v -25.5 4.75182772 -0.511915207
v -28.5 4.8266387 -0.581783295
v -25.5 4.8266387 -0.581783295
v -28.5 4.9102664 -0.640814781
v -25.5 4.9102664 -0.640814781
v -28.5 5.00115395 -0.687908173
v -25.5 5.00115395 -0.687908173
v -28.5 5.09760714 -0.722187996
v -25.5 5.09760714 -0.722187996
v -28.5 5.19782972 -0.743014336
v -25.5 5.19782972 -0.743014336
v -28.5 5.29995489 0
v -25.5 5.29995489 0
v -28.5 5.40207958 0.756985664
v -25.5 5.40207958 0.756985664
v -28.5 5.50230217 0.777812004
v -25.5 5.50230217 0.777812004
v -28.5 5.59875536 0.812091827
v -25.5 5.59875536 0.812091827
v -28.5 5.68964243 0.859185219
v -25.5 5.68964243 0.859185219
v -28.5 5.77327061 0.918216705
v -25.5 5.77327061 0.918216705
v -28.5 5.84808159 0.988084793
v -25.5 5.84808159 0.988084793
v -28.5 5.91268206 1.06748962
v -25.5 5.91268206 1.06748962
v -28.5 5.96586847 1.1549511
v -25.5 5.96586847 1.1549511
v -28.5 6.00664997 1.24884033
v -25.5 6.00664997 1.24884033
v -28.5 6.03426743 1.34740829
v -25.5 6.03426743 1.34740829
v -28.5 6.04820633 1.44881821
v -25.5 6.04820633 1.44881821
v -28.5 6.04820633 1.55118179
v -25.5 6.04820633 1.55118179
v -28.5 6.03426743 1.65259171
v -25.5 6.03426743 1.65259171
v -28.5 6.00664997 1.75115967
v -25.5 6.00664997 1.75115967
v -28.5 5.96586847 1.8450489
v -25.5 5.96586847 1.8450489
v -28.5 5.91268206 1.93251038
v -25.5 5.91268206 1.93251038
v -28.5 5.84808159 2.01191521
v -25.5 5.84808159 2.01191521
v -28.5 5.77327061 2.08178329
v -25.5 5.77327061 2.08178329
v -28.5 5.68964243 2.14081383
v -25.5 5.68964243 2.14081383
v -28.5 5.59875536 2.18790817
v -25.5 5.59875536 2.18790817
v -28.5 5.50230217 2.222188
v -25.5 5.50230217 2.222188
v -28.5 5.40207958 2.24301434
v -25.5 5.40207958 2.24301434
v -28.5 5.29995489 2.25
v -25.5 5.29995489 2.25
v -28.5 5.19782972 2.24301434
v -25.5 5.19782972 2.24301434
v -28.5 5.09760714 2.222188
v -25.5 5.09760714 2.222188
v -28.5 5.00115395 2.18790817
v -25.5 5.00115395 2.18790817
v -28.5 4.9102664 2.14081383
v -25.5 4.9102664 2.14081383
v -28.5 4.8266387 2.08178329
v -25.5 4.8266387 2.08178329
v -28.5 4.75182772 2.01191521
v -25.5 4.75182772 2.01191521
v -28.5 4.68722725 1.93251038
v -25.5 4.68722725 1.93251038
v -28.5 4.63404083 1.8450489
v -25.5 4.63404083 1.8450489
v -28.5 4.59325933 1.75115967
v -25.5 4.59325933 1.75115967
v -28.5 4.56564188 1.65259171
v -25.5 4.56564188 1.65259171
v -28.5 4.55170298 1.55118179
v -25.5 4.55170298 1.55118179
v -28.5 4.55170298 1.44881821
v -25.5 4.55170298 1.44881821
v -28.5 4.56564188 1.34740829
v -25.5 4.56564188 1.34740829
v -28.5 4.59325933 1.24884033
v -25.5 4.59325933 1.24884033
v -28.5 4.63404083 1.1549511
v -25.5 4.63404083 1.1549511
v -28.5 4.68722725 1.06748962
v -25.5 4.68722725 1.06748962
v -28.5 4.75182772 0.988084793
v -25.5 4.75182772 0.988084793
v -28.5 4.8266387 0.918216705
v -25.5 4.8266387 0.918216705
v -28.5 4.9102664 0.859185219
v -25.5 4.9102664 0.859185219
v -28.5 5.00115395 0.812091827
v -25.5 5.00115395 0.812091827
v -28.5 5.09760714 0.777812004
v -25.5 5.09760714 0.777812004
v -28.5 5.19782972 0.756985664
v -25.5 5.19782972 0.756985664
v -28.5 5.29995489 1.5
v -25.5 5.29995489 1.5
v -21.5 7.05000019 3.14999962
v -21.5 7.4000001 3.5
v -21.5 7.05000019 -3.1500001
v -21.5 7.4000001 -3.50000048
v -21.5 3.54999995 -3.1500001
v -21.5 3.19999981 -3.50000048
v -21.5 3.54999995 3.14999962
v -21.5 3.19999981 3.5
v -20.5 32.6999969 0.5
v -20.5 31.1999989 0.5
v -20.5 31.1999989 9.25
v -20.5 28.7999992 9.25
v -20.5 2 9.44999886
v -20.5 36.6000023 9.44999886
v -20.5 31.1999989 -9.25
v -20.5 31.1999989 -0.5
v -20.5 32.6999969 -0.5
v -20.5 28.7999992 -9.25
v -20.5 36.6000023 -9.44999981
v -20.5 36.6000023 -2.83548927
v -20.5 36.6283875 -2.24229717
v -20.5 36.6000023 2.83548927
v -20.5 3.19999981 -3.50000048
v -20.5 2 -9.44999981
v -20.5 7.4000001 -3.50000048
v -20.5 7.4000001 3.5
v -20.5 3.19999981 3.5
v -20.5 36.6283875 2.24229717
v -20.5 36.7251244 1.47219944
v -20.5 36.9960785 -0.0194587708
v -20.5 36.9401627 -0.297820091
v -20.5 36.7251244 -1.47219944
v -20.5 37 0
v -20.5 36.9960785 0.0194578171
v -20.5 36.9401627 0.297820091
v 27.2999992 28.7999992 -3.75
v 27.2999992 31.1999989 -3.75
v 27.2999992 31.1999989 -0.5
v 27.2999992 28.7999992 3.75
v 27.2999992 31.1999989 0.5
v 27.2999992 31.1999989 3.75
v 20.5 32.6999969 0.5
v 20.5 31.1999989 0.5
v 20.5 32.6999969 -0.5
v 20.5 31.1999989 -0.5
v 21.9700623 31.1999989 4.46208382
v 22.0926895 31.1999989 4.12127113
v 26.6090164 31.1999989 9.20105553
v 26.7539902 31.1999989 9.14100647
v 25.1646042 31.1999989 6.7474823
v 24.5042076 31.1999989 2.96142769
v 24.8470039 31.1999989 3.07839012
v 22.7781334 31.1999989 6.70793343
v 20.5 31.1999989 9.25
v 23.0897903 31.1999989 6.89248848
v 23.4285202 31.1999989 7.02074623
v 22.5028229 31.1999989 6.47257042
v 22.2720528 31.1999989 6.19339943
v 22.0926895 31.1999989 5.87872887
v 22.7781334 31.1999989 3.29206562
v 23.0897903 31.1999989 3.10751057
v 25.6874542 31.1999989 3.75
v 25.4475594 31.1999989 3.47863007
v 25.1646042 31.1999989 3.2525177
v 27.2999992 31.1999989 6.25
v 25.6874542 31.1999989 6.25
v 27.2999992 31.1999989 8.25
v 25.4475594 31.1999989 6.52136993
v 26.4564362 31.1999989 9.23768806
v 24.8470039 31.1999989 6.92160988
v 26.2999992 31.1999989 9.25
v 24.5042076 31.1999989 7.03857231
v 24.1464081 31.1999989 7.09489059
v 23.784256 31.1999989 7.08888817
v 26.8877869 31.1999989 9.05901718
v 27.0071068 31.1999989 8.95710564
v 27.1090164 31.1999989 8.83778572
v 27.1910057 31.1999989 8.70399094
v 27.2510567 31.1999989 8.55901718
v 27.2876892 31.1999989 8.40643501
v 21.9700623 31.1999989 5.53791618
v 21.9078217 31.1999989 5.18110085
v 21.9078217 31.1999989 4.81889915
v 22.2720528 31.1999989 3.80659962
v 22.5028229 31.1999989 3.52742958
v 23.4285202 31.1999989 2.97925377
v 23.784256 31.1999989 2.91111183
v 24.1464081 31.1999989 2.90510941
v 25.4475594 31.1999989 -6.52137041
v 25.6874542 31.1999989 -6.25
v 27.2999992 31.1999989 -6.25
v 25.1646042 31.1999989 -3.2525177
v 24.8470039 31.1999989 -3.0783906
v 21.9700623 31.1999989 -5.53791618
v 22.0926895 31.1999989 -5.87872839
v 20.5 31.1999989 -9.25
v 22.2720528 31.1999989 -6.19340038
v 25.6874542 31.1999989 -3.75
v 25.4475594 31.1999989 -3.47863007
v 24.5042076 31.1999989 -2.96142817
v 24.1464081 31.1999989 -2.90510988
v 23.784256 31.1999989 -2.91111183
v 23.4285202 31.1999989 -2.97925425
v 23.0897903 31.1999989 -3.10751104
v 22.7781334 31.1999989 -3.2920661
v 22.5028229 31.1999989 -6.47257042
v 22.7781334 31.1999989 -6.70793438
v 23.0897903 31.1999989 -6.89248943
v 27.1910057 31.1999989 -8.70399094
v 27.1090164 31.1999989 -8.83778572
v 25.1646042 31.1999989 -6.7474823
v 26.7539902 31.1999989 -9.14100647
v 26.6090164 31.1999989 -9.20105648
v 26.4564362 31.1999989 -9.23768806
v 24.8470039 31.1999989 -6.92160988
v 26.2999992 31.1999989 -9.25
v 24.5042076 31.1999989 -7.03857231
v 23.4285202 31.1999989 -7.02074623
v 23.784256 31.1999989 -7.08888865
v 24.1464081 31.1999989 -7.09489012
v 27.2999992 31.1999989 -8.25
v 27.2876892 31.1999989 -8.40643406
v 27.2510567 31.1999989 -8.55901718
v 27.0071068 31.1999989 -8.95710659
v 26.8877869 31.1999989 -9.05901718
v 22.5028229 31.1999989 -3.52742958
v 22.2720528 31.1999989 -3.80659962
v 22.0926895 31.1999989 -4.12127161
v 21.9700623 31.1999989 -4.46208429
v 21.9078217 31.1999989 -4.81889915
v 21.9078217 31.1999989 -5.18110132
v 25.6874542 28.7999992 3.75
v 25.4475594 28.7999992 3.47863007
v 25.1646042 28.7999992 3.2525177
v 24.8470039 28.7999992 3.07839012
v 22.2720528 28.7999992 6.19339943
v 20.5 28.7999992 9.25
v 22.0926895 28.7999992 5.87872887
v 21.9700623 28.7999992 5.53791618
v 22.5028229 28.7999992 6.47257042
v 22.7781334 28.7999992 6.70793343
v 23.0897903 28.7999992 6.89248848
v 27.1910057 28.7999992 8.70399094
v 27.1090164 28.7999992 8.83778572
v 25.1646042 28.7999992 6.7474823
v 25.4475594 28.7999992 6.52136993
v 25.6874542 28.7999992 6.25
v 27.2999992 28.7999992 6.25
v 22.0926895 28.7999992 4.12127113
v 21.9700623 28.7999992 4.46208382
v 20.5 28.7999992 -9.25
v 21.9078217 28.7999992 4.81889915
v 21.9078217 28.7999992 5.18110085
v 24.1464081 28.7999992 7.09489059
v 26.2999992 28.7999992 9.25
v 23.784256 28.7999992 7.08888817
v 23.4285202 28.7999992 7.02074623
v 24.5042076 28.7999992 7.03857231
v 24.8470039 28.7999992 6.92160988
v 26.4564362 28.7999992 9.23768806
v 26.6090164 28.7999992 9.20105553
v 26.7539902 28.7999992 9.14100647
v 27.2999992 28.7999992 8.25
v 27.2876892 28.7999992 8.40643501
v 27.2510567 28.7999992 8.55901718
v 27.0071068 28.7999992 8.95710564
v 26.8877869 28.7999992 9.05901718
v 22.5028229 28.7999992 -6.47257042
v 22.2720528 28.7999992 -6.19340038
v 22.0926895 28.7999992 -5.87872839
v 21.9700623 28.7999992 -5.53791618
v 24.5042076 28.7999992 -2.96142817
v 24.8470039 28.7999992 -3.0783906
v 27.2999992 28.7999992 -6.25
v 25.6874542 28.7999992 -6.25
v 27.2999992 28.7999992 -8.25
v 25.4475594 28.7999992 -6.52137041
v 25.1646042 28.7999992 -6.7474823
v 24.8470039 28.7999992 -6.92160988
v 26.2999992 28.7999992 -9.25
v 23.4285202 28.7999992 -7.02074623
v 23.0897903 28.7999992 -6.89248943
v 22.7781334 28.7999992 -6.70793438
v 21.9078217 28.7999992 -5.18110132
v 21.9078217 28.7999992 -4.81889915
v 21.9700623 28.7999992 -4.46208429
v 22.0926895 28.7999992 -4.12127161
v 22.2720528 28.7999992 -3.80659962
v 22.5028229 28.7999992 -3.52742958
v 22.7781334 28.7999992 -3.2920661
v 26.4564362 28.7999992 -9.23768806
v 26.6090164 28.7999992 -9.20105648
v 26.7539902 28.7999992 -9.14100647
v 24.5042076 28.7999992 -7.03857231
v 24.1464081 28.7999992 -7.09489012
v 23.784256 28.7999992 -7.08888865
v 23.0897903 28.7999992 3.10751057
v 22.7781334 28.7999992 3.29206562
v 23.4285202 28.7999992 -2.97925425
v 22.5028229 28.7999992 3.52742958
v 24.1464081 28.7999992 -2.90510988
v 26.8877869 28.7999992 -9.05901718
v 27.0071068 28.7999992 -8.95710659
v 27.1090164 28.7999992 -8.83778572
v 27.1910057 28.7999992 -8.70399094
v 27.2510567 28.7999992 -8.55901718
v 27.2876892 28.7999992 -8.40643406
v 23.0897903 28.7999992 -3.10751104
v 22.2720528 28.7999992 3.80659962
v 25.6874542 28.7999992 -3.75
v 25.4475594 28.7999992 -3.47863007
v 25.1646042 28.7999992 -3.2525177
v 24.5042076 28.7999992 2.96142769
v 24.1464081 28.7999992 2.90510941
v 23.784256 28.7999992 -2.91111183
v 23.784256 28.7999992 2.91111183
v 23.4285202 28.7999992 2.97925377
v -22.2720547 31.1999989 -6.19340038
v -22.0926895 31.1999989 -5.87872839
v -25.1646061 31.1999989 -6.7474823
v -24.8470039 31.1999989 -6.92160988
v -26.2999992 31.1999989 -9.25
v -26.4564342 31.1999989 -9.23768806
v -26.6090164 31.1999989 -9.20105648
v -26.7539902 31.1999989 -9.14100647
v -23.4285221 31.1999989 -7.02074623
v -23.0897884 31.1999989 -6.89248943
v -21.9700623 31.1999989 -4.46208429
v -22.0926895 31.1999989 -4.12127161
v -22.2720547 31.1999989 -3.80659962
v -27.2999992 31.1999989 -0.5
v -24.5042076 31.1999989 -2.96142817
v -24.8470039 31.1999989 -3.0783906
v -27.2999992 31.1999989 -6.25
v -25.6874542 31.1999989 -6.25
v -27.2999992 31.1999989 -8.25
v -25.4475613 31.1999989 -6.52137041
v -24.5042076 31.1999989 -7.03857231
v -24.14641 31.1999989 -7.09489012
v -23.7842579 31.1999989 -7.08888865
v -22.7781334 31.1999989 -6.70793438
v -22.5028248 31.1999989 -6.47257042
v -22.5028248 31.1999989 -3.52742958
v -22.7781334 31.1999989 -3.2920661
v -23.0897884 31.1999989 -3.10751104
v -26.887785 31.1999989 -9.05901718
v -27.0071068 31.1999989 -8.95710659
v -27.1090183 31.1999989 -8.83778572
v -27.1910057 31.1999989 -8.70399094
v -27.2510567 31.1999989 -8.55901718
v -27.2876873 31.1999989 -8.40643406
v -23.4285221 31.1999989 -2.97925425
v -23.7842579 31.1999989 -2.91111183
v -24.14641 31.1999989 -2.90510988
v -25.6874542 31.1999989 -3.75
v -27.2999992 31.1999989 -3.75
v -25.4475613 31.1999989 -3.47863007
v -25.1646061 31.1999989 -3.2525177
v -21.9700623 31.1999989 -5.53791618
v -21.9078236 31.1999989 -5.18110132
v -21.9078236 31.1999989 -4.81889915
v -27.2999992 31.1999989 0.5
v -27.2999992 31.1999989 3.75
v -25.6874542 31.1999989 3.75
v -27.1910057 31.1999989 8.70399094
v -27.1090183 31.1999989 8.83778572
v -25.1646061 31.1999989 6.7474823
v -25.4475613 31.1999989 6.52136993
v -25.6874542 31.1999989 6.25
v -27.2999992 31.1999989 6.25
v -21.9700623 31.1999989 5.53791618
v -22.0926895 31.1999989 5.87872887
v -22.2720547 31.1999989 6.19339943
v -25.4475613 31.1999989 3.47863007
v -25.1646061 31.1999989 3.2525177
v -24.8470039 31.1999989 3.07839012
v -23.7842579 31.1999989 2.91111183
v -24.14641 31.1999989 2.90510941
v -24.5042076 31.1999989 2.96142769
v -22.5028248 31.1999989 6.47257042
v -22.7781334 31.1999989 6.70793343
v -23.0897884 31.1999989 6.89248848
v -26.7539902 31.1999989 9.14100647
v -26.6090164 31.1999989 9.20105553
v -26.4564342 31.1999989 9.23768806
v -24.8470039 31.1999989 6.92160988
v -26.2999992 31.1999989 9.25
v -24.5042076 31.1999989 7.03857231
v -27.2999992 31.1999989 8.25
v -27.2876873 31.1999989 8.40643501
v -27.2510567 31.1999989 8.55901718
v -27.0071068 31.1999989 8.95710564
v -26.887785 31.1999989 9.05901718
v -23.4285221 31.1999989 2.97925377
v -23.0897884 31.1999989 3.10751057
v -22.7781334 31.1999989 3.29206562
v -23.4285221 31.1999989 7.02074623
v -23.7842579 31.1999989 7.08888817
v -24.14641 31.1999989 7.09489059
v -22.5028248 31.1999989 3.52742958
v -22.2720547 31.1999989 3.80659962
v -22.0926895 31.1999989 4.12127113
v -21.9700623 31.1999989 4.46208382
v -21.9078236 31.1999989 4.81889915
v -21.9078236 31.1999989 5.18110085
v -26.6090164 28.7999992 9.20105553
v -26.7539902 28.7999992 9.14100647
v -25.1646061 28.7999992 6.7474823
v -27.2999992 28.7999992 6.25
v -25.6874542 28.7999992 6.25
v -27.2999992 28.7999992 8.25
v -25.4475613 28.7999992 6.52136993
v -26.4564342 28.7999992 9.23768806
v -24.8470039 28.7999992 6.92160988
v -26.2999992 28.7999992 9.25
v -22.7781334 28.7999992 6.70793343
v -23.0897884 28.7999992 6.89248848
v -23.4285221 28.7999992 7.02074623
v -22.0926895 28.7999992 5.87872887
v -21.9700623 28.7999992 5.53791618
v -25.6874542 28.7999992 3.75
v -27.2999992 28.7999992 3.75
v -25.4475613 28.7999992 3.47863007
v -27.2999992 28.7999992 -3.75
v -26.887785 28.7999992 9.05901718
v -27.0071068 28.7999992 8.95710564
v -27.1090183 28.7999992 8.83778572
v -27.1910057 28.7999992 8.70399094
v -27.2510567 28.7999992 8.55901718
v -27.2876873 28.7999992 8.40643501
v -22.5028248 28.7999992 6.47257042
v -22.2720547 28.7999992 6.19339943
v -24.5042076 28.7999992 7.03857231
v -24.14641 28.7999992 7.09489059
v -23.7842579 28.7999992 7.08888817
v -21.9700623 28.7999992 -5.53791618
v -22.0926895 28.7999992 -5.87872839
v -22.2720547 28.7999992 -6.19340038
v -26.7539902 28.7999992 -9.14100647
v -26.6090164 28.7999992 -9.20105648
v -25.1646061 28.7999992 -6.7474823
v -26.4564342 28.7999992 -9.23768806
v -24.8470039 28.7999992 -6.92160988
v -26.2999992 28.7999992 -9.25
v -24.5042076 28.7999992 -7.03857231
v -27.1910057 28.7999992 -8.70399094
v -27.1090183 28.7999992 -8.83778572
v -25.4475613 28.7999992 -6.52137041
v -25.6874542 28.7999992 -6.25
v -27.2999992 28.7999992 -6.25
v -23.7842579 28.7999992 -2.91111183
v -23.4285221 28.7999992 -2.97925425
v -23.7842579 28.7999992 2.91111183
v -23.0897884 28.7999992 -3.10751104
v -22.7781334 28.7999992 -3.2920661
v -22.0926895 28.7999992 4.12127113
v -22.5028248 28.7999992 -3.52742958
v -22.2720547 28.7999992 -3.80659962
v -22.0926895 28.7999992 -4.12127161
v -22.5028248 28.7999992 -6.47257042
v -22.7781334 28.7999992 -6.70793438
v -23.0897884 28.7999992 -6.89248943
v -23.4285221 28.7999992 -7.02074623
v -23.7842579 28.7999992 -7.08888865
v -24.14641 28.7999992 -7.09489012
v -21.9078236 28.7999992 5.18110085
v -21.9078236 28.7999992 4.81889915
v -21.9700623 28.7999992 4.46208382
v -27.2999992 28.7999992 -8.25
v -27.2876873 28.7999992 -8.40643406
v -27.2510567 28.7999992 -8.55901718
v -27.0071068 28.7999992 -8.95710659
v -26.887785 28.7999992 -9.05901718
v -25.6874542 28.7999992 -3.75
v -25.4475613 28.7999992 -3.47863007
v -25.1646061 28.7999992 -3.2525177
v -22.5028248 28.7999992 3.52742958
v -22.7781334 28.7999992 3.29206562
v -24.8470039 28.7999992 -3.0783906
v -24.5042076 28.7999992 -2.96142817
v -25.1646061 28.7999992 3.2525177
v -24.8470039 28.7999992 3.07839012
v -21.9700623 28.7999992 -4.46208429
v -21.9078236 28.7999992 -4.81889915
v -21.9078236 28.7999992 -5.18110132
v -23.0897884 28.7999992 3.10751057
v -23.4285221 28.7999992 2.97925377
v -22.2720547 28.7999992 3.80659962
v -24.14641 28.7999992 -2.90510988
v -24.14641 28.7999992 2.90510941
v -24.5042076 28.7999992 2.96142769
v 14.7999992 38.2999992 2.96720123
v 14.7999992 37 2.96720123
v 15.2518425 38.2999992 2.69507027
v 15.2820473 37 2.67316818
v 15.2820473 38.2999992 2.67316818
v 15.6859207 38.2999992 2.32347679
v 15.7072144 37 2.30160141
v 15.7072144 38.2999992 2.30160141
v 16.0497475 38.2999992 1.88286972
v 16.0631599 37 1.86327839
v 16.0631599 38.2999992 1.86327839
v 16.3325157 38.2999992 1.38633537
v 16.3395653 37 1.3709116
v 16.3395653 38.2999992 1.3709116
v 16.5284157 37 0.838781357
v 16.5258255 38.2999992 0.848622322
v 16.6242294 37 0.282322884
v 16.6239395 38.2999992 0.285702705
v 16.6242294 37 -0.282323837
v 16.6239395 38.2999992 -0.285702705
v 16.5284157 37 -0.83878231
v 16.5258255 38.2999992 -0.848622322
v 16.3395653 37 -1.3709116
v 16.3395653 38.2999992 -1.3709116
v 16.3325157 38.2999992 -1.38633537
v 16.0631599 37 -1.86327839
v 16.0631599 38.2999992 -1.86327839
v 16.0497475 38.2999992 -1.88287067
v 15.7072144 37 -2.30160236
v 15.7072144 38.2999992 -2.30160236
v 15.6859207 38.2999992 -2.32347775
v 15.2820473 37 -2.67316866
v 15.2820473 38.2999992 -2.67316866
v 15.2518425 38.2999992 -2.69507027
v 14.7999992 37 -2.96720123
v 14.7999992 38.2999992 -2.96720123
v -6.67410088 37 9.60601044
v -7.41451073 37 9.85000038
v 19.7000008 37 9.85000038
v 19.7000008 37 -9.85000038
v -7.41451073 37 -9.85000038
v -6.67410088 37 -9.60601139
v 14.7999992 37 8.875
v -5.12195206 37 8.875
v 20.0999985 37 9.44999886
v 20.0564041 37 -9.63159657
v 20.0236053 37 -9.68511391
v 20.0804214 37 -9.57360649
v 20.0999985 37 -9.44999981
v 19.8815956 37 -9.80640316
v 19.8236084 37 -9.8304224
v 19.7625732 37 9.84507561
v 19.8236084 37 9.83042336
v 19.8815956 37 9.80640221
v 19.9351158 37 9.77360535
v 19.9828415 37 9.73284149
v 20.0236053 37 9.68511391
v 20.0564041 37 9.63159561
v 20.0804214 37 9.57360649
v 20.0950737 37 -9.51257324
v 19.9828415 37 -9.73284245
v 19.9351158 37 -9.7736063
v 20.0950737 37 9.51257324
v 19.7625732 37 -9.84507561
v 14.7999992 37 -8.875
v -5.12195206 37 -8.875
v -19.7000008 37 9.85000038
v -13.0854893 37 9.85000038
v -13.4154158 37 9.74898148
v -20.0564022 37 9.63159561
v -20.0236053 37 9.68511391
v -16.4459076 37 8.16536713
v -20.0804234 37 9.57360649
v -17.7210617 37 7.01753044
v -18.7868977 37 5.67308426
v -20.0999985 37 9.44999886
v -19.6135559 37 4.16969395
v -20.0999985 37 2.83548927
v -19.8815956 37 9.80640221
v -19.8236084 37 9.83042336
v -19.9828415 37 9.73284149
v -19.9351139 37 9.77360535
v -14.9971619 37 9.08443451
v -19.7625732 37 9.84507561
v -20.0950737 37 9.51257324
v -20.0999985 37 -9.44999981
v -20.0999985 37 -2.83548927
v -19.6135559 37 -4.16969395
v -13.0854893 37 -9.85000038
v -19.7000008 37 -9.85000038
v -13.4154158 37 -9.74898148
v -14.9971619 37 -9.08443451
v -19.8236084 37 -9.8304224
v -19.8815956 37 -9.80640316
v -16.4459076 37 -8.16536808
v -19.9351139 37 -9.7736063
v -19.7625732 37 -9.84507561
v -19.9828415 37 -9.73284245
v -20.0236053 37 -9.68511391
v -20.0564022 37 -9.63159657
v -18.7868977 37 -5.67308474
v -17.7210617 37 -7.01753139
v -20.0950737 37 -9.51257324
v -20.0804234 37 -9.57360649
v 20.5 36.6000023 -9.44999981
v 20.5 36.6000023 9.44999886
v 20.5 2 9.44999886
v 20.5 2 -9.44999981
v 19.7000008 36.6000023 -10.25
v 19.7000008 2 -10.25
v -7.41451073 36.6000023 -10.25
v -19.7000008 2 -10.25
v -8.00770378 36.6283875 -10.25
v -19.7000008 36.6000023 -10.25
v -13.0854893 36.6000023 -10.25
v -12.4922981 36.6283875 -10.25
v -11.7222004 36.7251244 -10.25
v -10.2305412 36.9960785 -10.25
v -9.95218086 36.9401627 -10.25
v -8.77780151 36.7251244 -10.25
v -10.25 37 -10.25
v -10.2694588 36.9960785 -10.25
v -10.547821 36.9401627 -10.25
v -13.0854893 36.6000023 10.25
v -19.7000008 36.6000023 10.25
v -19.7000008 2 10.25
v 19.7000008 2 10.25
v 19.7000008 36.6000023 10.25
v -7.41451073 36.6000023 10.25
v -8.00770378 36.6283875 10.25
v -10.547821 36.9401627 10.25
v -11.7222004 36.7251244 10.25
v -12.4922981 36.6283875 10.25
v -8.77780151 36.7251244 10.25
v -9.95218086 36.9401627 10.25
v -10.2305412 36.9960785 10.25
v -10.2694588 36.9960785 10.25
v -10.25 37 10.25
v -18.5 -4.33680869e-16 -8.25
v 18.5 0 -8.25
v -18.5 -8.67361738e-16 8.25
v 18.5 0 8.25
v 14.7999992 38.8999977 8.875
v 14.7999992 38.4217644 2.9459734
v 14.7999992 38.4771729 2.92089367
v 14.7999992 38.4816322 2.91838455
v 14.7999992 38.5296326 2.88598919
v 14.7999992 38.5785065 2.84050751
v 14.7999992 38.5828819 2.83564472
v 14.7999992 38.6168289 2.79200459
v 14.7999992 38.6536179 2.72708988
v 14.7999992 38.3574257 2.96257019
v 14.7999992 38.3625908 2.96169376
v 14.7999992 38.412899 2.94901752
v 14.7999992 38.6936531 -2.59437799
v 14.7999992 38.6753502 -2.6715498
v 14.7999992 38.8999977 -8.875
v 14.7999992 38.6950874 -2.58462286
v 14.7999992 38.6426773 -2.74910593
v 14.7999992 38.6237221 -2.78157234
v 14.7999992 38.6564293 2.72092533
v 14.7999992 38.6774826 2.66474915
v 14.7999992 38.6804543 2.65469074
v 14.7999992 38.6053581 -2.80806208
v 14.7999992 38.5863724 -2.83166075
v 14.7999992 38.5408058 -2.87685394
v 14.7999992 38.4236641 -2.94528866
v 14.7999992 38.410881 -2.94967604
v 14.7999992 38.6718903 -2.68188334
v 14.7999992 38.6564903 -2.72078753
v 14.7999992 38.5351601 -2.88155317
v 14.7999992 38.4911079 -2.91278934
v 14.7999992 38.4650688 -2.92731524
v 14.7999992 38.3625946 -2.96169329
v 14.7999992 38.3555908 -2.96286345
v 14.7999992 38.6951294 2.58429527
v 14.7999992 38.7000008 2.51235199
v 14.7999992 38.7000008 -2.51235199
v -5.12195206 38.8999977 -8.875
v -20.4999962 36.9980392 -0.0198535919
v -20.5 38.8999977 0
v -5.86911011 38.8999977 -9.2666235
v -6.67410088 38.8999977 -9.60601139
v -6.99416733 38.8999977 -9.71916008
v -10.0326653 37 -10.247695
v -10.0326653 38.8999977 -10.247695
v -9.94022751 37 -10.2453175
v -9.36461258 38.8999977 -10.211689
v -8.73484612 37 -10.1373968
v -8.326437 38.8999977 -10.0678892
v -8.326437 37 -10.0678892
v -8.16479683 38.8999977 -10.0356579
v -7.97485161 37 -9.99430847
v -10.2698536 36.9980392 -10.2499952
v -10.5768204 38.8999977 -10.2447891
v -10.5597725 37 -10.2453175
v -11.7449837 38.8999977 -10.1403913
v -11.7449837 37 -10.1403913
v -11.7844543 38.8999977 -10.1344929
v -11.7651539 37 -10.1373968
v -12.5251474 37 -9.99430847
v -12.9706097 38.8999977 -9.88234711
v -13.4154158 38.8999977 -9.74898148
v -14.1186867 38.8999977 -9.49187946
v -14.9971619 38.8999977 -9.08443451
v -15.2126122 38.8999977 -8.9685545
v -16.2370796 38.8999977 -8.31969929
v -17.1777439 38.8999977 -7.55439377
v -16.4459076 38.8999977 -8.16536808
v -18.7868977 38.8999977 -5.67308474
v -18.7563667 38.8999977 -5.71876192
v -18.0214443 38.8999977 -6.68335056
v -17.7210617 38.8999977 -7.01753139
v -19.3722267 38.8999977 -4.67412853
v -19.6135559 38.8999977 -4.16969395
v -19.860405 38.8999977 -3.56407166
v -20.1778717 38.8999977 -2.54948044
v -20.1778717 37 -2.54948044
v -20.2140675 38.8999977 -2.40412903
v -20.2443085 37 -2.27514839
v -20.4282665 38.8999977 -1.21053696
v -20.3873959 37 -1.51515484
v -20.4640408 38.8999977 -0.857838631
v -20.4640408 37 -0.857838631
v -20.4953175 37 -0.309773445
v -20.4999962 36.9980392 0.0198535919
v -20.4953175 37 0.309772491
v -20.4640408 38.8999977 0.857837677
v -20.4640408 37 0.857837677
v -20.4282665 38.8999977 1.210536
v -20.3873959 37 1.51515388
v -20.2140675 38.8999977 2.40412903
v -20.2443085 37 2.27514839
v -20.1778717 38.8999977 2.54948044
v -19.860405 38.8999977 3.56407166
v -20.1778717 37 2.54948044
v -19.3722267 38.8999977 4.67412853
v -19.6135559 38.8999977 4.16969395
v -17.7210617 38.8999977 7.01753044
v -18.0214443 38.8999977 6.68334961
v -18.7563667 38.8999977 5.71876144
v -18.7868977 38.8999977 5.67308426
v -17.1777439 38.8999977 7.55439377
v -16.4459076 38.8999977 8.16536713
v -16.2370796 38.8999977 8.31969833
v -15.2126122 38.8999977 8.96855354
v -12.9706097 38.8999977 9.88234711
v -13.4154158 38.8999977 9.74898148
v -14.1186867 38.8999977 9.49187851
v -14.9971619 38.8999977 9.08443451
v -12.5251474 37 9.99430847
v -11.7844543 38.8999977 10.1344929
v -11.7651539 37 10.1373959
v -11.7449837 38.8999977 10.1403904
v -11.7449837 37 10.1403904
v -10.5768204 38.8999977 10.2447891
v -10.5597725 37 10.2453175
v -10.0326653 38.8999977 10.2476959
v -10.2698536 36.9980392 10.2499943
v -9.36461258 38.8999977 10.211689
v -8.73484612 37 10.1373959
v -8.326437 38.8999977 10.0678902
v -8.326437 37 10.0678902
v -8.16479683 38.8999977 10.0356579
v -10.0326653 37 10.2476959
v -9.94022751 37 10.2453175
v -7.97485161 37 9.99430847
v -6.99416733 38.8999977 9.71916008
v -6.67410088 38.8999977 9.60601044
v -5.86911011 38.8999977 9.26662254
v -5.12195206 38.8999977 8.875
v -4.71506119 39.2999992 -3.40799761
v -4.21872139 39.2999992 -2.42356682
v 14.4000015 39.2999992 -8.47500038
v -16.6973534 39.2999992 0.825615883
v -16.7441425 39.2999992 -0.275868416
v -20.0999985 39.2999992 0
v -5.23035049 39.2999992 8.47500038
v -4.44598198 39.2999992 2.92632389
v -5.02401924 39.2999992 3.86511517
v -3.89589119 39.2999992 -1.36941528
v -3.75585747 39.2999992 -0.275868416
v 14.4000015 39.2999992 8.47500038
v -3.80264664 39.2999992 0.825615883
v -4.03491592 39.2999992 1.90334797
v -5.75239754 39.2999992 4.69271469
v -6.61016464 39.2999992 5.38531303
v -6.04007149 39.2999992 8.90499878
v -7.57264137 39.2999992 5.92298508
v -7.12122536 39.2999992 9.33987427
v -8.61214256 39.2999992 6.29026413
v -13.8898363 39.2999992 5.38531303
v -15.0189495 39.2999992 8.6185627
v -12.9273577 39.2999992 5.92298508
v -13.9677124 39.2999992 9.12146378
v -11.8878574 39.2999992 6.29026413
v -12.86444 39.2999992 9.49669456
v -10.801239 39.2999992 6.47658348
v -11.7245731 39.2999992 9.73900032
v -10.25 39.2999992 6.5
v -10.5640659 39.2999992 9.84499168
v -9.69876099 39.2999992 6.47658348
v -9.3991642 39.2999992 9.81318283
v -8.24617004 39.2999992 9.64402199
v -20.031065 39.2999992 -1.16329575
v -16.6041088 39.2999992 -1.36941528
v -19.8252277 39.2999992 -2.31030941
v -19.4853668 39.2999992 -3.42498589
v -16.2812786 39.2999992 -2.42356682
v -19.0162392 39.2999992 -4.49172306
v -15.7849398 39.2999992 -3.40799761
v -18.4244118 39.2999992 -5.49559069
v -17.7181683 39.2999992 -6.42253685
v -15.1293697 39.2999992 -4.29438591
v -16.9073944 39.2999992 -7.25958824
v -14.3334293 39.2999992 -5.05723238
v -16.0034351 39.2999992 -7.9950285
v -15.0189495 39.2999992 -8.6185627
v -13.4200172 39.2999992 -5.67459202
v -13.9677124 39.2999992 -9.12146473
v -12.4154091 39.2999992 -6.12870359
v -12.86444 39.2999992 -9.49669456
v -11.348505 39.2999992 -6.4065032
v -11.7245731 39.2999992 -9.73900032
v -15.4759808 39.2999992 3.86511517
v -17.7181683 39.2999992 6.42253685
v -14.7476025 39.2999992 4.69271469
v -16.9073944 39.2999992 7.25958824
v -16.0034351 39.2999992 7.99502754
v -20.031065 39.2999992 1.16329575
v -19.8252277 39.2999992 2.31030941
v -16.4650841 39.2999992 1.90334797
v -19.4853668 39.2999992 3.42498589
v -16.0540161 39.2999992 2.92632389
v -19.0162392 39.2999992 4.49172306
v -18.4244118 39.2999992 5.49559021
v -10.5640659 39.2999992 -9.84499168
v -10.25 39.2999992 -6.5
v -9.3991642 39.2999992 -9.81318378
v -9.15149498 39.2999992 -6.4065032
v -8.24617004 39.2999992 -9.64402199
v -7.12122536 39.2999992 -9.33987427
v -8.08459091 39.2999992 -6.12870359
v -6.04007149 39.2999992 -8.90499878
v -7.07998276 39.2999992 -5.67459202
v -5.23035049 39.2999992 -8.47500038
v -6.16657066 39.2999992 -5.05723238
v -5.37063026 39.2999992 -4.29438591
v -9.69876099 40.6000023 6.47658348
v -10.25 40.6000023 6.5
v -10.801239 40.6000023 6.47658348
v -11.8878574 40.6000023 6.29026413
v -12.9273577 40.6000023 5.92298508
v -13.8898363 40.6000023 5.38531303
v -14.7476025 40.6000023 4.69271469
v -15.4759808 40.6000023 3.86511517
v -16.0540161 40.6000023 2.92632389
v -16.4650841 40.6000023 1.90334797
v -16.6973534 40.6000023 0.825615883
v -16.7441425 40.6000023 -0.275868416
v -16.6041088 40.6000023 -1.36941528
v -16.2812786 40.6000023 -2.42356682
v -15.7849398 40.6000023 -3.40799761
v -15.1293697 40.6000023 -4.29438591
v -14.3334293 40.6000023 -5.05723238
v -13.4200172 40.6000023 -5.67459202
v -12.4154091 40.6000023 -6.12870359
v -11.348505 40.6000023 -6.4065032
v -10.25 40.6000023 -6.5
v -9.15149498 40.6000023 -6.4065032
v -8.08459091 40.6000023 -6.12870359
v -7.07998276 40.6000023 -5.67459202
v -6.16657066 40.6000023 -5.05723238
v -5.37063026 40.6000023 -4.29438591
v -4.71506119 40.6000023 -3.40799761
v -4.21872139 40.6000023 -2.42356682
v -3.89589119 40.6000023 -1.36941528
v -3.75585747 40.6000023 -0.275868416
v -3.80264664 40.6000023 0.825615883
v -4.03491592 40.6000023 1.90334797
v -4.44598198 40.6000023 2.92632389
v -5.02401924 40.6000023 3.86511517
v -5.75239754 40.6000023 4.69271469
v -6.61016464 40.6000023 5.38531303
v -7.57264137 40.6000023 5.92298508
v -8.61214256 40.6000023 6.29026413
v -9.79628754 40.6000023 5.33072662
v -8.9019165 40.6000023 5.17737103
v -8.04632759 40.6000023 4.87507248
v -7.25413513 40.6000023 4.43252659
v -6.54812622 40.6000023 3.8624649
v -5.94861603 40.6000023 3.18128777
v -5.47284698 40.6000023 2.40858936
v -5.13450813 40.6000023 1.56660175
v -4.94333267 40.6000023 0.679545403
v -4.9048214 40.6000023 -0.227060318
v -5.02008057 40.6000023 -1.12713432
v -5.2857933 40.6000023 -1.99478245
v -5.69431877 40.6000023 -2.80504417
v -6.23390388 40.6000023 -3.53460979
v -6.88902283 40.6000023 -4.16249132
v -7.6408329 40.6000023 -4.67062569
v -8.46770287 40.6000023 -5.04439449
v -9.34584618 40.6000023 -5.27304506
v -10.25 40.6000023 -5.35000038
v -11.1541538 40.6000023 -5.27304506
v -12.0322971 40.6000023 -5.04439449
v -12.8591671 40.6000023 -4.67062569
v -13.6109772 40.6000023 -4.16249132
v -14.2660971 40.6000023 -3.53460979
v -14.8056812 40.6000023 -2.80504417
v -15.2142067 40.6000023 -1.99478245
v -15.4799204 40.6000023 -1.12713432
v -15.5951786 40.6000023 -0.227060318
v -15.5566673 40.6000023 0.679545403
v -15.3654919 40.6000023 1.56660175
v -15.027153 40.6000023 2.40858936
v -14.551384 40.6000023 3.18128777
v -13.9518738 40.6000023 3.8624649
v -13.2458649 40.6000023 4.43252659
v -12.4536724 40.6000023 4.87507248
v -11.5980816 40.6000023 5.17737103
v -10.7037125 40.6000023 5.33072662
v -10.25 40.6000023 5.35000038
v -9.79628754 41.2000008 5.33072662
v -10.25 41.2000008 5.35000038
v -10.7037125 41.2000008 5.33072662
v -11.5980816 41.2000008 5.17737103
v -12.4536724 41.2000008 4.87507248
v -13.2458649 41.2000008 4.43252659
v -13.9518738 41.2000008 3.8624649
v -14.551384 41.2000008 3.18128777
v -15.027153 41.2000008 2.40858936
v -15.3654919 41.2000008 1.56660175
v -15.5566673 41.2000008 0.679545403
v -15.5951786 41.2000008 -0.227060318
v -15.4799204 41.2000008 -1.12713432
v -15.2142067 41.2000008 -1.99478245
v -14.8056812 41.2000008 -2.80504417
v -14.2660971 41.2000008 -3.53460979
v -13.6109772 41.2000008 -4.16249132
v -12.8591671 41.2000008 -4.67062569
v -12.0322971 41.2000008 -5.04439449
v -11.1541538 41.2000008 -5.27304506
v -10.25 41.2000008 -5.35000038
v -9.34584618 41.2000008 -5.27304506
v -8.46770287 41.2000008 -5.04439449
v -7.6408329 41.2000008 -4.67062569
v -6.88902283 41.2000008 -4.16249132
v -6.23390388 41.2000008 -3.53460979
v -5.69431877 41.2000008 -2.80504417
v -5.2857933 41.2000008 -1.99478245
v -5.02008057 41.2000008 -1.12713432
v -4.9048214 41.2000008 -0.227060318
v -4.94333267 41.2000008 0.679545403
v -5.13450813 41.2000008 1.56660175
v -5.47284698 41.2000008 2.40858936
v -5.94861603 41.2000008 3.18128777
v -6.54812622 41.2000008 3.8624649
v -7.25413513 41.2000008 4.43252659
v -8.04632759 41.2000008 4.87507248
v -8.9019165 41.2000008 5.17737103
v -9.99558258 41.2000008 2.98919201
v -9.49406624 41.2000008 2.90319824
v -9.01429558 41.2000008 2.73368549
v -8.57007599 41.2000008 2.48552895
v -8.17418289 41.2000008 2.16586781
v -7.83800888 41.2000008 1.78389931
v -7.57122231 41.2000008 1.35061073
v -7.38150024 41.2000008 0.878468513
v -7.27429771 41.2000008 0.381052971
v -7.25270271 41.2000008 -0.127324104
v -7.31733513 41.2000008 -0.632038116
v -7.46633339 41.2000008 -1.11856937
v -7.69541359 41.2000008 -1.57292175
v -7.99798393 41.2000008 -1.98202419
v -8.36533928 41.2000008 -2.3341074
v -8.78691483 41.2000008 -2.6190424
v -9.25057983 41.2000008 -2.82863235
v -9.74299812 41.2000008 -2.95684767
v -10.25 41.2000008 -3
v -10.7570019 41.2000008 -2.95684767
v -11.2494202 41.2000008 -2.82863235
v -11.7130852 41.2000008 -2.6190424
v -12.1346607 41.2000008 -2.3341074
v -12.5020161 41.2000008 -1.98202419
v -12.8045874 41.2000008 -1.57292175
v -13.0336666 41.2000008 -1.11856937
v -13.1826658 41.2000008 -0.632038116
v -13.2472973 41.2000008 -0.127324104
v -13.2257013 41.2000008 0.381052971
v -13.1184998 41.2000008 0.878468513
v -12.9287777 41.2000008 1.35061073
v -12.6619921 41.2000008 1.78389931
v -12.3258171 41.2000008 2.16586781
v -11.929924 41.2000008 2.48552895
v -11.4857025 41.2000008 2.73368549
v -11.0059338 41.2000008 2.90319824
v -10.5044174 41.2000008 2.98919201
v -10.25 41.2000008 3
v 15.7205086 38.7000008 1.65570736
v 15.969162 38.7000008 1.21907806
v 16.1391525 38.7000008 0.746238708
v 15.4005775 38.7000008 2.04315662
v 16.2254257 38.7000008 -0.251234055
v 16.1391525 38.7000008 -0.746238708
v 15.0188675 38.7000008 2.36991787
v 15.969162 38.7000008 -1.21907902
v 15.7205086 38.7000008 -1.65570736
v 15.0188675 38.7000008 -2.36991882
v 15.4005775 38.7000008 -2.04315758
v 16.2254257 38.7000008 0.251234055
v -9.99558258 45.2000008 2.98919201
v -10.25 45.2000008 3
v -10.5044174 45.2000008 2.98919201
v -11.0059338 45.2000008 2.90319824
v -11.4857025 45.2000008 2.73368549
v -11.929924 45.2000008 2.48552895
v -12.3258171 45.2000008 2.16586781
v -12.6619921 45.2000008 1.78389931
v -12.9287777 45.2000008 1.35061073
v -13.1184998 45.2000008 0.878468513
v -13.2257013 45.2000008 0.381052971
v -13.2472973 45.2000008 -0.127324104
v -13.1826658 45.2000008 -0.632038116
v -13.0336666 45.2000008 -1.11856937
v -12.8045874 45.2000008 -1.57292175
v -12.5020161 45.2000008 -1.98202419
v -12.1346607 45.2000008 -2.3341074
v -11.7130852 45.2000008 -2.6190424
v -11.2494202 45.2000008 -2.82863235
v -10.7570019 45.2000008 -2.95684767
v -10.25 45.2000008 -3
v -9.74299812 45.2000008 -2.95684767
v -9.25057983 45.2000008 -2.82863235
v -8.78691483 45.2000008 -2.6190424
v -8.36533928 45.2000008 -2.3341074
v -7.99798393 45.2000008 -1.98202419
v -7.69541359 45.2000008 -1.57292175
v -7.46633339 45.2000008 -1.11856937
v -7.31733513 45.2000008 -0.632038116
v -7.25270271 45.2000008 -0.127324104
v -7.27429771 45.2000008 0.381052971
v -7.38150024 45.2000008 0.878468513
v -7.57122231 45.2000008 1.35061073
v -7.83800888 45.2000008 1.78389931
v -8.17418289 45.2000008 2.16586781
v -8.57007599 45.2000008 2.48552895
v -9.01429558 45.2000008 2.73368549
v -9.49406624 45.2000008 2.90319824
v 20.265686 1.76568544 -10.0156851
v 20.3472137 1.84721363 -9.920228
v 20.3821106 1.88211215 -9.86799908
v 20.4128036 1.9128052 -9.81319237
v 20.4391022 1.9391036 -9.75614738
v 20.265686 1.76568544 10.0156841
v 20.3472137 1.84721363 9.92022896
v 20.3821106 1.88211215 9.86799812
v 20.4608459 1.96084523 9.69721413
v 20.4391022 1.9391036 9.75614738
v 20.4128036 1.9128052 9.81319237
v 20.4608459 1.96084523 -9.69721413
v 20.4778976 1.97789586 -9.63675594
v 20.4901505 1.99015069 -9.57514763
v 20.4975357 1.99753392 9.51276779
v 20.4901505 1.99015069 9.57514763
v 20.4778976 1.97789586 9.63675499
v 20.4975357 1.99753392 -9.51276779
v -20.265686 1.76568544 -10.0156851
v -20.170229 1.84721363 -10.0972137
v -20.1179981 1.88211215 -10.1321125
v -20.0631905 1.9128052 -10.1628056
v -20.0061455 1.9391036 -10.1891041
v 20.1702271 1.84721363 -10.0972137
v 20.118 1.88211215 -10.1321125
v 19.9472122 1.96084523 -10.2108459
v 20.0061455 1.9391036 -10.1891041
v 20.0631905 1.9128052 -10.1628056
v -19.9472141 1.96084523 -10.2108459
v -19.8867569 1.97789586 -10.2278967
v -19.8251476 1.99015069 -10.2401505
v 19.7627678 1.99753392 -10.2475338
v 19.8251457 1.99015069 -10.2401505
v 19.8867569 1.97789586 -10.2278967
v -19.7627678 1.99753392 -10.2475338
v -20.265686 1.76568544 10.0156841
v -20.170229 1.84721363 10.0972137
v -20.1179981 1.88211215 10.1321125
v 20.1702271 1.84721363 10.0972137
v -19.9472141 1.96084523 10.2108459
v -20.0061455 1.9391036 10.1891041
v -20.0631905 1.9128052 10.1628056
v 20.118 1.88211215 10.1321125
v 20.0631905 1.9128052 10.1628056
v 20.0061455 1.9391036 10.1891041
v -19.7627678 1.99753392 10.2475338
v -19.8251476 1.99015069 10.2401505
v -19.8867569 1.97789586 10.2278957
v 19.9472122 1.96084523 10.2108459
v 19.8867569 1.97789586 10.2278957
v 19.8251457 1.99015069 10.2401505
v 19.7627678 1.99753392 10.2475338
v -20.3472137 1.84721363 -9.920228
v -20.3821106 1.88211215 -9.86799908
v -20.3472137 1.84721363 9.92022896
v -20.4608459 1.96084523 -9.69721413
v -20.4391022 1.9391036 -9.75614738
v -20.4128036 1.9128052 -9.81319237
v -20.3821106 1.88211215 9.86799812
v -20.4128036 1.9128052 9.81319237
v -20.4391022 1.9391036 9.75614738
v -20.4975357 1.99753392 -9.51276779
v -20.4901505 1.99015069 -9.57514763
v -20.4778976 1.97789586 -9.63675594
v -20.4608459 1.96084523 9.69721413
v -20.4778976 1.97789586 9.63675499
v -20.4901505 1.99015069 9.57514763
v -20.4975357 1.99753392 9.51276779
v -20.4901505 36.6000023 -9.57514763
v -20.4608459 36.6000023 -9.69721413
v -20.4128036 36.6000023 -9.81319237
v -20.3472137 36.6000023 -9.920228
v -20.265686 36.6000023 -10.0156851
v -20.170229 36.6000023 -10.0972137
v -20.0631905 36.6000023 -10.1628056
v -19.9472141 36.6000023 -10.2108459
v -19.8251476 36.6000023 -10.2401505
v -19.8251476 36.6000023 10.2401505
v -19.9472141 36.6000023 10.2108459
v -20.0631905 36.6000023 10.1628056
v -20.170229 36.6000023 10.0972137
v -20.265686 36.6000023 10.0156841
v -20.3472137 36.6000023 9.92022896
v -20.4128036 36.6000023 9.81319237
v -20.4608459 36.6000023 9.69721413
v -20.4901505 36.6000023 9.57514763
v 19.8251457 36.6000023 -10.2401505
v 19.9472122 36.6000023 -10.2108459
v 20.0631905 36.6000023 -10.1628056
v 20.1702271 36.6000023 -10.0972137
v 20.265686 36.6000023 -10.0156851
v 20.3472137 36.6000023 -9.920228
v 20.4128036 36.6000023 -9.81319237
v 20.4608459 36.6000023 -9.69721413
v 20.4901505 36.6000023 -9.57514763
v 20.4901505 36.6000023 9.57514763
v 20.4608459 36.6000023 9.69721413
v 20.4128036 36.6000023 9.81319237
v 20.3472137 36.6000023 9.92022896
v 20.265686 36.6000023 10.0156841
v 20.1702271 36.6000023 10.0972137
v 20.0631905 36.6000023 10.1628056
v 19.9472122 36.6000023 10.2108459
v 19.8251457 36.6000023 10.2401505
v 15.6824074 38.3625755 2.3200264
v 16.0456924 38.3625755 1.88007355
v 16.3280411 38.3625755 1.38427639
v 16.5210648 38.3625755 0.847361565
v 16.3280411 38.3625755 -1.38427639
v 16.0456924 38.3625755 -1.88007355
v 15.6824074 38.3625755 -2.3200264
v 15.0553131 38.695076 -2.42078304
v 15.0908623 38.6804237 -2.47039604
v 15.1246376 38.6564026 -2.51753426
v 15.1558075 38.6236076 -2.56103802
v 15.1836052 38.5828438 -2.5998354
v 15.2073479 38.5351143 -2.63297176
v 15.2264481 38.4815979 -2.65963078
v 15.2404404 38.4236069 -2.6791563
v 15.2489738 38.3625755 -2.69106722
v 15.2489738 38.3625755 2.69106674
v 15.2404404 38.4236069 2.6791563
v 15.2073479 38.5351143 2.63297176
v 15.2264481 38.4815979 2.65963078
v 15.1558075 38.6236076 2.56103802
v 15.1836052 38.5828438 2.5998354
v 15.1246376 38.6564026 2.51753426
v 15.0908623 38.6804237 2.47039604
v 15.0553131 38.695076 2.42078304
v 15.4452133 38.695076 -2.08700943
v 15.4887505 38.6804237 -2.12978077
v 15.5301208 38.6564026 -2.17041969
v 15.5682983 38.6236076 -2.2079258
v 15.6023445 38.5828438 -2.24137402
v 15.631424 38.5351143 -2.26994133
v 15.6548195 38.4815979 -2.29292488
v 15.6719551 38.4236069 -2.30975723
v 16.0336342 38.4236069 -1.87175179
v 16.0138626 38.4815979 -1.85811138
v 15.986866 38.5351143 -1.83948612
v 15.9533157 38.5828438 -1.81633568
v 15.914032 38.6236076 -1.78923035
v 15.8699799 38.6564026 -1.7588377
v 15.8222504 38.6804237 -1.72590446
v 15.7720146 38.695076 -1.69124413
v 16.3147316 38.4236069 -1.37814999
v 16.2929115 38.4815979 -1.36810589
v 16.2631226 38.5351143 -1.35439205
v 16.2260933 38.5828438 -1.33734703
v 16.1827354 38.6236076 -1.31738949
v 16.1341209 38.6564026 -1.29501152
v 16.0814438 38.6804237 -1.27076435
v 16.0260048 38.695076 -1.24524307
v 16.5210648 38.3625755 -0.847362518
v 16.5069008 38.4236069 -0.843611717
v 16.4836807 38.4815979 -0.837463379
v 16.4519806 38.5351143 -0.829069138
v 16.4125748 38.5828438 -0.818634987
v 16.3664322 38.6236076 -0.806418419
v 16.3146973 38.6564026 -0.792720795
v 16.2586403 38.6804237 -0.777877808
v 16.1996422 38.695076 -0.762255669
v 16.2877693 38.695076 -0.256626129
v 16.3485756 38.6804237 -0.261885643
v 16.4063492 38.6564026 -0.266882896
v 16.4596672 38.6236076 -0.271494865
v 16.5072212 38.5828438 -0.275607109
v 16.5478325 38.5351143 -0.279120445
v 16.5805054 38.4815979 -0.281946182
v 16.604435 38.4236069 -0.284015656
v 16.6190338 38.3625755 -0.28527832
v 16.2877693 38.695076 0.256626129
v 16.3485756 38.6804237 0.261885643
v 16.4063492 38.6564026 0.266881943
v 16.4596672 38.6236076 0.271493912
v 16.5072212 38.5828438 0.275607109
v 16.5478325 38.5351143 0.279119492
v 16.5805054 38.4815979 0.281946182
v 16.604435 38.4236069 0.284015656
v 16.6190338 38.3625755 0.28527832
v 16.1996422 38.695076 0.762254715
v 16.2586403 38.6804237 0.777876854
v 16.3146973 38.6564026 0.792719841
v 16.3664322 38.6236076 0.806418419
v 16.4125748 38.5828438 0.818634987
v 16.4519806 38.5351143 0.829069138
v 16.4836807 38.4815979 0.837463379
v 16.5069008 38.4236069 0.843611717
v 16.3147316 38.4236069 1.37814903
v 16.2929115 38.4815979 1.36810589
v 16.2631226 38.5351143 1.35439205
v 16.2260933 38.5828438 1.33734703
v 16.1827354 38.6236076 1.31738949
v 16.1341209 38.6564026 1.29501152
v 16.0814438 38.6804237 1.2707634
v 16.0260048 38.695076 1.24524307
v 16.0336342 38.4236069 1.87175179
v 16.0138626 38.4815979 1.85811043
v 15.986866 38.5351143 1.83948612
v 15.9533157 38.5828438 1.81633568
v 15.914032 38.6236076 1.78923035
v 15.8699799 38.6564026 1.75883675
v 15.8222504 38.6804237 1.72590446
v 15.7720146 38.695076 1.69124317
v 15.6719551 38.4236069 2.30975723
v 15.6548195 38.4815979 2.29292393
v 15.631424 38.5351143 2.26994038
v 15.6023445 38.5828438 2.24137306
v 15.5682983 38.6236076 2.20792484
v 15.5301208 38.6564026 2.17041969
v 15.4887505 38.6804237 2.12978077
v 15.4452133 38.695076 2.08700848
v -6.99573135 38.962574 -9.71448994
v -9.36503792 38.962574 -10.2067823
v -10.576664 38.962574 -10.2398663
v -14.116827 38.962574 -9.48731899
v -15.210228 38.962574 -8.96424675
v -17.1744156 38.962574 -7.55076408
v -18.0177078 38.962574 -6.68013954
v -19.3678436 38.962574 -4.67188263
v -19.8557892 38.962574 -3.56235886
v -20.4950752 38.962574 0
v -20.4233742 38.962574 1.20995426
v -19.8557892 38.962574 3.56235886
v -19.3678436 38.962574 4.67188263
v -17.1744156 38.962574 7.55076408
v -16.2342033 38.962574 8.31570244
v -14.116827 38.962574 9.48731804
v -12.9693031 38.962574 9.87759781
v -10.576664 38.962574 10.2398663
v -9.36503792 38.962574 10.2067814
v -5.87121391 38.962574 9.26217079
v -5.12322998 38.9615364 -8.87023735
v -5.87121391 38.962574 -9.26217079
v -5.87747765 39.0236092 -9.2489233
v -5.21114349 39.2937813 8.54525375
v -5.21324158 39.2950783 8.53756714
v -6.01332664 39.2950745 8.96156883
v -5.22887039 39.2999649 8.4804039
v -5.98724174 39.2804222 9.01674652
v -5.96245575 39.2564011 9.06917191
v -5.18086052 39.2564201 8.6565609
v -5.18610191 39.2656174 8.63724709
v -5.19661331 39.2804337 8.5985775
v -5.20276642 39.2870445 8.57597923
v -5.93958282 39.2236061 9.11755562
v -5.91918373 39.1828423 9.16070557
v -5.15346909 39.182869 8.75781822
v -5.15633774 39.1931114 8.74718666
v -5.16636276 39.2236252 8.71008682
v -5.16981125 39.2325096 8.69734573
v -5.13365746 39.0816154 8.83139229
v -5.1350193 39.0912285 8.82632828
v -5.9017601 39.1351128 9.19755936
v -5.14248085 39.1351318 8.79859352
v -5.14415169 39.1434441 8.79238701
v -5.12357712 38.9693489 8.86894226
v -5.12768745 39.0290108 8.85362434
v -5.87747765 39.0236092 9.24892426
v -5.887743 39.0815964 9.22720718
v -5.12327385 38.9625778 8.87007523
v -5.12197876 38.9090271 8.874897
v -5.887743 39.0815964 -9.22720814
v -5.12768745 39.0290108 -8.85362339
v -5.12695885 39.020771 -8.85633373
v -5.9017601 39.1351128 -9.19755936
v -5.13433838 39.0864944 -8.82886314
v -5.13365746 39.0816078 -8.83139801
v -5.91918373 39.1828423 -9.16070557
v -5.14415169 39.1434441 -8.79238701
v -5.14248085 39.1351318 -8.79859257
v -5.93958282 39.2236061 -9.11755562
v -5.15569687 39.1908875 -8.74956322
v -5.15346718 39.1828613 -8.75782299
v -5.96245575 39.2564011 -9.06917286
v -5.16981125 39.2325096 -8.69734478
v -5.16636276 39.2236252 -8.71008587
v -5.98724174 39.2804222 -9.01674652
v -5.18525505 39.2642174 -8.64036655
v -5.18086052 39.2564163 -8.65656662
v -6.01332664 39.2950745 -8.96156979
v -5.20276642 39.2870445 -8.57597923
v -5.19661331 39.2804337 -8.59857559
v -5.22887039 39.2999649 -8.48040485
v -5.22029114 39.2983055 -8.51176262
v -5.21324539 39.2950783 -8.53755379
v -8.2334404 39.2950745 9.70528793
v -9.39375877 39.2950745 9.87552452
v -8.22102547 39.2804222 9.76504517
v -9.38848686 39.2804222 9.93632889
v -8.20922852 39.2564011 9.82182121
v -9.38347816 39.2564011 9.99410248
v -8.19833946 39.2236061 9.87421989
v -9.37885475 39.2236061 10.0474186
v -8.18863106 39.1828423 9.92094994
v -9.37473297 39.1828423 10.0949688
v -8.18033791 39.1351128 9.96086121
v -9.3712101 39.1351128 10.1355801
v -8.173666 39.0815964 9.99297142
v -9.36837769 39.0815964 10.1682549
v -8.16877937 39.0236092 10.016489
v -9.36630249 39.0236092 10.1921844
v -8.16579819 38.962574 10.0308361
v -18.4763393 39.2950745 5.53050232
v -19.0719261 39.2950745 4.520257
v -18.526989 39.2804222 5.56455421
v -19.1262436 39.2804222 4.54808903
v -18.5751152 39.2564011 5.59690857
v -19.1778526 39.2564011 4.57453251
v -18.6195297 39.2236061 5.6267662
v -19.2254829 39.2236061 4.59893799
v -18.6591377 39.1828423 5.65339661
v -19.2679596 39.1828423 4.62070274
v -18.6929684 39.1351128 5.67613983
v -19.3042374 39.1351128 4.63929176
v -18.7201843 39.0815964 5.69443703
v -19.3334255 39.0815964 4.65424728
v -18.7401199 39.0236092 5.70783806
v -19.3548031 39.0236092 4.66520023
v -18.7522774 38.962574 5.71601486
v -19.886055 39.2950745 -2.32498646
v -19.544035 39.2950745 -3.44674397
v -19.945385 39.2804222 -2.33930111
v -19.6012592 39.2804222 -3.4679656
v -20.0017586 39.2564011 -2.35290241
v -19.6556301 39.2564011 -3.48812962
v -20.0537815 39.2236061 -2.36545563
v -19.7058067 39.2236061 -3.50673819
v -20.1001797 39.1828423 -2.37664986
v -19.7505608 39.1828423 -3.5233345
v -20.1398048 39.1351128 -2.3862114
v -19.7887802 39.1351128 -3.53750849
v -20.1716881 39.0815964 -2.39390373
v -19.8195267 39.0815964 -3.54891205
v -20.1950378 39.0236092 -2.39953709
v -19.8420486 39.0236092 -3.55726433
v -20.2092819 38.962574 -2.40297413
v -11.7339401 39.2950745 -9.80086899
v -10.566061 39.2950745 -9.90753365
v -11.7430763 39.2804222 -9.86121559
v -10.5680065 39.2804222 -9.96853638
v -11.7517586 39.2564011 -9.91855145
v -10.5698566 39.2564011 -10.0264959
v -11.7597694 39.2236061 -9.97146511
v -10.5715618 39.2236061 -10.0799866
v -11.7669144 39.1828423 -10.0186558
v -10.5730839 39.1828423 -10.1276903
v -11.7730179 39.1351128 -10.0589609
v -10.5743847 39.1351128 -10.1684341
v -11.7779274 39.0815964 -10.0913868
v -10.5754299 39.0815964 -10.2012129
v -11.7815228 39.0236092 -10.1151361
v -10.5761967 39.0236092 -10.2252207
v -11.7837162 38.962574 -10.1296244
v -6.99573135 38.962574 9.71448898
v -7.00038528 39.0236092 9.70059586
v -7.00801468 39.0815964 9.67782021
v -7.01843262 39.1351128 9.64672279
v -7.03138161 39.1828423 9.60806847
v -7.04654121 39.2236061 9.56281281
v -7.06354141 39.2564011 9.51206589
v -7.08196259 39.2804222 9.45708084
v -7.10134888 39.2950745 9.39920807
v -10.5761967 39.0236092 10.2252197
v -10.5754299 39.0815964 10.2012119
v -10.5743847 39.1351128 10.1684341
v -10.5730839 39.1828423 10.1276913
v -10.5715618 39.2236061 10.0799866
v -10.5698566 39.2564011 10.026495
v -10.5680065 39.2804222 9.96853638
v -10.566061 39.2950745 9.90753365
v -11.7837162 38.962574 10.1296234
v -11.7815228 39.0236092 10.1151371
v -11.7779274 39.0815964 10.0913868
v -11.7730179 39.1351128 10.05896
v -11.7669144 39.1828423 10.0186558
v -11.7597694 39.2236061 9.97146416
v -11.7517586 39.2564011 9.91855049
v -11.7430763 39.2804222 9.86121559
v -11.7339401 39.2950745 9.80086899
v -12.8810482 39.2950745 9.557024
v -12.8972483 39.2804222 9.61586761
v -12.9126406 39.2564011 9.67177773
v -12.9268446 39.2236061 9.72337532
v -12.9395132 39.1828423 9.76939201
v -12.9503326 39.1351128 9.80869293
v -12.9590378 39.0815964 9.84031296
v -12.965414 39.0236092 9.86347198
v -13.9913301 39.2950745 9.17940903
v -14.0143661 39.2804222 9.23592949
v -14.036253 39.2564011 9.28962898
v -14.0564528 39.2236061 9.33918762
v -14.0744667 39.1828423 9.38338661
v -14.0898523 39.1351128 9.42113686
v -14.102231 39.0815964 9.45150566
v -14.1112976 39.0236092 9.47374916
v -15.210228 38.962574 8.96424675
v -15.2031345 39.0236092 8.95142365
v -15.1915045 39.0815964 8.93040657
v -15.1756268 39.1351128 8.90171242
v -15.1558905 39.1828423 8.866045
v -15.132782 39.2236061 8.8242836
v -15.1068707 39.2564011 8.77745438
v -15.0787954 39.2804222 8.72671509
v -15.0492449 39.2950745 8.67331314
v -16.0399857 39.2950745 8.04581833
v -16.075634 39.2804222 8.09535599
v -16.1095085 39.2564011 8.14242554
v -16.1407681 39.2236061 8.18586349
v -16.1686478 39.1828423 8.22460365
v -16.1924553 39.1351128 8.25769234
v -16.2116127 39.0815964 8.28431129
v -16.2256432 39.0236092 8.30380821
v -16.9496841 39.2950745 7.30570602
v -16.9909363 39.2804222 7.35068703
v -17.0301285 39.2564011 7.3934269
v -17.0663013 39.2236061 7.43287086
v -17.0985603 39.1828423 7.46804619
v -17.1261101 39.1351128 7.49809074
v -17.1482773 39.0815964 7.52226067
v -17.1645126 39.0236092 7.53996468
v -18.0177078 38.962574 6.68013954
v -18.0065994 39.0236092 6.67058563
v -17.9883881 39.0815964 6.65492439
v -17.9635239 39.1351128 6.6335392
v -17.9326172 39.1828423 6.6069603
v -17.8964291 39.2236061 6.57583809
v -17.8558502 39.2564011 6.54094315
v -17.8118858 39.2804222 6.50313187
v -17.7656097 39.2950745 6.46333694
v -19.544035 39.2950745 3.44674301
v -19.6012592 39.2804222 3.46796513
v -19.6556301 39.2564011 3.48812866
v -19.7058067 39.2236061 3.50673771
v -19.7505608 39.1828423 3.52333355
v -19.7887802 39.1351128 3.53750801
v -19.8195267 39.0815964 3.54891205
v -19.8420486 39.0236092 3.55726433
v -20.2092819 38.962574 2.40297413
v -20.1950378 39.0236092 2.39953709
v -20.1716881 39.0815964 2.39390278
v -20.1398048 39.1351128 2.38621044
v -20.1001797 39.1828423 2.37664986
v -20.0537815 39.2236061 2.36545467
v -20.0017586 39.2564011 2.35290241
v -19.945385 39.2804222 2.33930111
v -19.886055 39.2950745 2.3249855
v -20.0932007 39.2950745 1.17068577
v -20.1538086 39.2804222 1.17789364
v -20.2113914 39.2564011 1.18474293
v -20.264534 39.2236061 1.19106293
v -20.3119297 39.1828423 1.1967001
v -20.3524094 39.1351128 1.20151424
v -20.3849754 39.0815964 1.20538712
v -20.4088249 39.0236092 1.2082243
v -20.1625729 39.2950745 0
v -20.2236061 39.2804222 0
v -20.2815971 39.2564011 0
v -20.3351135 39.2236061 0
v -20.382843 39.1828423 0
v -20.4236069 39.1351128 0
v -20.4564037 39.0815964 0
v -20.480423 39.0236092 0
v -20.4233742 38.962574 -1.20995522
v -20.4088249 39.0236092 -1.2082243
v -20.3849754 39.0815964 -1.20538712
v -20.3524094 39.1351128 -1.20151424
v -20.3119297 39.1828423 -1.1967001
v -20.264534 39.2236061 -1.19106293
v -20.2113914 39.2564011 -1.18474293
v -20.1538086 39.2804222 -1.17789364
v -20.0932007 39.2950745 -1.17068577
v -19.3548031 39.0236092 -4.66520071
v -19.3334255 39.0815964 -4.65424728
v -19.3042374 39.1351128 -4.63929176
v -19.2679596 39.1828423 -4.62070322
v -19.2254829 39.2236061 -4.59893799
v -19.1778526 39.2564011 -4.57453346
v -19.1262436 39.2804222 -4.54808903
v -19.0719261 39.2950745 -4.52025747
v -18.7522774 38.962574 -5.71601439
v -18.7401199 39.0236092 -5.70783901
v -18.7201843 39.0815964 -5.6944375
v -18.6929684 39.1351128 -5.67613983
v -18.6591377 39.1828423 -5.65339661
v -18.6195297 39.2236061 -5.62676716
v -18.5751152 39.2564011 -5.59690809
v -18.526989 39.2804222 -5.56455421
v -18.4763393 39.2950745 -5.53050232
v -17.7656097 39.2950745 -6.46333742
v -17.8118858 39.2804222 -6.50313282
v -17.8558502 39.2564011 -6.5409441
v -17.8964291 39.2236061 -6.57583904
v -17.9326172 39.1828423 -6.6069603
v -17.9635239 39.1351128 -6.63354015
v -17.9883881 39.0815964 -6.65492392
v -18.0065994 39.0236092 -6.67058563
v -16.9496841 39.2950745 -7.30570602
v -16.9909363 39.2804222 -7.35068798
v -17.0301285 39.2564011 -7.39342737
v -17.0663013 39.2236061 -7.43287086
v -17.0985603 39.1828423 -7.46804714
v -17.1261101 39.1351128 -7.49809074
v -17.1482773 39.0815964 -7.52226162
v -17.1645126 39.0236092 -7.53996468
v -16.2342033 38.962574 -8.31570244
v -16.2256432 39.0236092 -8.30380821
v -16.2116127 39.0815964 -8.28431129
v -16.1924553 39.1351128 -8.25769234
v -16.1686478 39.1828423 -8.22460461
v -16.1407681 39.2236061 -8.18586445
v -16.1095085 39.2564011 -8.14242554
v -16.075634 39.2804222 -8.09535694
v -16.0399857 39.2950745 -8.04581833
v -15.0492449 39.2950745 -8.67331314
v -15.0787954 39.2804222 -8.72671604
v -15.1068707 39.2564011 -8.77745533
v -15.132782 39.2236061 -8.8242836
v -15.1558905 39.1828423 -8.866045
v -15.1756268 39.1351128 -8.90171242
v -15.1915045 39.0815964 -8.93040752
v -15.2031345 39.0236092 -8.9514246
v -13.9913301 39.2950745 -9.17940998
v -14.0143661 39.2804222 -9.23592854
v -14.036253 39.2564011 -9.28962898
v -14.0564528 39.2236061 -9.33918858
v -14.0744667 39.1828423 -9.38338661
v -14.0898523 39.1351128 -9.42113686
v -14.102231 39.0815964 -9.45150661
v -14.1112976 39.0236092 -9.47374916
v -12.9693031 38.962574 -9.87759876
v -12.965414 39.0236092 -9.86347198
v -12.9590378 39.0815964 -9.84031391
v -12.9503326 39.1351128 -9.80869389
v -12.9395132 39.1828423 -9.76939201
v -12.9268446 39.2236061 -9.72337532
v -12.9126406 39.2564011 -9.67177773
v -12.8972483 39.2804222 -9.61586761
v -12.8810482 39.2950745 -9.557024
v -9.39375877 39.2950745 -9.87552357
v -9.38848686 39.2804222 -9.93632889
v -9.38347816 39.2564011 -9.99410152
v -9.37885475 39.2236061 -10.0474195
v -9.37473297 39.1828423 -10.0949697
v -9.3712101 39.1351128 -10.135581
v -9.36837769 39.0815964 -10.1682549
v -9.36630249 39.0236092 -10.1921844
v -8.16579819 38.962574 -10.0308361
v -8.16877937 39.0236092 -10.01649
v -8.173666 39.0815964 -9.99297237
v -8.18033791 39.1351128 -9.96086216
v -8.18863106 39.1828423 -9.92094994
v -8.19833946 39.2236061 -9.87421989
v -8.20922852 39.2564011 -9.82182121
v -8.22102547 39.2804222 -9.76504517
v -8.2334404 39.2950745 -9.70528793
v -7.10134888 39.2950745 -9.39920807
v -7.08196259 39.2804222 -9.45708084
v -7.06354141 39.2564011 -9.51206589
v -7.04654121 39.2236061 -9.56281281
v -7.03138161 39.1828423 -9.60806942
v -7.01843262 39.1351128 -9.64672184
v -7.00801468 39.0815964 -9.67782021
v -7.00038528 39.0236092 -9.70059586
v 14.462574 39.2950745 8.53757286
v 14.5236053 39.2804222 8.59860611
v 14.5815964 39.2564011 8.65659523
v 14.6351128 39.2236061 8.71011353
v 14.6828423 39.1828423 8.75784302
v 14.7236061 39.1351128 8.79860687
v 14.7410545 39.1089973 8.8160553
v 14.7564011 39.0815964 8.83140182
v 14.7695541 39.0530739 8.84455109
v 14.7804222 39.0236092 8.85542297
v 14.7889481 38.9933777 8.86394882
v 14.7950745 38.962574 8.87007523
v 14.7987671 38.931385 8.87376785
v 14.7987671 38.931385 -8.87376785
v 14.7950745 38.962574 -8.87007523
v 14.7889481 38.9933777 -8.86394882
v 14.7804222 39.0236092 -8.85542297
v 14.7695541 39.0530739 -8.84455204
v 14.7564011 39.0815964 -8.83140278
v 14.7410545 39.1089973 -8.81605625
v 14.7236061 39.1351128 -8.79860687
v 14.6828423 39.1828423 -8.75784302
v 14.6351128 39.2236061 -8.71011448
v 14.5815964 39.2564011 -8.65659618
v 14.5236053 39.2804222 -8.59860706
v 14.462574 39.2950745 -8.53757381
v -10.2301464 36.9980392 -10.2499952
v -9.95097923 36.946167 -10.2499533
v -9.94977951 36.9521713 -10.2498121
v -9.9485817 36.9581757 -10.2495775
v -9.94738197 36.9641762 -10.2492495
v -9.94618607 36.9701691 -10.2488279
v -9.94499016 36.9761543 -10.248313
v -9.94379616 36.982132 -10.2477036
v -9.94260406 36.9880981 -10.2470016
v -9.94141769 36.994091 -10.2462015
v -8.73838234 36.9773712 -10.1579256
v -8.77305412 36.7554893 -10.2488174
v -8.76833725 36.7856789 -10.2452765
v -8.76367569 36.8155098 -10.239398
v -8.75909805 36.8448067 -10.2312174
v -8.75463104 36.873394 -10.2207823
v -8.75029945 36.9011002 -10.2081547
v -8.7461319 36.9277763 -10.193409
v -8.74215126 36.9532433 -10.1766329
v -8.00348091 36.6761551 -10.2471151
v -7.99931908 36.7232285 -10.2385035
v -7.9952774 36.76894 -10.224287
v -7.99141693 36.8126221 -10.2046719
v -7.98778915 36.8536453 -10.1799421
v -7.98444939 36.8914223 -10.1504536
v -7.98144722 36.9254036 -10.1166306
v -7.9788208 36.9551048 -10.0789623
v -7.97686577 36.9807968 -10.0366974
v -7.41451073 36.9950752 -9.91257381
v -7.41451073 36.6625748 -10.2450752
v -7.41451073 36.7236061 -10.230423
v -7.41451073 36.7815971 -10.2064028
v -7.41451073 36.8351135 -10.1736069
v -7.41451073 36.882843 -10.132843
v -7.41451073 36.9236069 -10.0851145
v -7.41451073 36.9564018 -10.0315962
v -7.41451073 36.980423 -9.97360706
v 19.7000008 36.6625748 -10.2450752
v 19.7000008 36.7236061 -10.230423
v 19.7000008 36.7815971 -10.2064028
v 19.7000008 36.8351135 -10.1736069
v 19.7000008 36.882843 -10.132843
v 19.7000008 36.9236069 -10.0851145
v 19.7000008 36.9564018 -10.0315962
v 19.7000008 36.980423 -9.97360706
v 19.7000008 36.9950752 -9.91257381
v -8.73838234 36.9773712 10.1579247
v -10.2301464 36.9980392 10.2499943
v -9.95097923 36.946167 10.2499523
v -9.94977951 36.9521713 10.2498112
v -9.9485817 36.9581757 10.2495766
v -9.94738197 36.9641762 10.2492504
v -9.94618607 36.9701691 10.248827
v -9.94499016 36.9761543 10.248312
v -9.94379616 36.982132 10.2477036
v -9.94260406 36.9880981 10.2470016
v -9.94141769 36.9940948 10.2462006
v -8.74215126 36.9532433 10.1766319
v -8.7461319 36.9277763 10.193409
v -8.75029945 36.9011002 10.2081547
v -8.75463104 36.873394 10.2207813
v -8.75909805 36.8448067 10.2312164
v -8.76367569 36.8155098 10.239397
v -8.76833725 36.7856789 10.2452774
v -8.77305412 36.7554893 10.2488174
v -7.97686577 36.9807968 10.0366974
v -7.9788208 36.9551048 10.0789623
v -7.98144722 36.9254036 10.1166306
v -7.98444939 36.8914223 10.1504536
v -7.98778915 36.8536453 10.1799412
v -7.99141693 36.8126221 10.2046719
v -7.9952774 36.76894 10.224287
v -7.99931908 36.7232285 10.2385025
v -8.00348091 36.6761551 10.2471142
v -7.41451073 36.9950752 9.91257286
v -7.41451073 36.980423 9.97360611
v -7.41451073 36.9564018 10.0315952
v -7.41451073 36.9236069 10.0851135
v -7.41451073 36.882843 10.132843
v -7.41451073 36.8351135 10.1736069
v -7.41451073 36.7815971 10.2064018
v -7.41451073 36.7236061 10.230423
v -7.41451073 36.6625748 10.2450752
v 20.4950752 36.6625748 -9.44999981
v 20.4852867 36.6625748 -9.57437706
v 20.480423 36.7236061 -9.44999981
v 20.4708138 36.7236061 -9.57208538
v 20.4564018 36.7815971 -9.44999981
v 20.4470901 36.7815971 -9.56832695
v 20.4236069 36.8351135 -9.44999981
v 20.4146996 36.8351135 -9.56319714
v 20.382843 36.882843 -9.44999981
v 20.3744354 36.882843 -9.55681992
v 20.3351135 36.9236069 -9.44999981
v 20.3272934 36.9236069 -9.5493536
v 20.2815971 36.9564018 -9.44999981
v 20.274437 36.9564018 -9.54098129
v 20.2236061 36.980423 -9.44999981
v 20.2171593 36.980423 -9.5319109
v 20.1625748 36.9950752 -9.44999981
v 20.1568794 36.9950752 -9.52236271
v 20.4561615 36.6625748 -9.69569206
v 20.4422264 36.7236061 -9.69116402
v 20.4193802 36.7815971 -9.68374157
v 20.3881912 36.8351135 -9.67360687
v 20.3494225 36.882843 -9.66101074
v 20.3040314 36.9236069 -9.64626122
v 20.2531319 36.9564018 -9.6297226
v 20.197979 36.980423 -9.61180305
v 20.1399345 36.9950752 -9.59294319
v 20.4084167 36.6625748 -9.810956
v 20.395359 36.7236061 -9.80430508
v 20.3739586 36.7815971 -9.79339981
v 20.344738 36.8351135 -9.77851105
v 20.3084183 36.882843 -9.760005
v 20.265892 36.9236069 -9.73833561
v 20.2182083 36.9564018 -9.71403885
v 20.1665382 36.980423 -9.68771267
v 20.1121559 36.9950752 -9.66000366
v 20.3432274 36.6625748 -9.9173336
v 20.3313751 36.7236061 -9.90872097
v 20.3119431 36.7815971 -9.89460182
v 20.2854118 36.8351135 -9.8753252
v 20.25243 36.882843 -9.85136414
v 20.2138176 36.9236069 -9.82331085
v 20.1705208 36.9564018 -9.7918539
v 20.1236076 36.980423 -9.75776863
v 20.0742302 36.9950752 -9.72189426
v 20.2622032 36.6625748 -10.0122032
v 20.2518425 36.7236061 -10.0018425
v 20.2348557 36.7815971 -9.98485756
v 20.2116661 36.8351135 -9.96166801
v 20.1828423 36.882843 -9.93284321
v 20.1490936 36.9236069 -9.89909363
v 20.111248 36.9564018 -9.86125088
v 20.0702438 36.980423 -9.8202467
v 20.0270882 36.9950752 -9.77708912
v 20.1673355 36.6625748 -10.0932302
v 20.1587219 36.7236061 -10.0813751
v 20.1446037 36.7815971 -10.0619431
v 20.1253242 36.8351135 -10.0354109
v 20.1013641 36.882843 -10.0024319
v 20.0733109 36.9236069 -9.9638176
v 20.0418549 36.9564018 -9.92052174
v 20.0077705 36.980423 -9.87360764
v 19.9718933 36.9950752 -9.82423019
v 20.060955 36.6625748 -10.1584177
v 20.054306 36.7236061 -10.1453619
v 20.0433998 36.7815971 -10.1239595
v 20.028511 36.8351135 -10.094739
v 20.0100021 36.882843 -10.0584173
v 19.9883347 36.9236069 -10.0158911
v 19.9640388 36.9564018 -9.96820641
v 19.9377136 36.980423 -9.91653728
v 19.9100037 36.9950752 -9.86215687
v 19.945694 36.6625748 -10.2061625
v 19.9411659 36.7236061 -10.1922255
v 19.9337425 36.7815971 -10.1693811
v 19.9236069 36.8351135 -10.1381912
v 19.9110107 36.882843 -10.0994225
v 19.8962631 36.9236069 -10.0540295
v 19.8797226 36.9564018 -10.0031309
v 19.861805 36.980423 -9.94797993
v 19.8429413 36.9950752 -9.88993454
v 19.8243752 36.6625748 -10.2352867
v 19.8220863 36.7236061 -10.2208147
v 19.8183289 36.7815971 -10.1970901
v 19.8131981 36.8351135 -10.1646976
v 19.8068199 36.882843 -10.1244354
v 19.7993546 36.9236069 -10.0772953
v 19.7909813 36.9564018 -10.024436
v 19.7819099 36.980423 -9.96716022
v 19.7723618 36.9950752 -9.90687847
v 19.7000008 36.6625748 10.2450752
v 19.7000008 36.7236061 10.230423
v 19.7000008 36.7815971 10.2064018
v 19.7000008 36.8351135 10.1736069
v 19.7000008 36.882843 10.132843
v 19.7000008 36.9236069 10.0851135
v 19.7000008 36.9564018 10.0315952
v 19.7000008 36.980423 9.97360611
v 19.7000008 36.9950752 9.91257286
v 20.4950752 36.6625748 9.44999886
v 20.480423 36.7236061 9.44999886
v 20.4564018 36.7815971 9.44999886
v 20.4236069 36.8351135 9.44999886
v 20.382843 36.882843 9.44999886
v 20.3351135 36.9236069 9.44999886
v 20.2815971 36.9564018 9.44999886
v 20.2236061 36.980423 9.44999886
v 20.1625748 36.9950752 9.44999886
v 19.8243752 36.6625748 10.2352867
v 19.8220863 36.7236061 10.2208138
v 19.8183289 36.7815971 10.1970901
v 19.8131981 36.8351135 10.1646976
v 19.8068199 36.882843 10.1244354
v 19.7993546 36.9236069 10.0772953
v 19.7909813 36.9564018 10.024435
v 19.7819099 36.980423 9.96716118
v 19.7723618 36.9950752 9.90687943
v 19.945694 36.6625748 10.2061615
v 19.9411659 36.7236061 10.1922264
v 19.9337425 36.7815971 10.1693802
v 19.9236069 36.8351135 10.1381912
v 19.9110107 36.882843 10.0994225
v 19.8962631 36.9236069 10.0540295
v 19.8797226 36.9564018 10.00313
v 19.861805 36.980423 9.94797897
v 19.8429413 36.9950752 9.88993454
v 20.060955 36.6625748 10.1584167
v 20.054306 36.7236061 10.1453609
v 20.0433998 36.7815971 10.1239605
v 20.028511 36.8351135 10.094738
v 20.0100021 36.882843 10.0584164
v 19.9883347 36.9236069 10.0158901
v 19.9640388 36.9564018 9.96820641
v 19.9377136 36.980423 9.91653824
v 19.9100037 36.9950752 9.86215591
v 20.1673355 36.6625748 10.0932293
v 20.1587219 36.7236061 10.0813751
v 20.1446037 36.7815971 10.0619431
v 20.1253242 36.8351135 10.0354099
v 20.1013641 36.882843 10.0024319
v 20.0733109 36.9236069 9.9638176
v 20.0418549 36.9564018 9.92052078
v 20.0077705 36.980423 9.87360764
v 19.9718933 36.9950752 9.82423019
v 20.2622032 36.6625748 10.0122032
v 20.2518425 36.7236061 10.0018425
v 20.2348557 36.7815971 9.98485756
v 20.2116661 36.8351135 9.96166801
v 20.1828423 36.882843 9.93284225
v 20.1490936 36.9236069 9.89909363
v 20.111248 36.9564018 9.86124992
v 20.0702438 36.980423 9.82024574
v 20.0270882 36.9950752 9.77708817
v 20.3432274 36.6625748 9.9173336
v 20.3313751 36.7236061 9.90872002
v 20.3119431 36.7815971 9.89460182
v 20.2854118 36.8351135 9.87532616
v 20.25243 36.882843 9.85136414
v 20.2138176 36.9236069 9.82331085
v 20.1705208 36.9564018 9.79185295
v 20.1236076 36.980423 9.75776863
v 20.0742302 36.9950752 9.72189331
v 20.4084167 36.6625748 9.81095695
v 20.395359 36.7236061 9.80430412
v 20.3739586 36.7815971 9.79339981
v 20.344738 36.8351135 9.77851105
v 20.3084183 36.882843 9.76000404
v 20.265892 36.9236069 9.73833466
v 20.2182083 36.9564018 9.71403885
v 20.1665382 36.980423 9.68771172
v 20.1121559 36.9950752 9.66000366
v 20.4561615 36.6625748 9.69569206
v 20.4422264 36.7236061 9.69116402
v 20.4193802 36.7815971 9.68374062
v 20.3881912 36.8351135 9.67360687
v 20.3494225 36.882843 9.66101074
v 20.3040314 36.9236069 9.64626122
v 20.2531319 36.9564018 9.6297226
v 20.197979 36.980423 9.61180305
v 20.1399345 36.9950752 9.59294319
v 20.4852867 36.6625748 9.57437706
v 20.4708138 36.7236061 9.57208443
v 20.4470901 36.7815971 9.56832695
v 20.4146996 36.8351135 9.56319809
v 20.3744354 36.882843 9.55681992
v 20.3272934 36.9236069 9.54935265
v 20.274437 36.9564018 9.54098129
v 20.2171593 36.980423 9.53190994
v 20.1568794 36.9950752 9.52236176
v -20.2866974 36.9807968 2.27313423
v -20.4962006 36.9940987 0.308582306
v -20.4970016 36.9880981 0.307395935
v -20.4977036 36.982132 0.306203842
v -20.4983139 36.9761543 0.305009842
v -20.498827 36.9701691 0.303813934
v -20.4992485 36.9641762 0.302617073
v -20.4995766 36.9581757 0.301418304
v -20.4998131 36.9521713 0.300219536
v -20.4999542 36.946167 0.299019814
v -20.4988174 36.7554893 1.47694492
v -20.4952774 36.7856789 1.48166275
v -20.489399 36.8155098 1.48632431
v -20.4812164 36.8448067 1.49090195
v -20.4707813 36.873394 1.49536896
v -20.4581547 36.9011002 1.49969959
v -20.443409 36.9277763 1.50386715
v -20.4266319 36.9532433 1.50784779
v -20.4072895 36.9781532 1.51155376
v -20.3289604 36.9551048 2.2711792
v -20.3666306 36.9254036 2.26855373
v -20.4004536 36.8914223 2.26554966
v -20.4299431 36.8536453 2.26220989
v -20.45467 36.8126221 2.25858307
v -20.474287 36.76894 2.25472164
v -20.4885025 36.7232285 2.25068092
v -20.4971161 36.6761551 2.24651909
v -20.1625729 36.9950752 2.83548927
v -20.2236061 36.980423 2.83548927
v -20.2815971 36.9564018 2.83548927
v -20.3351135 36.9236069 2.83548927
v -20.382843 36.882843 2.83548927
v -20.4236069 36.8351135 2.83548927
v -20.4564037 36.7815971 2.83548927
v -20.480423 36.7236061 2.83548927
v -20.4950752 36.6625748 2.83548927
v -20.4950752 36.6625748 9.44999886
v -20.480423 36.7236061 9.44999886
v -20.4564037 36.7815971 9.44999886
v -20.4236069 36.8351135 9.44999886
v -20.382843 36.882843 9.44999886
v -20.3351135 36.9236069 9.44999886
v -20.2815971 36.9564018 9.44999886
v -20.2236061 36.980423 9.44999886
v -20.1625729 36.9950752 9.44999886
v -20.4852867 36.6625748 9.57437706
v -20.4708138 36.7236061 9.57208443
v -20.4470901 36.7815971 9.56832695
v -20.4146996 36.8351135 9.56319809
v -20.3744354 36.882843 9.55681992
v -20.3272934 36.9236069 9.54935265
v -20.274437 36.9564018 9.54098129
v -20.2171593 36.980423 9.53190994
v -20.1568794 36.9950752 9.52236176
v -20.4561615 36.6625748 9.69569206
v -20.4422264 36.7236061 9.69116402
v -20.4193802 36.7815971 9.68374062
v -20.3881912 36.8351135 9.67360687
v -20.3494225 36.882843 9.66101074
v -20.3040295 36.9236069 9.64626122
v -20.2531319 36.9564018 9.6297226
v -20.197979 36.980423 9.61180305
v -20.1399345 36.9950752 9.59294319
v -20.4084167 36.6625748 9.81095695
v -20.3953609 36.7236061 9.80430412
v -20.3739586 36.7815971 9.79339981
v -20.344738 36.8351135 9.77851105
v -20.3084183 36.882843 9.76000404
v -20.2658901 36.9236069 9.73833466
v -20.2182064 36.9564018 9.71403885
v -20.1665363 36.980423 9.68771172
v -20.1121559 36.9950752 9.66000366
v -20.3432293 36.6625748 9.9173336
v -20.3313751 36.7236061 9.90872002
v -20.3119431 36.7815971 9.89460182
v -20.2854118 36.8351135 9.87532616
v -20.25243 36.882843 9.85136414
v -20.2138176 36.9236069 9.82331085
v -20.1705208 36.9564018 9.79185295
v -20.1236076 36.980423 9.75776863
v -20.0742302 36.9950752 9.72189331
v -20.2622032 36.6625748 10.0122032
v -20.2518425 36.7236061 10.0018425
v -20.2348557 36.7815971 9.98485756
v -20.2116661 36.8351135 9.96166801
v -20.1828423 36.882843 9.93284225
v -20.1490936 36.9236069 9.89909363
v -20.1112499 36.9564018 9.86124992
v -20.0702457 36.980423 9.82024574
v -20.0270901 36.9950752 9.77708817
v -20.1673336 36.6625748 10.0932293
v -20.1587219 36.7236061 10.0813751
v -20.1446018 36.7815971 10.0619431
v -20.1253262 36.8351135 10.0354099
v -20.1013641 36.882843 10.0024319
v -20.0733109 36.9236069 9.9638176
v -20.041853 36.9564018 9.92052078
v -20.0077686 36.980423 9.87360764
v -19.9718933 36.9950752 9.82423019
v -20.060955 36.6625748 10.1584167
v -20.054306 36.7236061 10.1453609
v -20.0433998 36.7815971 10.1239605
v -20.028511 36.8351135 10.094738
v -20.010004 36.882843 10.0584164
v -19.9883347 36.9236069 10.0158901
v -19.9640388 36.9564018 9.96820641
v -19.9377136 36.980423 9.91653824
v -19.9100037 36.9950752 9.86215591
v -19.9456921 36.6625748 10.2061615
v -19.941164 36.7236061 10.1922264
v -19.9337425 36.7815971 10.1693802
v -19.9236069 36.8351135 10.1381912
v -19.9110107 36.882843 10.0994225
v -19.8962612 36.9236069 10.0540295
v -19.8797226 36.9564018 10.00313
v -19.861805 36.980423 9.94797897
v -19.8429432 36.9950752 9.88993454
v -19.8243752 36.6625748 10.2352867
v -19.8220863 36.7236061 10.2208138
v -19.8183289 36.7815971 10.1970901
v -19.8131981 36.8351135 10.1646976
v -19.8068199 36.882843 10.1244354
v -19.7993546 36.9236069 10.0772953
v -19.7909813 36.9564018 10.024435
v -19.7819099 36.980423 9.96716118
v -19.7723618 36.9950752 9.90687943
v -19.7000008 36.6625748 10.2450752
v -19.7000008 36.7236061 10.230423
v -19.7000008 36.7815971 10.2064018
v -19.7000008 36.8351135 10.1736069
v -19.7000008 36.882843 10.132843
v -19.7000008 36.9236069 10.0851135
v -19.7000008 36.9564018 10.0315952
v -19.7000008 36.980423 9.97360611
v -19.7000008 36.9950752 9.91257286
v -10.5490208 36.946167 10.2499523
v -10.5502205 36.9521713 10.2498112
v -10.5514183 36.9581757 10.2495766
v -10.5526161 36.9641762 10.2492504
v -10.5538139 36.9701691 10.248827
v -10.5550098 36.9761543 10.248312
v -10.5562038 36.982132 10.2477036
v -10.5573959 36.9880981 10.2470016
v -10.5585823 36.9940948 10.2462006
v -11.7615566 36.9781342 10.1573067
v -11.726944 36.7554893 10.2488174
v -11.7316628 36.7856789 10.2452774
v -11.7363243 36.8155098 10.239397
v -11.7409019 36.8448067 10.2312164
v -11.745369 36.873394 10.2207813
v -11.7497005 36.9011002 10.2081547
v -11.7538681 36.9277763 10.193409
v -11.7578487 36.9532433 10.1766319
v -12.4965191 36.6761551 10.2471142
v -12.5006809 36.7232285 10.2385025
v -12.5047216 36.76894 10.224287
v -12.5085831 36.8126221 10.2046719
v -12.5122099 36.8536453 10.1799412
v -12.5155497 36.8914223 10.1504536
v -12.5185537 36.9254036 10.1166306
v -12.5211792 36.9551048 10.0789623
v -12.5231304 36.9808121 10.0366745
v -13.0854893 36.9950752 9.91257286
v -13.0854893 36.6625748 10.2450752
v -13.0854893 36.7236061 10.230423
v -13.0854893 36.7815971 10.2064018
v -13.0854893 36.8351135 10.1736069
v -13.0854893 36.882843 10.132843
v -13.0854893 36.9236069 10.0851135
v -13.0854893 36.9564018 10.0315952
v -13.0854893 36.980423 9.97360611
v -10.5585823 36.9940987 -10.2462006
v -10.5573959 36.9880981 -10.2470016
v -10.5562038 36.982132 -10.2477036
v -10.5550098 36.9761543 -10.248313
v -10.5538139 36.9701691 -10.2488279
v -10.5526161 36.9641762 -10.2492495
v -10.5514183 36.9581757 -10.2495775
v -10.5502205 36.9521713 -10.2498121
v -10.5490208 36.946167 -10.2499533
v -11.7615528 36.9781532 -10.1572905
v -11.726944 36.7554893 -10.2488174
v -11.7316628 36.7856789 -10.2452765
v -11.7363243 36.8155098 -10.239398
v -11.7409019 36.8448067 -10.2312174
v -11.745369 36.873394 -10.2207823
v -11.7497005 36.9011002 -10.2081547
v -11.7538681 36.9277763 -10.193409
v -11.7578487 36.9532433 -10.1766329
v -12.5231342 36.9807968 -10.0366974
v -12.5211792 36.9551048 -10.0789623
v -12.5185537 36.9254036 -10.1166306
v -12.5155497 36.8914223 -10.1504536
v -12.5122099 36.8536453 -10.1799421
v -12.5085831 36.8126221 -10.2046719
v -12.5047216 36.76894 -10.224287
v -12.5006809 36.7232285 -10.2385035
v -12.4965191 36.6761551 -10.2471151
v -13.0854893 36.9950752 -9.91257381
v -13.0854893 36.980423 -9.97360706
v -13.0854893 36.9564018 -10.0315962
v -13.0854893 36.9236069 -10.0851145
v -13.0854893 36.882843 -10.132843
v -13.0854893 36.8351135 -10.1736069
v -13.0854893 36.7815971 -10.2064028
v -13.0854893 36.7236061 -10.230423
v -13.0854893 36.6625748 -10.2450752
v -19.7000008 36.6625748 -10.2450752
v -19.7000008 36.7236061 -10.230423
v -19.7000008 36.7815971 -10.2064028
v -19.7000008 36.8351135 -10.1736069
v -19.7000008 36.882843 -10.132843
v -19.7000008 36.9236069 -10.0851145
v -19.7000008 36.9564018 -10.0315962
v -19.7000008 36.980423 -9.97360706
v -19.7000008 36.9950752 -9.91257381
v -19.8243752 36.6625748 -10.2352867
v -19.8220863 36.7236061 -10.2208147
v -19.8183289 36.7815971 -10.1970901
v -19.8131981 36.8351135 -10.1646976
v -19.8068199 36.882843 -10.1244354
v -19.7993546 36.9236069 -10.0772953
v -19.7909813 36.9564018 -10.024436
v -19.7819099 36.980423 -9.96716022
v -19.7723618 36.9950752 -9.90687847
v -19.9456921 36.6625748 -10.2061625
v -19.941164 36.7236061 -10.1922255
v -19.9337425 36.7815971 -10.1693811
v -19.9236069 36.8351135 -10.1381912
v -19.9110107 36.882843 -10.0994225
v -19.8962612 36.9236069 -10.0540295
v -19.8797226 36.9564018 -10.0031309
v -19.861805 36.980423 -9.94797993
v -19.8429432 36.9950752 -9.88993454
v -20.060955 36.6625748 -10.1584177
v -20.054306 36.7236061 -10.1453619
v -20.0433998 36.7815971 -10.1239595
v -20.028511 36.8351135 -10.094739
v -20.010004 36.882843 -10.0584173
v -19.9883347 36.9236069 -10.0158911
v -19.9640388 36.9564018 -9.96820641
v -19.9377136 36.980423 -9.91653728
v -19.9100037 36.9950752 -9.86215687
v -20.1673336 36.6625748 -10.0932302
v -20.1587219 36.7236061 -10.0813751
v -20.1446018 36.7815971 -10.0619431
v -20.1253262 36.8351135 -10.0354109
v -20.1013641 36.882843 -10.0024319
v -20.0733109 36.9236069 -9.9638176
v -20.041853 36.9564018 -9.92052174
v -20.0077686 36.980423 -9.87360764
v -19.9718933 36.9950752 -9.82423019
v -20.2622032 36.6625748 -10.0122032
v -20.2518425 36.7236061 -10.0018425
v -20.2348557 36.7815971 -9.98485756
v -20.2116661 36.8351135 -9.96166801
v -20.1828423 36.882843 -9.93284321
v -20.1490936 36.9236069 -9.89909363
v -20.1112499 36.9564018 -9.86125088
v -20.0702457 36.980423 -9.8202467
v -20.0270901 36.9950752 -9.77708912
v -20.3432293 36.6625748 -9.9173336
v -20.3313751 36.7236061 -9.90872097
v -20.3119431 36.7815971 -9.89460182
v -20.2854118 36.8351135 -9.8753252
v -20.25243 36.882843 -9.85136414
v -20.2138176 36.9236069 -9.82331085
v -20.1705208 36.9564018 -9.7918539
v -20.1236076 36.980423 -9.75776863
v -20.0742302 36.9950752 -9.72189426
v -20.4084167 36.6625748 -9.810956
v -20.3953609 36.7236061 -9.80430508
v -20.3739586 36.7815971 -9.79339981
v -20.344738 36.8351135 -9.77851105
v -20.3084183 36.882843 -9.760005
v -20.2658901 36.9236069 -9.73833561
v -20.2182064 36.9564018 -9.71403885
v -20.1665363 36.980423 -9.68771267
v -20.1121559 36.9950752 -9.66000366
v -20.4561615 36.6625748 -9.69569206
v -20.4422264 36.7236061 -9.69116402
v -20.4193802 36.7815971 -9.68374157
v -20.3881912 36.8351135 -9.67360687
v -20.3494225 36.882843 -9.66101074
v -20.3040295 36.9236069 -9.64626122
v -20.2531319 36.9564018 -9.6297226
v -20.197979 36.980423 -9.61180305
v -20.1399345 36.9950752 -9.59294319
v -20.4852867 36.6625748 -9.57437706
v -20.4708138 36.7236061 -9.57208538
v -20.4470901 36.7815971 -9.56832695
v -20.4146996 36.8351135 -9.56319714
v -20.3744354 36.882843 -9.55681992
v -20.3272934 36.9236069 -9.5493536
v -20.274437 36.9564018 -9.54098129
v -20.2171593 36.980423 -9.5319109
v -20.1568794 36.9950752 -9.52236271
v -20.4950752 36.6625748 -9.44999981
v -20.480423 36.7236061 -9.44999981
v -20.4564037 36.7815971 -9.44999981
v -20.4236069 36.8351135 -9.44999981
v -20.382843 36.882843 -9.44999981
v -20.3351135 36.9236069 -9.44999981
v -20.2815971 36.9564018 -9.44999981
v -20.2236061 36.980423 -9.44999981
v -20.1625729 36.9950752 -9.44999981
v -20.1625729 36.9950752 -2.83548927
v -20.4999542 36.946167 -0.299019814
v -20.4998131 36.9521713 -0.300219536
v -20.4995766 36.9581757 -0.301419258
v -20.4992485 36.9641762 -0.302617073
v -20.498827 36.9701691 -0.303813934
v -20.4983139 36.9761543 -0.305009842
v -20.4977036 36.982132 -0.306203842
v -20.4970016 36.9880981 -0.307395935
v -20.4962006 36.9940948 -0.30858326
v -20.4988174 36.7554893 -1.47694492
v -20.4952774 36.7856789 -1.48166275
v -20.489399 36.8155098 -1.48632431
v -20.4812164 36.8448067 -1.49090195
v -20.4707813 36.873394 -1.49536991
v -20.4581547 36.9011002 -1.49969959
v -20.443409 36.9277763 -1.50386715
v -20.4266319 36.9532433 -1.50784779
v -20.4073067 36.9781342 -1.51155663
v -20.2866745 36.9808121 -2.27313042
v -20.4971161 36.6761551 -2.24652004
v -20.4885025 36.7232285 -2.25068188
v -20.474287 36.76894 -2.2547226
v -20.45467 36.8126221 -2.25858402
v -20.4299431 36.8536453 -2.26221085
v -20.4004536 36.8914223 -2.26554966
v -20.3666306 36.9254036 -2.26855373
v -20.3289604 36.9551048 -2.2711792
v -20.4950752 36.6625748 -2.83548927
v -20.480423 36.7236061 -2.83548927
v -20.4564037 36.7815971 -2.83548927
v -20.4236069 36.8351135 -2.83548927
v -20.382843 36.882843 -2.83548927
v -20.3351135 36.9236069 -2.83548927
v -20.2815971 36.9564018 -2.83548927
v -20.2236061 36.980423 -2.83548927
v -25.5 6.70004559 2.80004501
v -25.5 3.8999548 2.80004501
v -25.5 6.70004559 -2.80004549
v -25.5 3.8999548 -2.80004549
v -7.17675591 45.2000008 3.07324505
v -7.17675591 45.2000008 1.875
v -5.1035099 45.2000008 1.875
v -8.375 45.2000008 5.1464901
v -8.375 45.2000008 3.07324505
v -10.0610161 45.2000008 -9.62228966
v -10.1863956 45.2000008 -9.64378834
v -8.375 45.2000008 -10.073246
v -17.9751015 45.2000008 -7.11145687
v -17.8964901 45.2000008 -5.14649057
v -19.040247 45.2000008 -5.74295568
v -16.699234 45.2000008 -8.28597546
v -15.3964911 45.2000008 -7.64649057
v -7.39421463 45.2000008 -10.1041822
v -8.37219048 45.2000008 -10.3307228
v -0.634380341 45.2000008 4.21780205
v -1.45975113 45.2000008 5.74295616
v -2.6035099 45.2000008 5.1464901
v -2.52489853 45.2000008 7.11145592
v -10.0610161 45.2000008 8.17069054
v -10.1863956 45.2000008 8.14919281
v -8.375 45.2000008 7.6464901
v -12.125 45.2000008 7.6464901
v -10.3136044 45.2000008 8.14919281
v -10.4389839 45.2000008 8.17069054
v -10.5589256 45.2000008 8.21306992
v -10.669981 45.2000008 8.27510834
v -10.7689533 45.2000008 8.35502243
v -8.37219048 45.2000008 10.3307228
v -9.55408287 45.2000008 9.1761322
v -9.51683426 45.2000008 9.05449867
v -9.5006752 45.2000008 8.92832184
v -9.50607491 45.2000008 8.80122566
v -9.53287506 45.2000008 8.67687416
v -10.8529987 45.2000008 8.45051575
v -10.9196949 45.2000008 8.55883789
v -10.9671249 45.2000008 8.67687416
v -10.3767509 45.2000008 9.63570213
v -10.25 45.2000008 9.6464901
v -10.25 45.2000008 10.5
v -9.7788353 45.2000008 9.48001671
v -9.68699646 45.2000008 9.39199638
v -8.52175713 45.2000008 10.3567944
v -9.5803051 45.2000008 8.55883789
v -9.64700317 45.2000008 8.45051575
v -9.73104668 45.2000008 8.35502243
v -9.830019 45.2000008 8.27510834
v -9.94107437 45.2000008 8.21306992
v -10.9939251 45.2000008 8.80122566
v -13.6593437 45.2000008 9.93108177
v -10.9993229 45.2000008 8.92832184
v -10.9831657 45.2000008 9.05449867
v -10.9459171 45.2000008 9.1761322
v -11.9782429 45.2000008 10.3567944
v -10.8886471 45.2000008 9.28972054
v -10.8130035 45.2000008 9.39199638
v -10.7211647 45.2000008 9.48001671
v -10.6157722 45.2000008 9.55125046
v -10.499855 45.2000008 9.60364914
v -9.61135292 45.2000008 9.28972054
v -10.1232491 45.2000008 9.63570213
v -10.000145 45.2000008 9.60364914
v -9.88422966 45.2000008 9.55125046
v -7.17675591 45.2000008 7.6464901
v -6.84065628 45.2000008 9.93108177
v -0.714862823 45.2000008 0.393230438
v -0.657592773 45.2000008 0.279642105
v 0.214138031 45.2000008 0.867082596
v -2.6035099 45.2000008 -1.875
v -1.66243553 45.2000008 -0.683421135
v -1.77349091 45.2000008 -0.621382713
v -2.1028347 45.2000008 0.0318307877
v -2.08667564 45.2000008 0.158009529
v -2.6035099 45.2000008 1.875
v -2.04942703 45.2000008 0.279642105
v -0.9335289 45.2000008 -0.621382713
v -1.04458427 45.2000008 -0.683421135
v -0.0712966919 45.2000008 -2.57759762
v -1.16452599 45.2000008 -0.725799561
v -1.28990555 45.2000008 -0.747298241
v -1.41711426 45.2000008 -0.747298241
v -1.54249382 45.2000008 -0.725799561
v -1.87246323 45.2000008 -0.541466713
v -1.95650673 45.2000008 -0.445975304
v -2.0232048 45.2000008 -0.33765316
v -1.3535099 45.2000008 0.75
v -1.22675896 45.2000008 0.739212036
v -0.0712966919 45.2000008 2.57759762
v -0.620344162 45.2000008 0.158009529
v -0.604185104 45.2000008 0.0318307877
v 0.214138031 45.2000008 -0.867083549
v -0.609584808 45.2000008 -0.0952634811
v -0.636384964 45.2000008 -0.21961689
v -1.99215698 45.2000008 0.393230438
v -1.91651344 45.2000008 0.495506287
v -1.82467461 45.2000008 0.583526611
v -1.71928024 45.2000008 0.654760361
v -1.60336494 45.2000008 0.707158089
v -1.48026085 45.2000008 0.739212036
v -0.8823452 45.2000008 0.583526611
v -0.790506363 45.2000008 0.495506287
v -0.683815002 45.2000008 -0.33765316
v -0.750511169 45.2000008 -0.445975304
v -0.834554672 45.2000008 -0.541466713
v -2.07063484 45.2000008 -0.21961689
v -2.097435 45.2000008 -0.0952634811
v -1.10365486 45.2000008 0.707158089
v -0.987737656 45.2000008 0.654760361
v -2.6035099 45.2000008 -5.14649057
v -1.45975113 45.2000008 -5.74295568
v -0.634380341 45.2000008 -4.21780205
v -2.52489853 45.2000008 -7.11145687
v -5.1035099 45.2000008 -7.64649057
v -3.80076599 45.2000008 -8.28597546
v -5.25255203 45.2000008 -9.23447418
v -6.84065628 45.2000008 -9.93108082
v -7.17675591 45.2000008 -7.64649057
v -7.17111778 45.2000008 -10.0384502
v -13.6593437 45.2000008 -9.93108082
v -11.9782429 45.2000008 -10.3567944
v -12.125 45.2000008 -10.073246
v -10.25 45.2000008 -10.5
v -8.52175713 45.2000008 -10.3567944
v -12.125 45.2000008 -7.64649057
v -15.247447 45.2000008 -9.23447418
v -15.3964911 45.2000008 -5.14649057
v -19.8656197 45.2000008 -4.21780205
v -17.8964901 45.2000008 -1.875
v -20.4287033 45.2000008 -2.57759762
v -20.323246 45.2000008 -1.875
v -20.714138 45.2000008 -0.867083549
v -20.714138 45.2000008 0.867082596
v -17.8964901 45.2000008 5.1464901
v -19.040247 45.2000008 5.74295616
v -19.8656197 45.2000008 4.21780205
v -15.247447 45.2000008 9.23447418
v -15.3964911 45.2000008 7.6464901
v -16.699234 45.2000008 8.2859745
v -17.9751015 45.2000008 7.11145592
v -12.125 45.2000008 3.07324505
v -13.4293652 45.2000008 -0.21961689
v -13.402565 45.2000008 -0.0952634811
v -13.8375645 45.2000008 -0.683421135
v -13.9575071 45.2000008 -0.725799561
v -15.3964911 45.2000008 -1.875
v -14.5664721 45.2000008 -0.621382713
v -14.6654444 45.2000008 -0.541466713
v -14.7494879 45.2000008 -0.445975304
v -14.816184 45.2000008 -0.33765316
v -14.863615 45.2000008 -0.21961689
v -14.8904152 45.2000008 -0.0952634811
v -14.8958149 45.2000008 0.0318307877
v -15.3964911 45.2000008 1.875
v -14.8796568 45.2000008 0.158009529
v -14.8424072 45.2000008 0.279642105
v -14.7851372 45.2000008 0.393230438
v -14.7094946 45.2000008 0.495506287
v -13.4767952 45.2000008 -0.33765316
v -13.5434923 45.2000008 -0.445975304
v -13.6275368 45.2000008 -0.541466713
v -13.7265091 45.2000008 -0.621382713
v -14.0828867 45.2000008 -0.747298241
v -14.2100945 45.2000008 -0.747298241
v -14.335474 45.2000008 -0.725799561
v -14.4554167 45.2000008 -0.683421135
v -13.4133244 45.2000008 0.158009529
v -13.3971663 45.2000008 0.0318307877
v -14.6176558 45.2000008 0.583526611
v -14.5122614 45.2000008 0.654760361
v -14.3963451 45.2000008 0.707158089
v -14.273241 45.2000008 0.739212036
v -14.1464901 45.2000008 0.75
v -14.0197401 45.2000008 0.739212036
v -13.6753254 45.2000008 0.583526611
v -13.5834856 45.2000008 0.495506287
v -13.507843 45.2000008 0.393230438
v -13.450573 45.2000008 0.279642105
v -13.896636 45.2000008 0.707158089
v -13.7807188 45.2000008 0.654760361
v -12.125 45.2000008 -5.14649057
v -10.9671249 45.2000008 -4.11610746
v -10.9939251 45.2000008 -3.99175406
v -10.3136044 45.2000008 -4.64378881
v -10.4389839 45.2000008 -4.62229013
v -10.1863956 45.2000008 -4.64378881
v -9.5006752 45.2000008 -3.86465979
v -9.50607491 45.2000008 -3.99175406
v -8.375 45.2000008 -5.14649057
v -9.53287506 45.2000008 -4.11610746
v -9.5803051 45.2000008 -4.23414326
v -9.64700317 45.2000008 -4.3424654
v -9.73104668 45.2000008 -4.43795776
v -9.830019 45.2000008 -4.51787233
v -9.94107437 45.2000008 -4.57991171
v -10.0610161 45.2000008 -4.62229013
v -10.5589256 45.2000008 -4.57991171
v -10.669981 45.2000008 -4.51787233
v -10.7689533 45.2000008 -4.43795776
v -10.9993229 45.2000008 -3.86465979
v -10.9831657 45.2000008 -3.73848104
v -10.8529987 45.2000008 -4.3424654
v -10.9196949 45.2000008 -4.23414326
v -10.25 45.2000008 -3.14649057
v -10.1232491 45.2000008 -3.15727854
v -10.8130035 45.2000008 -3.40098429
v -10.7211647 45.2000008 -3.31296349
v -10.9459171 45.2000008 -3.61684799
v -10.8886471 45.2000008 -3.50326014
v -10.000145 45.2000008 -3.18933249
v -9.88422966 45.2000008 -3.24172974
v -9.7788353 45.2000008 -3.31296349
v -9.68699646 45.2000008 -3.40098429
v -9.61135292 45.2000008 -3.50326014
v -9.55408287 45.2000008 -3.61684799
v -9.51683426 45.2000008 -3.73848104
v -10.6157722 45.2000008 -3.24172974
v -10.499855 45.2000008 -3.18933249
v -10.3767509 45.2000008 -3.15727854
v -7.17675591 45.2000008 -1.875
v -19.895813 45.2000008 0.0318307877
v -19.8796558 45.2000008 0.158009529
v -20.323246 45.2000008 1.875
v -18.4767952 45.2000008 -0.33765316
v -18.5434933 45.2000008 -0.445975304
v -18.6275368 45.2000008 -0.541466713
v -18.7265091 45.2000008 -0.621382713
v -18.8375626 45.2000008 -0.683421135
v -18.9575081 45.2000008 -0.725799561
v -19.0828857 45.2000008 -0.747298241
v -19.2100945 45.2000008 -0.747298241
v -19.3354721 45.2000008 -0.725799561
v -19.6654434 45.2000008 -0.541466713
v -19.7494888 45.2000008 -0.445975304
v -19.4554157 45.2000008 -0.683421135
v -19.5664711 45.2000008 -0.621382713
v -19.816185 45.2000008 -0.33765316
v -19.863615 45.2000008 -0.21961689
v -19.8904152 45.2000008 -0.0952634811
v -20.4287033 45.2000008 2.57759762
v -18.5834846 45.2000008 0.495506287
v -18.507843 45.2000008 0.393230438
v -17.8964901 45.2000008 1.875
v -18.450573 45.2000008 0.279642105
v -18.4133244 45.2000008 0.158009529
v -18.3971653 45.2000008 0.0318307877
v -18.402565 45.2000008 -0.0952634811
v -18.4293652 45.2000008 -0.21961689
v -19.8424072 45.2000008 0.279642105
v -19.7851372 45.2000008 0.393230438
v -19.7094936 45.2000008 0.495506287
v -19.6176567 45.2000008 0.583526611
v -19.5122623 45.2000008 0.654760361
v -19.396347 45.2000008 0.707158089
v -19.2732391 45.2000008 0.739212036
v -19.146492 45.2000008 0.75
v -19.0197411 45.2000008 0.739212036
v -18.896637 45.2000008 0.707158089
v -18.7807198 45.2000008 0.654760361
v -18.6753254 45.2000008 0.583526611
v -15.3964911 45.2000008 3.07324505
v -17.8964901 45.2000008 3.07324505
v -16.1275368 45.2000008 -0.541466713
v -16.2265091 45.2000008 -0.621382713
v -17.3958149 45.2000008 0.0318307877
v -17.3796577 45.2000008 0.158009529
v -16.5828857 45.2000008 -0.747298241
v -16.3375645 45.2000008 -0.683421135
v -16.4575081 45.2000008 -0.725799561
v -16.7100945 45.2000008 -0.747298241
v -16.8354721 45.2000008 -0.725799561
v -16.9554176 45.2000008 -0.683421135
v -17.0664711 45.2000008 -0.621382713
v -17.1654434 45.2000008 -0.541466713
v -17.2494869 45.2000008 -0.445975304
v -17.316185 45.2000008 -0.33765316
v -17.363615 45.2000008 -0.21961689
v -17.3904152 45.2000008 -0.0952634811
v -15.9293652 45.2000008 -0.21961689
v -15.9767962 45.2000008 -0.33765316
v -16.0434914 45.2000008 -0.445975304
v -16.0834866 45.2000008 0.495506287
v -16.007843 45.2000008 0.393230438
v -15.9505739 45.2000008 0.279642105
v -15.9133244 45.2000008 0.158009529
v -15.8971663 45.2000008 0.0318307877
v -15.902566 45.2000008 -0.0952634811
v -17.3424072 45.2000008 0.279642105
v -17.2851372 45.2000008 0.393230438
v -17.2094955 45.2000008 0.495506287
v -17.1176548 45.2000008 0.583526611
v -17.0122604 45.2000008 0.654760361
v -16.8963451 45.2000008 0.707158089
v -16.773241 45.2000008 0.739212036
v -16.6464882 45.2000008 0.75
v -16.5197411 45.2000008 0.739212036
v -16.396637 45.2000008 0.707158089
v -16.2807198 45.2000008 0.654760361
v -16.1753273 45.2000008 0.583526611
v -9.5006752 45.2000008 6.42832184
v -9.50607491 45.2000008 6.30122757
v -10.9993229 45.2000008 6.42832184
v -10.9831657 45.2000008 6.55449867
v -10.9939251 45.2000008 6.30122757
v -12.125 45.2000008 5.1464901
v -10.9671249 45.2000008 6.17687225
v -10.9196949 45.2000008 6.05883789
v -9.55408287 45.2000008 6.6761322
v -9.51683426 45.2000008 6.55449867
v -15.3964911 45.2000008 5.1464901
v -9.53287506 45.2000008 6.17687225
v -9.5803051 45.2000008 6.05883789
v -9.64700317 45.2000008 5.95051575
v -10.3136044 45.2000008 5.64919281
v -10.1863956 45.2000008 5.64919281
v -10.0610161 45.2000008 5.67069054
v -9.94107437 45.2000008 5.71306801
v -10.4389839 45.2000008 5.67069054
v -10.5589256 45.2000008 5.71306801
v -10.669981 45.2000008 5.77510834
v -9.73104668 45.2000008 5.85502243
v -9.830019 45.2000008 5.77510834
v -10.7689533 45.2000008 5.85502243
v -10.8529987 45.2000008 5.95051575
v -10.9459171 45.2000008 6.6761322
v -10.8886471 45.2000008 6.78972054
v -10.8130035 45.2000008 6.89199638
v -10.7211647 45.2000008 6.98001671
v -10.6157722 45.2000008 7.05125046
v -10.499855 45.2000008 7.10364914
v -9.7788353 45.2000008 6.98001671
v -9.88422966 45.2000008 7.05125046
v -10.000145 45.2000008 7.10364914
v -9.68699646 45.2000008 6.89199638
v -9.61135292 45.2000008 6.78972054
v -10.3767509 45.2000008 7.13570213
v -10.25 45.2000008 7.1464901
v -10.1232491 45.2000008 7.13570213
v -10.1863956 45.2000008 3.14919186
v -10.3136044 45.2000008 3.14919186
v -10.8529987 45.2000008 3.45051575
v -10.9196949 45.2000008 3.55883789
v -9.5803051 45.2000008 3.55883789
v -9.53287506 45.2000008 3.67687321
v -9.50607491 45.2000008 3.80122662
v -10.5589256 45.2000008 3.21306896
v -10.669981 45.2000008 3.27510834
v -10.7689533 45.2000008 3.35502338
v -10.9671249 45.2000008 3.67687321
v -10.9939251 45.2000008 3.80122662
v -10.9993229 45.2000008 3.92832088
v -20.3439102 45.2000008 2.89188004
v -10.9831657 45.2000008 4.05449963
v -10.4389839 45.2000008 3.17069054
v -9.51683426 45.2000008 4.05449963
v -9.5006752 45.2000008 3.92832088
v -9.64700317 45.2000008 3.45051575
v -9.73104668 45.2000008 3.35502338
v -9.830019 45.2000008 3.27510834
v -10.9459171 45.2000008 4.17613316
v -10.8886471 45.2000008 4.28972054
v -10.8130035 45.2000008 4.39199638
v -9.94107437 45.2000008 3.21306896
v -10.0610161 45.2000008 3.17069054
v -10.7211647 45.2000008 4.48001766
v -10.6157722 45.2000008 4.55125046
v -10.499855 45.2000008 4.60364819
v -10.3767509 45.2000008 4.63570213
v -10.25 45.2000008 4.6464901
v -10.1232491 45.2000008 4.63570213
v -10.000145 45.2000008 4.60364819
v -9.88422966 45.2000008 4.55125046
v -9.7788353 45.2000008 4.48001766
v -9.68699646 45.2000008 4.39199638
v -9.61135292 45.2000008 4.28972054
v -9.55408287 45.2000008 4.17613316
v -8.375 45.2000008 -7.64649057
v -10.1863956 45.2000008 -7.14378834
v -10.25 45.2000008 -5.64649057
v -10.1232491 45.2000008 -5.65727854
v -10.000145 45.2000008 -5.68933249
v -9.88422966 45.2000008 -5.74173021
v -9.7788353 45.2000008 -5.81296349
v -9.55408287 45.2000008 -6.11684799
v -9.51683426 45.2000008 -6.23848104
v -9.5006752 45.2000008 -6.36465931
v -10.3136044 45.2000008 -7.14378834
v -10.4389839 45.2000008 -7.12228966
v -10.5589256 45.2000008 -7.07991219
v -10.669981 45.2000008 -7.01787281
v -10.7689533 45.2000008 -6.93795776
v -10.8529987 45.2000008 -6.8424654
v -10.9196949 45.2000008 -6.73414326
v -10.9671249 45.2000008 -6.61610699
v -10.9939251 45.2000008 -6.49175406
v -10.6157722 45.2000008 -5.74173021
v -10.499855 45.2000008 -5.68933249
v -10.3767509 45.2000008 -5.65727854
v -9.5803051 45.2000008 -6.73414326
v -9.53287506 45.2000008 -6.61610699
v -9.50607491 45.2000008 -6.49175406
v -9.64700317 45.2000008 -6.8424654
v -9.73104668 45.2000008 -6.93795776
v -9.830019 45.2000008 -7.01787281
v -9.94107437 45.2000008 -7.07991219
v -10.0610161 45.2000008 -7.12228966
v -10.9993229 45.2000008 -6.36465931
v -10.9831657 45.2000008 -6.23848104
v -10.9459171 45.2000008 -6.11684799
v -10.8886471 45.2000008 -6.00325966
v -9.68699646 45.2000008 -5.90098429
v -9.61135292 45.2000008 -6.00325966
v -10.8130035 45.2000008 -5.90098429
v -10.7211647 45.2000008 -5.81296349
v -10.4389839 45.2000008 -9.62228966
v -10.5589256 45.2000008 -9.57991219
v -9.64700317 45.2000008 -9.3424654
v -9.73104668 45.2000008 -9.43795776
v -10.3136044 45.2000008 -9.64378834
v -10.8529987 45.2000008 -9.3424654
v -10.9196949 45.2000008 -9.23414326
v -9.50607491 45.2000008 -8.99175358
v -9.53287506 45.2000008 -9.11610794
v -9.5803051 45.2000008 -9.23414326
v -9.830019 45.2000008 -9.51787281
v -9.94107437 45.2000008 -9.57991219
v -10.669981 45.2000008 -9.51787281
v -10.7689533 45.2000008 -9.43795776
v -10.9671249 45.2000008 -9.11610794
v -10.9939251 45.2000008 -8.99175358
v -10.9993229 45.2000008 -8.86466026
v -10.9831657 45.2000008 -8.73848057
v -9.55408287 45.2000008 -8.61684799
v -9.51683426 45.2000008 -8.73848057
v -9.5006752 45.2000008 -8.86466026
v -10.9459171 45.2000008 -8.61684799
v -10.8886471 45.2000008 -8.50326061
v -10.8130035 45.2000008 -8.40098381
v -10.7211647 45.2000008 -8.31296349
v -10.6157722 45.2000008 -8.24172974
v -10.499855 45.2000008 -8.18933296
v -10.1232491 45.2000008 -8.15727806
v -10.25 45.2000008 -8.1464901
v -10.3767509 45.2000008 -8.15727806
v -10.000145 45.2000008 -8.18933296
v -9.88422966 45.2000008 -8.24172974
v -9.7788353 45.2000008 -8.31296349
v -9.68699646 45.2000008 -8.40098381
v -9.61135292 45.2000008 -8.50326061
v -5.25255203 45.2000008 9.23447418
v -5.1035099 45.2000008 7.6464901
v -5.1035099 45.2000008 5.1464901
v -7.17675591 45.2000008 5.1464901
v -5.1035099 45.2000008 3.07324505
v -7.1028347 45.2000008 0.0318307877
v -7.08667564 45.2000008 0.158009529
v -5.6041851 45.2000008 0.0318307877
v -5.60958481 45.2000008 -0.0952634811
v -5.1035099 45.2000008 -1.875
v -5.63638496 45.2000008 -0.21961689
v -5.683815 45.2000008 -0.33765316
v -6.54249382 45.2000008 -0.725799561
v -6.66243553 45.2000008 -0.683421135
v -6.95650673 45.2000008 -0.445975304
v -7.0232048 45.2000008 -0.33765316
v -7.04942703 45.2000008 0.279642105
v -6.99215698 45.2000008 0.393230438
v -6.91651344 45.2000008 0.495506287
v -5.65759277 45.2000008 0.279642105
v -5.62034225 45.2000008 0.158009529
v -6.28990555 45.2000008 -0.747298241
v -6.41711426 45.2000008 -0.747298241
v -6.77349091 45.2000008 -0.621382713
v -6.87246323 45.2000008 -0.541466713
v -7.07063484 45.2000008 -0.21961689
v -7.097435 45.2000008 -0.0952634811
v -6.10365486 45.2000008 0.707158089
v -5.98773766 45.2000008 0.654760361
v -5.8823452 45.2000008 0.583526611
v -5.75051117 45.2000008 -0.445975304
v -5.83455658 45.2000008 -0.541466713
v -5.9335289 45.2000008 -0.621382713
v -6.04458427 45.2000008 -0.683421135
v -6.16452599 45.2000008 -0.725799561
v -6.82467461 45.2000008 0.583526611
v -6.71928024 45.2000008 0.654760361
v -6.60336494 45.2000008 0.707158089
v -5.79050636 45.2000008 0.495506287
v -5.71486282 45.2000008 0.393230438
v -6.48026085 45.2000008 0.739212036
v -6.3535099 45.2000008 0.75
v -6.22675896 45.2000008 0.739212036
v -5.1035099 45.2000008 -5.14649057
v -7.17675591 45.2000008 -5.14649057
v -2.6035099 45.2000008 3.07324505
v -3.80076599 45.2000008 8.2859745
v -3.29050446 45.2000008 0.495506287
v -3.21486282 45.2000008 0.393230438
v -3.10958481 45.2000008 -0.0952634811
v -3.13638496 45.2000008 -0.21961689
v -3.183815 45.2000008 -0.33765316
v -3.25051117 45.2000008 -0.445975304
v -3.1041851 45.2000008 0.0318307877
v -3.33455467 45.2000008 -0.541466713
v -3.4335289 45.2000008 -0.621382713
v -3.54458427 45.2000008 -0.683421135
v -4.6028347 45.2000008 0.0318307877
v -4.58667564 45.2000008 0.158009529
v -4.41651344 45.2000008 0.495506287
v -4.32467461 45.2000008 0.583526611
v -4.21928024 45.2000008 0.654760361
v -4.10336494 45.2000008 0.707158089
v -3.15759277 45.2000008 0.279642105
v -3.12034225 45.2000008 0.158009529
v -4.04249382 45.2000008 -0.725799561
v -4.16243553 45.2000008 -0.683421135
v -4.45650673 45.2000008 -0.445975304
v -4.5232048 45.2000008 -0.33765316
v -4.54942703 45.2000008 0.279642105
v -4.49215698 45.2000008 0.393230438
v -3.98026085 45.2000008 0.739212036
v -3.8535099 45.2000008 0.75
v -3.72675896 45.2000008 0.739212036
v -3.60365486 45.2000008 0.707158089
v -3.66452599 45.2000008 -0.725799561
v -3.78990555 45.2000008 -0.747298241
v -3.91711426 45.2000008 -0.747298241
v -4.27349091 45.2000008 -0.621382713
v -4.37246323 45.2000008 -0.541466713
v -4.57063484 45.2000008 -0.21961689
v -4.597435 45.2000008 -0.0952634811
v -3.48773766 45.2000008 0.654760361
v -3.3823452 45.2000008 0.583526611
v -15.3964911 47.4000015 -5.14649057
v -12.198246 47.4000015 -5.14649057
v -12.198246 47.4000015 -7.64649057
v -10.1232491 47.4000015 4.63570213
v -10.25 47.4000015 4.6464901
v -8.301754 47.4000015 5.1464901
v -8.301754 47.4000015 -1.94824505
v -5.1035099 47.4000015 -1.94824505
v -5.1035099 47.4000015 -5.14649057
v -2.52489853 47.4000015 7.11145592
v -1.45975113 47.4000015 5.74295616
v -5.1035099 47.4000015 5.1464901
v -0.634380341 47.4000015 4.21780205
v -0.0712966919 47.4000015 2.57759762
v -5.1035099 47.4000015 1.94824505
v -20.714138 47.4000015 -0.867083549
v -20.323246 47.4000015 -1.94824505
v -20.4287033 47.4000015 -2.57759762
v -19.8656197 47.4000015 4.21780205
v -20.323246 47.4000015 1.94824505
v -20.4287033 47.4000015 2.57759762
v -17.9751015 47.4000015 7.11145592
v -17.8964901 47.4000015 5.1464901
v -19.040247 47.4000015 5.74295616
v -10.1232491 47.4000015 9.63570213
v -10.25 47.4000015 9.6464901
v -10.25 47.4000015 10.5
v -10.9993229 47.4000015 6.42832184
v -10.9939251 47.4000015 6.30122757
v -12.198246 47.4000015 5.1464901
v -10.25 47.4000015 7.1464901
v -10.9196949 47.4000015 8.55883789
v -10.8529987 47.4000015 8.45051575
v -10.8886471 47.4000015 6.78972054
v -10.9459171 47.4000015 6.6761322
v -13.6593437 47.4000015 9.93108177
v -10.9831657 47.4000015 6.55449867
v -10.5589256 47.4000015 5.71306801
v -10.4389839 47.4000015 5.67069054
v -10.0610161 47.4000015 8.17069054
v -9.94107437 47.4000015 8.21306992
v -10.1232491 47.4000015 7.13570213
v -10.3767509 47.4000015 9.63570213
v -10.499855 47.4000015 9.60364914
v -11.9782429 47.4000015 10.3567944
v -10.6157722 47.4000015 9.55125046
v -10.7211647 47.4000015 9.48001671
v -10.8130035 47.4000015 9.39199638
v -10.8886471 47.4000015 9.28972054
v -10.9459171 47.4000015 9.1761322
v -10.9831657 47.4000015 9.05449867
v -10.7689533 47.4000015 8.35502243
v -10.669981 47.4000015 8.27510834
v -10.5589256 47.4000015 8.21306992
v -10.9993229 47.4000015 8.92832184
v -10.9939251 47.4000015 8.80122566
v -10.9671249 47.4000015 8.67687416
v -10.9671249 47.4000015 6.17687225
v -10.9196949 47.4000015 6.05883789
v -10.8529987 47.4000015 5.95051575
v -9.94107437 47.4000015 5.71306801
v -9.830019 47.4000015 5.77510834
v -9.5803051 47.4000015 6.05883789
v -9.53287506 47.4000015 6.17687225
v -9.50607491 47.4000015 6.30122757
v -9.5006752 47.4000015 6.42832184
v -10.3767509 47.4000015 7.13570213
v -10.499855 47.4000015 7.10364914
v -10.6157722 47.4000015 7.05125046
v -10.7211647 47.4000015 6.98001671
v -10.8130035 47.4000015 6.89199638
v -10.7689533 47.4000015 5.85502243
v -10.669981 47.4000015 5.77510834
v -10.3136044 47.4000015 5.64919281
v -10.1863956 47.4000015 5.64919281
v -10.0610161 47.4000015 5.67069054
v -9.73104668 47.4000015 5.85502243
v -9.64700317 47.4000015 5.95051575
v -9.68699646 47.4000015 6.89199638
v -9.7788353 47.4000015 6.98001671
v -9.830019 47.4000015 8.27510834
v -9.73104668 47.4000015 8.35502243
v -9.64700317 47.4000015 8.45051575
v -9.5803051 47.4000015 8.55883789
v -9.53287506 47.4000015 8.67687416
v -6.84065628 47.4000015 9.93108177
v -9.50607491 47.4000015 8.80122566
v -9.5006752 47.4000015 8.92832184
v -9.88422966 47.4000015 7.05125046
v -10.000145 47.4000015 7.10364914
v -9.51683426 47.4000015 9.05449867
v -9.55408287 47.4000015 9.1761322
v -8.52175713 47.4000015 10.3567944
v -9.61135292 47.4000015 9.28972054
v -9.68699646 47.4000015 9.39199638
v -9.51683426 47.4000015 6.55449867
v -9.55408287 47.4000015 6.6761322
v -9.61135292 47.4000015 6.78972054
v -10.4389839 47.4000015 8.17069054
v -10.3136044 47.4000015 8.14919281
v -10.1863956 47.4000015 8.14919281
v -9.7788353 47.4000015 9.48001671
v -9.88422966 47.4000015 9.55125046
v -10.000145 47.4000015 9.60364914
v -16.699234 47.4000015 8.2859745
v -15.247447 47.4000015 9.23447418
v -15.3964911 47.4000015 5.1464901
v -20.714138 47.4000015 0.867082596
v -19.8656197 47.4000015 -4.21780205
v -17.8964901 47.4000015 -1.94824505
v -19.040247 47.4000015 -5.74295568
v -13.6593437 47.4000015 -9.93108082
v -15.247447 47.4000015 -9.23447418
v -15.3964911 47.4000015 -7.64649057
v -16.699234 47.4000015 -8.28597546
v -17.9751015 47.4000015 -7.11145687
v -12.198246 47.4000015 -10.073246
v -8.301754 47.4000015 -10.073246
v -10.25 47.4000015 -10.5
v -3.80076599 47.4000015 -8.28597546
v -5.25255203 47.4000015 -9.23447418
v -5.1035099 47.4000015 -7.64649057
v -6.84065628 47.4000015 -9.93108082
v -1.45975113 47.4000015 -5.74295568
v -2.52489853 47.4000015 -7.11145687
v -0.634380341 47.4000015 -4.21780205
v -0.0712966919 47.4000015 -2.57759762
v -0.620344162 47.4000015 0.158009529
v -0.657592773 47.4000015 0.279642105
v 0.214138031 47.4000015 0.867082596
v -1.71928024 47.4000015 0.654760361
v -1.82467461 47.4000015 0.583526611
v -0.8823452 47.4000015 0.583526611
v -0.790506363 47.4000015 0.495506287
v -0.714862823 47.4000015 0.393230438
v -0.987737656 47.4000015 0.654760361
v -1.10365486 47.4000015 0.707158089
v -1.22675896 47.4000015 0.739212036
v -1.95650673 47.4000015 -0.445975304
v -1.87246323 47.4000015 -0.541466713
v -0.683815002 47.4000015 -0.33765316
v -0.636384964 47.4000015 -0.21961689
v 0.214138031 47.4000015 -0.867083549
v -0.609584808 47.4000015 -0.0952634811
v -0.604185104 47.4000015 0.0318307877
v -4.21928024 47.4000015 0.654760361
v -4.32467461 47.4000015 0.583526611
v -3.8535099 47.4000015 0.75
v -3.98026085 47.4000015 0.739212036
v -4.10336494 47.4000015 0.707158089
v -1.3535099 47.4000015 0.75
v -1.48026085 47.4000015 0.739212036
v -1.60336494 47.4000015 0.707158089
v -1.77349091 47.4000015 -0.621382713
v -1.66243553 47.4000015 -0.683421135
v -1.54249382 47.4000015 -0.725799561
v -1.41711426 47.4000015 -0.747298241
v -1.28990555 47.4000015 -0.747298241
v -1.16452599 47.4000015 -0.725799561
v -1.04458427 47.4000015 -0.683421135
v -0.9335289 47.4000015 -0.621382713
v -0.834554672 47.4000015 -0.541466713
v -0.750511169 47.4000015 -0.445975304
v -4.41651344 47.4000015 0.495506287
v -4.49215698 47.4000015 0.393230438
v -4.54942703 47.4000015 0.279642105
v -3.33455467 47.4000015 -0.541466713
v -3.25051117 47.4000015 -0.445975304
v -3.183815 47.4000015 -0.33765316
v -3.13638496 47.4000015 -0.21961689
v -1.91651344 47.4000015 0.495506287
v -3.3823452 47.4000015 0.583526611
v -1.99215698 47.4000015 0.393230438
v -2.04942703 47.4000015 0.279642105
v -3.10958481 47.4000015 -0.0952634811
v -2.07063484 47.4000015 -0.21961689
v -2.0232048 47.4000015 -0.33765316
v -4.57063484 47.4000015 -0.21961689
v -4.5232048 47.4000015 -0.33765316
v -4.45650673 47.4000015 -0.445975304
v -4.37246323 47.4000015 -0.541466713
v -4.58667564 47.4000015 0.158009529
v -4.6028347 47.4000015 0.0318307877
v -4.597435 47.4000015 -0.0952634811
v -3.66452599 47.4000015 -0.725799561
v -3.54458427 47.4000015 -0.683421135
v -3.4335289 47.4000015 -0.621382713
v -3.12034225 47.4000015 0.158009529
v -3.15759277 47.4000015 0.279642105
v -2.08667564 47.4000015 0.158009529
v -3.21486282 47.4000015 0.393230438
v -3.29050446 47.4000015 0.495506287
v -3.48773766 47.4000015 0.654760361
v -3.60365486 47.4000015 0.707158089
v -3.72675896 47.4000015 0.739212036
v -3.1041851 47.4000015 0.0318307877
v -2.1028347 47.4000015 0.0318307877
v -2.097435 47.4000015 -0.0952634811
v -4.27349091 47.4000015 -0.621382713
v -4.16243553 47.4000015 -0.683421135
v -4.04249382 47.4000015 -0.725799561
v -3.91711426 47.4000015 -0.747298241
v -3.78990555 47.4000015 -0.747298241
v -5.25255203 47.4000015 9.23447418
v -3.80076599 47.4000015 8.2859745
v -6.60336494 47.4000015 0.707158089
v -6.71928024 47.4000015 0.654760361
v -8.301754 47.4000015 1.94824505
v -6.82467461 47.4000015 0.583526611
v -6.91651344 47.4000015 0.495506287
v -5.65759277 47.4000015 0.279642105
v -5.71486282 47.4000015 0.393230438
v -6.99215698 47.4000015 0.393230438
v -7.04942703 47.4000015 0.279642105
v -7.08667564 47.4000015 0.158009529
v -5.98773766 47.4000015 0.654760361
v -6.10365486 47.4000015 0.707158089
v -7.1028347 47.4000015 0.0318307877
v -7.097435 47.4000015 -0.0952634811
v -7.07063484 47.4000015 -0.21961689
v -7.0232048 47.4000015 -0.33765316
v -5.83455658 47.4000015 -0.541466713
v -5.75051117 47.4000015 -0.445975304
v -5.683815 47.4000015 -0.33765316
v -5.63638496 47.4000015 -0.21961689
v -5.60958481 47.4000015 -0.0952634811
v -5.6041851 47.4000015 0.0318307877
v -5.62034225 47.4000015 0.158009529
v -5.79050636 47.4000015 0.495506287
v -5.8823452 47.4000015 0.583526611
v -6.22675896 47.4000015 0.739212036
v -6.3535099 47.4000015 0.75
v -6.48026085 47.4000015 0.739212036
v -6.95650673 47.4000015 -0.445975304
v -6.87246323 47.4000015 -0.541466713
v -6.77349091 47.4000015 -0.621382713
v -6.28990555 47.4000015 -0.747298241
v -6.16452599 47.4000015 -0.725799561
v -6.66243553 47.4000015 -0.683421135
v -6.54249382 47.4000015 -0.725799561
v -6.41711426 47.4000015 -0.747298241
v -6.04458427 47.4000015 -0.683421135
v -5.9335289 47.4000015 -0.621382713
v -8.301754 47.4000015 -5.14649057
v -8.301754 47.4000015 -7.64649057
v -8.52175713 47.4000015 -10.3567944
v -9.53287506 47.4000015 3.67687321
v -9.50607491 47.4000015 3.80122662
v -10.499855 47.4000015 4.60364819
v -10.6157722 47.4000015 4.55125046
v -10.7211647 47.4000015 4.48001766
v -10.8130035 47.4000015 4.39199638
v -10.8886471 47.4000015 4.28972054
v -10.9459171 47.4000015 4.17613316
v -10.9196949 47.4000015 3.55883789
v -10.8529987 47.4000015 3.45051575
v -12.198246 47.4000015 1.94824505
v -10.3767509 47.4000015 4.63570213
v -10.9671249 47.4000015 3.67687321
v -9.5006752 47.4000015 3.92832088
v -9.51683426 47.4000015 4.05449963
v -9.55408287 47.4000015 4.17613316
v -10.9831657 47.4000015 4.05449963
v -10.9993229 47.4000015 3.92832088
v -10.9939251 47.4000015 3.80122662
v -9.73104668 47.4000015 3.35502338
v -9.64700317 47.4000015 3.45051575
v -9.5803051 47.4000015 3.55883789
v -9.61135292 47.4000015 4.28972054
v -9.68699646 47.4000015 4.39199638
v -9.7788353 47.4000015 4.48001766
v -9.88422966 47.4000015 4.55125046
v -10.000145 47.4000015 4.60364819
v -10.7689533 47.4000015 3.35502338
v -10.669981 47.4000015 3.27510834
v -10.5589256 47.4000015 3.21306896
v -10.4389839 47.4000015 3.17069054
v -10.3136044 47.4000015 3.14919186
v -10.1863956 47.4000015 3.14919186
v -10.0610161 47.4000015 3.17069054
v -9.94107437 47.4000015 3.21306896
v -9.830019 47.4000015 3.27510834
v -10.9831657 47.4000015 -3.73848104
v -10.9993229 47.4000015 -3.86465979
v -10.9459171 47.4000015 -3.61684799
v -12.198246 47.4000015 -1.94824505
v -10.8886471 47.4000015 -3.50326014
v -10.8130035 47.4000015 -3.40098429
v -10.669981 47.4000015 -4.51787233
v -10.5589256 47.4000015 -4.57991171
v -9.5006752 47.4000015 -3.86465979
v -10.3767509 47.4000015 -3.15727854
v -10.499855 47.4000015 -3.18933249
v -10.9939251 47.4000015 -3.99175406
v -10.9671249 47.4000015 -4.11610746
v -10.9196949 47.4000015 -4.23414326
v -9.51683426 47.4000015 -3.73848104
v -9.55408287 47.4000015 -3.61684799
v -9.61135292 47.4000015 -3.50326014
v -10.6157722 47.4000015 -3.24172974
v -10.7211647 47.4000015 -3.31296349
v -10.8529987 47.4000015 -4.3424654
v -10.7689533 47.4000015 -4.43795776
v -10.4389839 47.4000015 -4.62229013
v -10.3136044 47.4000015 -4.64378881
v -10.1863956 47.4000015 -4.64378881
v -10.0610161 47.4000015 -4.62229013
v -9.94107437 47.4000015 -4.57991171
v -9.830019 47.4000015 -4.51787233
v -9.73104668 47.4000015 -4.43795776
v -9.64700317 47.4000015 -4.3424654
v -9.5803051 47.4000015 -4.23414326
v -9.53287506 47.4000015 -4.11610746
v -9.50607491 47.4000015 -3.99175406
v -9.68699646 47.4000015 -3.40098429
v -9.7788353 47.4000015 -3.31296349
v -9.88422966 47.4000015 -3.24172974
v -10.000145 47.4000015 -3.18933249
v -10.1232491 47.4000015 -3.15727854
v -10.25 47.4000015 -3.14649057
v -10.25 47.4000015 -5.64649057
v -10.3767509 47.4000015 -5.65727854
v -10.499855 47.4000015 -5.68933249
v -10.6157722 47.4000015 -5.74173021
v -10.7211647 47.4000015 -5.81296349
v -10.9671249 47.4000015 -6.61610699
v -10.9196949 47.4000015 -6.73414326
v -10.8130035 47.4000015 -5.90098429
v -10.8886471 47.4000015 -6.00325966
v -10.9459171 47.4000015 -6.11684799
v -10.9831657 47.4000015 -6.23848104
v -10.9993229 47.4000015 -6.36465931
v -10.9939251 47.4000015 -6.49175406
v -10.8529987 47.4000015 -6.8424654
v -10.7689533 47.4000015 -6.93795776
v -10.669981 47.4000015 -7.01787281
v -10.5589256 47.4000015 -7.07991219
v -10.4389839 47.4000015 -7.12228966
v -10.3136044 47.4000015 -7.14378834
v -10.1863956 47.4000015 -7.14378834
v -10.0610161 47.4000015 -7.12228966
v -9.94107437 47.4000015 -7.07991219
v -9.830019 47.4000015 -7.01787281
v -9.73104668 47.4000015 -6.93795776
v -9.64700317 47.4000015 -6.8424654
v -9.5803051 47.4000015 -6.73414326
v -9.5006752 47.4000015 -6.36465931
v -9.50607491 47.4000015 -6.49175406
v -9.53287506 47.4000015 -6.61610699
v -9.51683426 47.4000015 -6.23848104
v -9.55408287 47.4000015 -6.11684799
v -9.61135292 47.4000015 -6.00325966
v -9.88422966 47.4000015 -5.74173021
v -10.000145 47.4000015 -5.68933249
v -10.1232491 47.4000015 -5.65727854
v -9.68699646 47.4000015 -5.90098429
v -9.7788353 47.4000015 -5.81296349
v -10.25 47.4000015 -8.1464901
v -10.3767509 47.4000015 -8.15727806
v -10.9671249 47.4000015 -9.11610794
v -10.9196949 47.4000015 -9.23414326
v -10.8529987 47.4000015 -9.3424654
v -10.7689533 47.4000015 -9.43795776
v -10.1232491 47.4000015 -8.15727806
v -10.499855 47.4000015 -8.18933296
v -10.6157722 47.4000015 -8.24172974
v -10.7211647 47.4000015 -8.31296349
v -10.8130035 47.4000015 -8.40098381
v -10.8886471 47.4000015 -8.50326061
v -10.9459171 47.4000015 -8.61684799
v -10.9831657 47.4000015 -8.73848057
v -10.9993229 47.4000015 -8.86466026
v -10.9939251 47.4000015 -8.99175358
v -10.669981 47.4000015 -9.51787281
v -10.5589256 47.4000015 -9.57991219
v -10.4389839 47.4000015 -9.62228966
v -9.64700317 47.4000015 -9.3424654
v -9.5803051 47.4000015 -9.23414326
v -9.51683426 47.4000015 -8.73848057
v -9.55408287 47.4000015 -8.61684799
v -10.3136044 47.4000015 -9.64378834
v -10.1863956 47.4000015 -9.64378834
v -10.0610161 47.4000015 -9.62228966
v -9.94107437 47.4000015 -9.57991219
v -9.830019 47.4000015 -9.51787281
v -9.73104668 47.4000015 -9.43795776
v -9.53287506 47.4000015 -9.11610794
v -9.50607491 47.4000015 -8.99175358
v -9.5006752 47.4000015 -8.86466026
v -9.61135292 47.4000015 -8.50326061
v -9.68699646 47.4000015 -8.40098381
v -9.7788353 47.4000015 -8.31296349
v -9.88422966 47.4000015 -8.24172974
v -10.000145 47.4000015 -8.18933296
v -15.3964911 47.4000015 1.94824505
v -13.4767952 47.4000015 -0.33765316
v -13.4293652 47.4000015 -0.21961689
v -13.402565 47.4000015 -0.0952634811
v -13.3971663 47.4000015 0.0318307877
v -14.816184 47.4000015 -0.33765316
v -14.7494879 47.4000015 -0.445975304
v -15.3964911 47.4000015 -1.94824505
v -14.7851372 47.4000015 0.393230438
v -14.8424072 47.4000015 0.279642105
v -14.863615 47.4000015 -0.21961689
v -13.4133244 47.4000015 0.158009529
v -13.450573 47.4000015 0.279642105
v -13.507843 47.4000015 0.393230438
v -14.5122614 47.4000015 0.654760361
v -14.3963451 47.4000015 0.707158089
v -14.273241 47.4000015 0.739212036
v -14.6176558 47.4000015 0.583526611
v -14.7094946 47.4000015 0.495506287
v -13.8375645 47.4000015 -0.683421135
v -13.7265091 47.4000015 -0.621382713
v -13.5834856 47.4000015 0.495506287
v -13.6753254 47.4000015 0.583526611
v -13.7807188 47.4000015 0.654760361
v -14.8796568 47.4000015 0.158009529
v -14.8958149 47.4000015 0.0318307877
v -14.8904152 47.4000015 -0.0952634811
v -14.6654444 47.4000015 -0.541466713
v -14.5664721 47.4000015 -0.621382713
v -14.4554167 47.4000015 -0.683421135
v -13.6275368 47.4000015 -0.541466713
v -13.5434923 47.4000015 -0.445975304
v -13.896636 47.4000015 0.707158089
v -14.0197401 47.4000015 0.739212036
v -14.1464901 47.4000015 0.75
v -14.0828867 47.4000015 -0.747298241
v -13.9575071 47.4000015 -0.725799561
v -14.335474 47.4000015 -0.725799561
v -14.2100945 47.4000015 -0.747298241
v -11.9782429 47.4000015 -10.3567944
v -17.8964901 47.4000015 -5.14649057
v -16.1275368 47.4000015 -0.541466713
v -16.0434914 47.4000015 -0.445975304
v -15.9767962 47.4000015 -0.33765316
v -15.9293652 47.4000015 -0.21961689
v -17.2094955 47.4000015 0.495506287
v -17.2851372 47.4000015 0.393230438
v -17.8964901 47.4000015 1.94824505
v -17.3424072 47.4000015 0.279642105
v -17.2494869 47.4000015 -0.445975304
v -17.316185 47.4000015 -0.33765316
v -17.363615 47.4000015 -0.21961689
v -15.9505739 47.4000015 0.279642105
v -16.007843 47.4000015 0.393230438
v -16.0834866 47.4000015 0.495506287
v -16.1753273 47.4000015 0.583526611
v -17.1654434 47.4000015 -0.541466713
v -17.0664711 47.4000015 -0.621382713
v -16.9554176 47.4000015 -0.683421135
v -16.4575081 47.4000015 -0.725799561
v -16.3375645 47.4000015 -0.683421135
v -16.2265091 47.4000015 -0.621382713
v -15.902566 47.4000015 -0.0952634811
v -15.8971663 47.4000015 0.0318307877
v -15.9133244 47.4000015 0.158009529
v -16.5197411 47.4000015 0.739212036
v -16.6464882 47.4000015 0.75
v -16.773241 47.4000015 0.739212036
v -16.8963451 47.4000015 0.707158089
v -17.3796577 47.4000015 0.158009529
v -17.3958149 47.4000015 0.0318307877
v -17.3904152 47.4000015 -0.0952634811
v -16.2807198 47.4000015 0.654760361
v -16.396637 47.4000015 0.707158089
v -17.0122604 47.4000015 0.654760361
v -17.1176548 47.4000015 0.583526611
v -16.8354721 47.4000015 -0.725799561
v -16.7100945 47.4000015 -0.747298241
v -16.5828857 47.4000015 -0.747298241
v -19.7094936 47.4000015 0.495506287
v -19.7851372 47.4000015 0.393230438
v -19.8424072 47.4000015 0.279642105
v -19.863615 47.4000015 -0.21961689
v -19.816185 47.4000015 -0.33765316
v -19.7494888 47.4000015 -0.445975304
v -18.6275368 47.4000015 -0.541466713
v -18.5434933 47.4000015 -0.445975304
v -18.4767952 47.4000015 -0.33765316
v -18.4293652 47.4000015 -0.21961689
v -19.146492 47.4000015 0.75
v -19.2732391 47.4000015 0.739212036
v -19.396347 47.4000015 0.707158089
v -19.8796558 47.4000015 0.158009529
v -19.895813 47.4000015 0.0318307877
v -19.8904152 47.4000015 -0.0952634811
v -18.450573 47.4000015 0.279642105
v -18.507843 47.4000015 0.393230438
v -18.5834846 47.4000015 0.495506287
v -18.6753254 47.4000015 0.583526611
v -19.5122623 47.4000015 0.654760361
v -19.6176567 47.4000015 0.583526611
v -19.6654434 47.4000015 -0.541466713
v -19.5664711 47.4000015 -0.621382713
v -19.4554157 47.4000015 -0.683421135
v -18.9575081 47.4000015 -0.725799561
v -18.8375626 47.4000015 -0.683421135
v -18.7265091 47.4000015 -0.621382713
v -18.402565 47.4000015 -0.0952634811
v -18.3971653 47.4000015 0.0318307877
v -18.4133244 47.4000015 0.158009529
v -19.0197411 47.4000015 0.739212036
v -18.7807198 47.4000015 0.654760361
v -18.896637 47.4000015 0.707158089
v -19.3354721 47.4000015 -0.725799561
v -19.2100945 47.4000015 -0.747298241
v -19.0828857 47.4000015 -0.747298241
v -10.25 41.2000008 1.25
v -10.0387497 41.2000008 1.23201942
v -10.25 41.2000008 0
v -10.8596191 41.2000008 1.09126759
v -10.6664238 41.2000008 1.1785965
v -10.4612503 41.2000008 1.23201942
v -11.3144112 41.2000008 0.655384064
v -11.1883411 41.2000008 0.825842857
v -11.0352745 41.2000008 0.97254467
v -11.4988747 41.2000008 0.0530509949
v -11.4719448 41.2000008 0.263348579
v -11.4098606 41.2000008 0.466070175
v -11.3661575 41.2000008 -0.562754631
v -11.4452076 41.2000008 -0.366028786
v -11.4898758 41.2000008 -0.158772469
v -10.9499683 41.2000008 -1.0356369
v -11.1149235 41.2000008 -0.902444839
v -11.2549953 41.2000008 -0.743291855
v -10.3560066 41.2000008 -1.24549675
v -10.5649719 41.2000008 -1.20966625
v -10.7648773 41.2000008 -1.13903618
v -9.73512268 41.2000008 -1.13903618
v -9.93502617 41.2000008 -1.20966625
v -10.1439934 41.2000008 -1.24549675
v -9.24500275 41.2000008 -0.743291855
v -9.38507652 41.2000008 -0.902444839
v -9.55003166 41.2000008 -1.0356369
v -9.01012421 41.2000008 -0.158772469
v -9.0547905 41.2000008 -0.366028786
v -9.13384247 41.2000008 -0.562754631
v -9.09013939 41.2000008 0.466070175
v -9.02805519 41.2000008 0.263348579
v -9.00112724 41.2000008 0.0530509949
v -9.46472549 41.2000008 0.97254467
v -9.31165886 41.2000008 0.825842857
v -9.18558884 41.2000008 0.655384064
v -9.8335743 41.2000008 1.1785965
v -9.64038086 41.2000008 1.09126759
v -10.25 45.2000008 1.25
v -10.0387497 45.2000008 1.23201942
v -9.8335743 45.2000008 1.1785965
v -9.64038086 45.2000008 1.09126759
v -9.46472549 45.2000008 0.97254467
v -9.31165886 45.2000008 0.825842857
v -9.18558884 45.2000008 0.655384064
v -9.09013939 45.2000008 0.466070175
v -9.02805519 45.2000008 0.263348579
v -9.00112724 45.2000008 0.0530509949
v -9.01012421 45.2000008 -0.158772469
v -9.0547905 45.2000008 -0.366028786
v -9.13384247 45.2000008 -0.562754631
v -9.24500275 45.2000008 -0.743291855
v -9.38507652 45.2000008 -0.902444839
v -9.55003166 45.2000008 -1.0356369
v -9.73512268 45.2000008 -1.13903618
v -9.93502617 45.2000008 -1.20966625
v -10.1439934 45.2000008 -1.24549675
v -10.3560066 45.2000008 -1.24549675
v -10.5649719 45.2000008 -1.20966625
v -10.7648773 45.2000008 -1.13903618
v -10.9499683 45.2000008 -1.0356369
v -11.1149235 45.2000008 -0.902444839
v -11.2549953 45.2000008 -0.743291855
v -11.3661575 45.2000008 -0.562754631
v -11.4452076 45.2000008 -0.366028786
v -11.4898758 45.2000008 -0.158772469
v -11.4988747 45.2000008 0.0530509949
v -11.4719448 45.2000008 0.263348579
v -11.4098606 45.2000008 0.466070175
v -11.3144112 45.2000008 0.655384064
v -11.1883411 45.2000008 0.825842857
v -11.0352745 45.2000008 0.97254467
v -10.8596191 45.2000008 1.09126759
v -10.6664238 45.2000008 1.1785965
v -10.4612503 45.2000008 1.23201942
v -10.25 45.2000008 0
f 1 2 3
f 3 2 4
f 3 4 5
f 5 4 6
f 5 6 7
f 7 6 8
f 7 8 9
f 9 8 10
f 9 10 11
f 11 10 12
f 11 12 13
f 13 12 14
f 13 14 15
f 15 14 16
f 15 16 17
f 17 16 18
f 17 18 19
f 19 18 20
f 19 20 21
f 21 20 22
f 21 22 23
f 23 22 24
f 23 24 25
f 25 24 26
f 25 26 27
f 27 26 28
f 27 28 29
f 29 28 30
f 29 30 31
f 31 30 32
f 31 32 33
f 33 32 34
f 33 34 35
f 35 34 36
f 35 36 37
f 37 36 38
f 37 38 39
f 39 38 40
f 39 40 41
f 41 40 42
f 41 42 43
f 43 42 44
f 43 44 45
f 45 44 46
f 45 46 47
f 47 46 48
f 47 48 49
f 49 48 50
f 49 50 51
f 51 50 52
f 51 52 53
f 53 52 54
f 53 54 55
f 55 54 56
f 55 56 57
f 57 56 58
f 57 58 59
f 59 58 60
f 59 60 61
f 61 60 62
f 61 62 63
f 63 62 64
f 63 64 65
f 65 64 66
f 65 66 67
f 67 66 68
f 67 68 69
f 69 68 70
f 69 70 71
f 71 70 72
f 71 72 73
f 73 72 74
f 73 74 75
f 75 74 76
f 75 76 77
f 77 76 78
f 77 78 79
f 79 78 80
f 79 80 81
f 81 80 82
f 81 82 83
f 83 82 84
f 83 84 85
f 85 84 86
f 85 86 87
f 87 86 88
f 87 88 89
f 89 88 90
f 89 90 91
f 91 90 92
f 91 92 1
f 1 92 2
f 46 44 93
f 52 50 93
f 93 50 48
f 93 48 46
f 58 56 93
f 93 56 54
f 93 54 52
f 64 62 93
f 93 62 60
f 93 60 58
f 70 68 93
f 93 68 66
f 93 66 64
f 76 74 93
f 93 74 72
f 93 72 70
f 82 80 93
f 93 80 78
f 93 78 76
f 88 86 93
f 93 86 84
f 93 84 82
f 2 92 93
f 93 92 90
f 93 90 88
f 8 6 93
f 93 6 4
f 93 4 2
f 14 12 93
f 93 12 10
f 93 10 8
f 20 18 93
f 93 18 16
f 93 16 14
f 26 24 93
f 93 24 22
f 93 22 20
f 32 30 93
f 93 30 28
f 93 28 26
f 38 36 93
f 93 36 34
f 93 34 32
f 44 42 93
f 93 42 40
f 93 40 38
f 47 49 94
f 41 43 94
f 94 43 45
f 94 45 47
f 35 37 94
f 94 37 39
f 94 39 41
f 29 31 94
f 94 31 33
f 94 33 35
f 23 25 94
f 94 25 27
f 94 27 29
f 17 19 94
f 94 19 21
f 94 21 23
f 11 13 94
f 94 13 15
f 94 15 17
f 5 7 94
f 94 7 9
f 94 9 11
f 91 1 94
f 94 1 3
f 94 3 5
f 85 87 94
f 94 87 89
f 94 89 91
f 79 81 94
f 94 81 83
f 94 83 85
f 73 75 94
f 94 75 77
f 94 77 79
f 67 69 94
f 94 69 71
f 94 71 73
f 61 63 94
f 94 63 65
f 94 65 67
f 55 57 94
f 94 57 59
f 94 59 61
f 49 51 94
f 94 51 53
f 94 53 55
f 47 95 96
f 96 95 97
f 96 97 98
f 98 97 99
f 98 99 100
f 100 99 101
f 100 101 102
f 102 101 103
f 102 103 104
f 104 103 105
f 104 105 106
f 106 105 107
f 106 107 108
f 108 107 109
f 108 109 110
f 110 109 111
f 110 111 112
f 112 111 113
f 112 113 114
f 114 113 115
f 114 115 116
f 116 115 117
f 116 117 118
f 118 117 119
f 118 119 120
f 120 119 121
f 120 121 122
f 122 121 123
f 122 123 124
f 124 123 125
f 124 125 126
f 126 125 127
f 126 127 128
f 128 127 129
f 128 129 130
f 130 129 131
f 130 131 132
f 132 131 133
f 132 133 134
f 134 133 135
f 134 135 136
f 136 135 137
f 136 137 138
f 138 137 139
f 138 139 140
f 140 139 141
f 140 141 142
f 142 141 143
f 142 143 144
f 144 143 145
f 144 145 146
f 146 145 147
f 146 147 148
f 148 147 149
f 148 149 150
f 150 149 151
f 150 151 152
f 152 151 153
f 152 153 154
f 154 153 155
f 154 155 156
f 156 155 157
f 156 157 158
f 158 157 159
f 158 159 160
f 160 159 161
f 160 161 162
f 162 161 163
f 162 163 164
f 164 163 165
f 164 165 166
f 166 165 167
f 166 167 168
f 168 167 169
f 168 169 170
f 170 169 171
f 170 171 172
f 172 171 173
f 172 173 174
f 174 173 175
f 174 175 176
f 176 175 177
f 176 177 178
f 178 177 179
f 178 179 180
f 180 179 181
f 180 181 182
f 182 181 183
f 182 183 184
f 184 183 46
f 184 46 47
f 47 46 95
f 139 137 185
f 145 143 185
f 185 143 141
f 185 141 139
f 151 149 185
f 185 149 147
f 185 147 145
f 157 155 185
f 185 155 153
f 185 153 151
f 163 161 185
f 185 161 159
f 185 159 157
f 169 167 185
f 185 167 165
f 185 165 163
f 175 173 185
f 185 173 171
f 185 171 169
f 181 179 185
f 185 179 177
f 185 177 175
f 95 46 185
f 185 46 183
f 185 183 181
f 101 99 185
f 185 99 97
f 185 97 95
f 107 105 185
f 185 105 103
f 185 103 101
f 113 111 185
f 185 111 109
f 185 109 107
f 119 117 185
f 185 117 115
f 185 115 113
f 125 123 185
f 185 123 121
f 185 121 119
f 131 129 185
f 185 129 127
f 185 127 125
f 137 135 185
f 185 135 133
f 185 133 131
f 140 142 186
f 134 136 186
f 186 136 138
f 186 138 140
f 128 130 186
f 186 130 132
f 186 132 134
f 122 124 186
f 186 124 126
f 186 126 128
f 116 118 186
f 186 118 120
f 186 120 122
f 110 112 186
f 186 112 114
f 186 114 116
f 104 106 186
f 186 106 108
f 186 108 110
f 98 100 186
f 186 100 102
f 186 102 104
f 184 47 186
f 186 47 96
f 186 96 98
f 178 180 186
f 186 180 182
f 186 182 184
f 172 174 186
f 186 174 176
f 186 176 178
f 166 168 186
f 186 168 170
f 186 170 172
f 160 162 186
f 186 162 164
f 186 164 166
f 154 156 186
f 186 156 158
f 186 158 160
f 148 150 186
f 186 150 152
f 186 152 154
f 142 144 186
f 186 144 146
f 186 146 148
f 140 187 188
f 188 187 189
f 188 189 190
f 190 189 191
f 190 191 192
f 192 191 193
f 192 193 194
f 194 193 195
f 194 195 196
f 196 195 197
f 196 197 198
f 198 197 199
f 198 199 200
f 200 199 201
f 200 201 202
f 202 201 203
f 202 203 204
f 204 203 205
f 204 205 206
f 206 205 207
f 206 207 208
f 208 207 209
f 208 209 210
f 210 209 211
f 210 211 212
f 212 211 213
f 212 213 214
f 214 213 215
f 214 215 216
f 216 215 217
f 216 217 218
f 218 217 219
f 218 219 220
f 220 219 221
f 220 221 222
f 222 221 223
f 222 223 224
f 224 223 225
f 224 225 226
f 226 225 227
f 226 227 228
f 228 227 229
f 228 229 230
f 230 229 231
f 230 231 232
f 232 231 233
f 232 233 234
f 234 233 235
f 234 235 236
f 236 235 237
f 236 237 238
f 238 237 239
f 238 239 240
f 240 239 241
f 240 241 242
f 242 241 243
f 242 243 244
f 244 243 245
f 244 245 246
f 246 245 247
f 246 247 248
f 248 247 249
f 248 249 250
f 250 249 251
f 250 251 252
f 252 251 253
f 252 253 254
f 254 253 255
f 254 255 256
f 256 255 257
f 256 257 258
f 258 257 259
f 258 259 260
f 260 259 261
f 260 261 262
f 262 261 263
f 262 263 264
f 264 263 265
f 264 265 266
f 266 265 267
f 266 267 268
f 268 267 269
f 268 269 270
f 270 269 271
f 270 271 272
f 272 271 273
f 272 273 274
f 274 273 275
f 274 275 276
f 276 275 139
f 276 139 140
f 140 139 187
f 231 229 277
f 237 235 277
f 277 235 233
f 277 233 231
f 243 241 277
f 277 241 239
f 277 239 237
f 249 247 277
f 277 247 245
f 277 245 243
f 255 253 277
f 277 253 251
f 277 251 249
f 261 259 277
f 277 259 257
f 277 257 255
f 267 265 277
f 277 265 263
f 277 263 261
f 273 271 277
f 277 271 269
f 277 269 267
f 187 139 277
f 277 139 275
f 277 275 273
f 193 191 277
f 277 191 189
f 277 189 187
f 199 197 277
f 277 197 195
f 277 195 193
f 205 203 277
f 277 203 201
f 277 201 199
f 211 209 277
f 277 209 207
f 277 207 205
f 217 215 277
f 277 215 213
f 277 213 211
f 223 221 277
f 277 221 219
f 277 219 217
f 229 227 277
f 277 227 225
f 277 225 223
f 232 234 278
f 226 228 278
f 278 228 230
f 278 230 232
f 220 222 278
f 278 222 224
f 278 224 226
f 214 216 278
f 278 216 218
f 278 218 220
f 208 210 278
f 278 210 212
f 278 212 214
f 202 204 278
f 278 204 206
f 278 206 208
f 196 198 278
f 278 198 200
f 278 200 202
f 190 192 278
f 278 192 194
f 278 194 196
f 276 140 278
f 278 140 188
f 278 188 190
f 270 272 278
f 278 272 274
f 278 274 276
f 264 266 278
f 278 266 268
f 278 268 270
f 258 260 278
f 278 260 262
f 278 262 264
f 252 254 278
f 278 254 256
f 278 256 258
f 246 248 278
f 278 248 250
f 278 250 252
f 240 242 278
f 278 242 244
f 278 244 246
f 234 236 278
f 278 236 238
f 278 238 240
f 279 280 281
f 281 280 282
f 281 282 283
f 283 282 284
f 283 284 285
f 285 284 286
f 285 286 279
f 279 286 280
f 287 288 289
f 290 291 292
f 293 294 295
f 296 293 297
f 297 293 295
f 297 295 298
f 298 295 299
f 290 292 289
f 289 292 300
f 289 300 287
f 291 301 302
f 302 301 303
f 297 302 296
f 296 302 303
f 296 303 290
f 290 303 304
f 290 304 291
f 291 304 305
f 291 305 301
f 300 306 287
f 287 306 307
f 287 307 295
f 308 309 295
f 295 309 310
f 295 310 299
f 311 308 312
f 312 308 295
f 312 295 313
f 313 295 307
f 314 315 316
f 314 316 317
f 317 316 318
f 317 318 319
f 318 320 321
f 322 316 323
f 324 325 321
f 326 327 328
f 329 330 318
f 331 332 333
f 333 332 334
f 331 335 332
f 332 335 336
f 332 336 337
f 338 339 321
f 340 319 341
f 341 319 318
f 341 318 342
f 342 318 330
f 343 344 345
f 345 344 346
f 326 328 347
f 347 328 348
f 347 348 349
f 348 350 349
f 349 350 351
f 349 351 332
f 332 351 352
f 332 352 334
f 327 353 328
f 328 353 354
f 328 354 355
f 355 356 328
f 328 356 357
f 328 357 346
f 346 357 358
f 346 358 345
f 337 359 332
f 332 359 360
f 332 360 321
f 321 360 361
f 321 361 324
f 325 362 321
f 321 362 363
f 321 363 338
f 339 364 321
f 321 364 365
f 321 365 318
f 318 365 366
f 318 366 329
f 367 368 369
f 370 371 316
f 372 373 374
f 374 373 375
f 315 376 316
f 316 376 377
f 316 377 370
f 371 378 316
f 316 378 379
f 316 379 323
f 323 379 380
f 380 381 323
f 323 381 382
f 323 382 383
f 375 384 374
f 374 384 385
f 374 385 386
f 387 388 389
f 390 391 389
f 389 391 392
f 389 392 393
f 393 392 394
f 393 394 395
f 386 396 374
f 374 396 397
f 374 397 394
f 394 397 398
f 394 398 395
f 369 399 367
f 367 399 400
f 367 400 389
f 389 400 401
f 389 401 387
f 388 402 389
f 389 402 403
f 389 403 390
f 383 404 323
f 323 404 405
f 323 405 406
f 406 407 323
f 323 407 408
f 323 408 374
f 374 408 409
f 374 409 372
f 314 317 410
f 410 411 314
f 314 411 412
f 314 412 413
f 414 415 416
f 416 415 417
f 414 418 415
f 415 418 419
f 415 419 420
f 421 422 423
f 424 425 426
f 427 428 429
f 429 428 430
f 429 430 415
f 415 430 431
f 415 431 417
f 432 433 434
f 434 433 415
f 434 415 435
f 435 415 420
f 432 436 433
f 433 436 437
f 433 437 438
f 438 437 423
f 438 423 439
f 439 423 440
f 426 441 424
f 424 441 442
f 424 442 423
f 423 442 443
f 423 443 421
f 422 444 423
f 423 444 445
f 423 445 440
f 446 447 429
f 429 447 448
f 429 448 449
f 450 451 413
f 452 453 454
f 454 453 455
f 456 457 458
f 459 460 429
f 429 460 461
f 429 461 446
f 449 462 429
f 429 462 463
f 429 463 427
f 427 463 464
f 427 464 465
f 465 466 427
f 427 466 467
f 427 467 468
f 458 469 456
f 456 469 470
f 456 470 471
f 457 472 458
f 458 472 473
f 458 473 429
f 429 473 474
f 429 474 459
f 475 476 477
f 477 476 478
f 450 413 479
f 471 480 456
f 456 480 481
f 456 481 482
f 482 483 456
f 456 483 484
f 456 484 455
f 455 484 485
f 455 485 454
f 468 486 427
f 427 486 477
f 427 477 487
f 487 477 478
f 488 314 489
f 489 314 413
f 489 413 490
f 490 413 451
f 413 491 479
f 479 491 492
f 479 492 493
f 493 492 494
f 493 494 477
f 477 494 495
f 477 495 475
f 399 369 454
f 454 369 452
f 496 497 293
f 498 499 500
f 500 501 498
f 498 501 502
f 498 502 503
f 293 504 505
f 506 507 294
f 294 507 508
f 509 510 511
f 512 513 514
f 514 513 515
f 499 516 500
f 500 516 517
f 500 517 293
f 293 517 518
f 293 518 504
f 505 519 293
f 293 519 520
f 293 520 496
f 508 521 294
f 294 521 522
f 294 522 523
f 503 524 498
f 498 524 525
f 498 525 526
f 526 527 498
f 498 527 528
f 498 528 515
f 515 528 529
f 515 529 514
f 523 530 294
f 294 530 531
f 294 531 509
f 509 531 532
f 509 532 510
f 533 534 535
f 535 534 509
f 535 509 536
f 536 509 511
f 497 537 293
f 293 537 538
f 293 538 294
f 294 538 539
f 294 539 506
f 540 541 542
f 543 544 545
f 546 547 548
f 549 550 289
f 289 550 551
f 542 552 540
f 540 552 553
f 540 553 554
f 555 288 556
f 556 288 540
f 556 540 557
f 557 540 554
f 551 558 289
f 289 558 559
f 289 559 560
f 561 562 545
f 545 562 563
f 545 563 564
f 564 563 565
f 564 565 566
f 548 567 546
f 546 567 568
f 546 568 545
f 545 568 569
f 545 569 543
f 544 570 545
f 545 570 571
f 545 571 561
f 555 572 288
f 288 572 573
f 288 573 574
f 560 575 289
f 289 575 576
f 289 576 565
f 565 576 577
f 565 577 566
f 574 578 288
f 288 578 579
f 288 579 580
f 580 581 288
f 288 581 582
f 288 582 289
f 289 582 583
f 289 583 549
f 584 585 586
f 587 588 589
f 589 588 590
f 584 586 591
f 591 586 592
f 591 592 593
f 594 290 595
f 595 290 596
f 290 597 598
f 599 600 601
f 601 600 602
f 585 603 586
f 586 603 604
f 586 604 605
f 605 606 586
f 586 606 607
f 586 607 590
f 590 607 608
f 590 608 589
f 594 609 290
f 290 609 610
f 290 610 597
f 592 611 593
f 593 611 612
f 593 612 290
f 290 612 613
f 290 613 596
f 614 615 296
f 296 615 616
f 617 618 619
f 619 618 620
f 619 620 621
f 621 620 622
f 621 622 623
f 624 625 619
f 626 627 628
f 629 630 631
f 632 633 634
f 633 635 634
f 634 635 636
f 634 636 637
f 616 638 296
f 296 638 639
f 296 639 640
f 640 641 296
f 296 641 642
f 296 642 622
f 622 642 643
f 622 643 623
f 598 644 290
f 290 644 645
f 290 645 296
f 296 645 646
f 296 646 634
f 628 647 626
f 626 647 648
f 626 648 619
f 619 648 649
f 619 649 624
f 625 650 619
f 619 650 651
f 619 651 617
f 602 652 601
f 601 652 653
f 601 653 654
f 655 656 630
f 654 657 601
f 601 657 658
f 601 658 659
f 659 658 660
f 637 661 634
f 634 661 662
f 634 662 296
f 296 662 663
f 296 663 614
f 656 664 630
f 630 664 665
f 630 665 631
f 632 634 630
f 630 634 666
f 630 666 655
f 629 631 667
f 667 631 668
f 667 668 658
f 658 668 669
f 658 669 660
f 509 534 602
f 509 602 540
f 540 602 600
f 540 600 541
f 567 548 589
f 589 548 587
f 670 671 672
f 672 671 673
f 672 673 674
f 674 673 675
f 675 673 676
f 675 676 677
f 677 676 678
f 678 676 679
f 678 679 680
f 680 679 681
f 681 679 682
f 681 682 683
f 683 682 684
f 683 684 685
f 685 684 686
f 685 686 687
f 687 686 688
f 687 688 689
f 689 688 690
f 689 690 691
f 691 690 692
f 691 692 693
f 693 692 694
f 694 692 695
f 694 695 696
f 696 695 697
f 697 695 698
f 697 698 699
f 699 698 700
f 700 698 701
f 700 701 702
f 702 701 703
f 703 701 704
f 703 704 705
f 706 707 708
f 709 710 711
f 712 713 706
f 676 673 714
f 715 716 704
f 684 682 714
f 714 682 679
f 714 679 676
f 715 704 717
f 701 698 718
f 718 698 695
f 718 695 692
f 704 719 720
f 706 708 712
f 712 708 721
f 712 721 722
f 722 723 712
f 712 723 724
f 712 724 725
f 725 726 712
f 712 726 727
f 712 727 728
f 701 718 704
f 704 718 729
f 704 729 717
f 716 730 704
f 704 730 731
f 704 731 719
f 692 690 718
f 718 690 688
f 718 688 714
f 714 688 686
f 714 686 684
f 673 671 714
f 714 671 712
f 714 712 732
f 732 712 728
f 720 733 704
f 704 733 709
f 704 709 734
f 734 709 711
f 734 711 735
f 736 737 738
f 739 740 741
f 739 741 742
f 743 744 745
f 745 744 746
f 745 746 747
f 741 748 749
f 740 750 741
f 741 750 751
f 741 751 748
f 738 752 736
f 736 752 741
f 736 741 753
f 753 741 749
f 743 745 741
f 741 745 754
f 741 754 742
f 755 756 757
f 758 759 760
f 760 759 761
f 762 763 764
f 764 763 765
f 761 759 764
f 764 759 766
f 764 766 762
f 765 767 764
f 764 767 768
f 764 768 769
f 757 770 755
f 755 770 771
f 755 771 772
f 772 771 764
f 772 764 773
f 773 764 769
f 774 374 429
f 332 775 415
f 415 775 776
f 415 776 429
f 429 776 777
f 429 777 774
f 332 321 775
f 775 321 320
f 775 320 774
f 774 320 322
f 774 322 374
f 374 322 323
f 778 779 780
f 780 779 781
f 780 781 782
f 783 784 781
f 781 784 785
f 781 785 786
f 787 788 781
f 781 788 789
f 781 789 782
f 790 787 791
f 791 787 781
f 791 781 792
f 792 781 786
f 793 794 795
f 796 797 795
f 795 797 798
f 795 798 799
f 800 801 795
f 795 801 802
f 795 802 793
f 799 803 795
f 795 803 804
f 795 804 805
f 800 795 806
f 806 795 805
f 806 805 807
f 808 809 810
f 810 809 811
f 705 704 734
f 812 813 814
f 814 815 812
f 812 815 816
f 812 816 817
f 817 818 812
f 812 818 819
f 812 819 820
f 712 671 812
f 812 671 670
f 812 670 821
f 821 822 812
f 812 822 823
f 812 823 813
f 824 825 826
f 824 826 827
f 828 829 826
f 820 830 812
f 812 830 831
f 812 831 832
f 829 833 826
f 826 833 834
f 826 834 835
f 836 837 734
f 825 838 826
f 826 838 839
f 826 839 828
f 835 840 826
f 826 840 841
f 826 841 734
f 734 841 842
f 734 842 836
f 837 843 734
f 734 843 844
f 734 844 705
f 832 845 812
f 812 845 846
f 812 846 826
f 826 846 847
f 826 847 827
f 826 734 848
f 848 734 735
f 849 311 850
f 848 735 851
f 851 735 711
f 851 711 852
f 852 711 853
f 854 855 856
f 856 855 857
f 856 857 858
f 858 857 859
f 858 859 860
f 860 859 861
f 860 861 862
f 862 861 853
f 862 853 710
f 710 853 711
f 854 790 855
f 855 790 863
f 855 863 864
f 864 863 865
f 864 865 866
f 866 865 867
f 866 867 868
f 867 869 868
f 868 869 870
f 868 870 871
f 871 870 758
f 871 758 872
f 872 758 760
f 872 760 873
f 873 760 761
f 873 761 874
f 874 761 875
f 875 761 764
f 875 764 876
f 771 877 764
f 764 877 878
f 764 878 876
f 879 880 770
f 770 880 881
f 770 881 771
f 771 881 882
f 771 882 877
f 879 770 883
f 883 770 757
f 883 757 884
f 884 757 885
f 885 757 756
f 885 756 886
f 886 756 887
f 886 887 888
f 888 887 889
f 888 889 890
f 890 889 891
f 890 891 892
f 892 891 893
f 892 893 850
f 850 893 894
f 850 894 849
f 311 895 850
f 850 895 896
f 850 896 897
f 897 896 898
f 897 898 899
f 899 898 900
f 899 900 901
f 901 900 902
f 901 902 903
f 746 904 747
f 747 904 903
f 747 903 905
f 905 903 902
f 744 906 746
f 746 906 907
f 746 907 904
f 908 909 743
f 743 909 910
f 743 910 744
f 744 910 911
f 744 911 906
f 908 743 912
f 912 743 741
f 912 741 913
f 913 741 914
f 914 741 752
f 914 752 915
f 916 917 738
f 738 917 918
f 738 918 752
f 752 918 919
f 752 919 915
f 738 737 916
f 916 737 920
f 916 920 921
f 921 920 922
f 921 922 923
f 923 922 924
f 923 924 925
f 925 924 926
f 925 926 927
f 927 926 928
f 929 930 931
f 931 930 932
f 931 932 933
f 928 807 927
f 927 807 934
f 927 934 929
f 929 934 935
f 929 935 930
f 932 936 933
f 933 936 707
f 933 707 937
f 937 707 706
f 937 706 938
f 938 706 939
f 939 706 713
f 939 713 940
f 940 713 812
f 812 713 712
f 941 942 943
f 944 945 946
f 947 948 949
f 942 950 943
f 943 950 951
f 943 951 952
f 952 951 953
f 952 953 947
f 947 953 954
f 947 954 948
f 949 955 947
f 947 955 956
f 947 956 957
f 957 956 958
f 957 958 959
f 959 958 960
f 961 962 963
f 963 962 964
f 963 964 965
f 965 964 966
f 965 966 967
f 967 966 968
f 967 968 969
f 969 968 970
f 969 970 971
f 971 970 972
f 971 972 960
f 960 972 973
f 960 973 959
f 946 945 974
f 974 945 975
f 974 975 976
f 976 975 977
f 977 975 978
f 977 978 979
f 979 978 980
f 979 980 981
f 981 980 982
f 982 980 983
f 982 983 984
f 984 983 985
f 984 985 986
f 986 985 987
f 987 985 988
f 987 988 989
f 989 988 990
f 989 990 991
f 991 990 992
f 991 992 993
f 994 995 996
f 996 995 997
f 996 997 961
f 961 997 998
f 961 998 962
f 946 999 944
f 944 999 1000
f 944 1000 1001
f 1001 1000 1002
f 1001 1002 1003
f 1003 1002 1004
f 1003 1004 994
f 994 1004 1005
f 994 1005 995
f 993 992 1006
f 1006 992 1007
f 1006 1007 1008
f 1008 1007 1009
f 1008 1009 1010
f 1010 1009 1011
f 1011 1009 1012
f 1011 1012 1013
f 1013 1012 1014
f 1013 1014 1015
f 1015 1014 1016
f 1015 1016 943
f 943 1016 1017
f 943 1017 941
f 1018 1019 969
f 969 1019 967
f 1019 1020 967
f 967 1020 1021
f 967 1021 965
f 965 1021 1022
f 965 1022 963
f 963 1022 1023
f 963 1023 961
f 961 1023 1024
f 961 1024 996
f 996 1024 1025
f 996 1025 994
f 994 1025 1026
f 994 1026 1003
f 1003 1026 1027
f 1003 1027 1001
f 1001 1027 1028
f 1001 1028 944
f 944 1028 1029
f 944 1029 945
f 945 1029 1030
f 945 1030 975
f 975 1030 1031
f 975 1031 978
f 978 1031 1032
f 978 1032 980
f 980 1032 1033
f 980 1033 983
f 983 1033 1034
f 983 1034 985
f 985 1034 1035
f 985 1035 988
f 988 1035 1036
f 988 1036 990
f 990 1036 1037
f 990 1037 992
f 992 1037 1038
f 992 1038 1007
f 1007 1038 1039
f 1007 1039 1009
f 1009 1039 1040
f 1009 1040 1012
f 1012 1040 1041
f 1012 1041 1014
f 1014 1041 1042
f 1014 1042 1016
f 1016 1042 1043
f 1016 1043 1017
f 1017 1043 1044
f 1017 1044 941
f 941 1044 1045
f 941 1045 942
f 942 1045 1046
f 942 1046 950
f 950 1046 1047
f 950 1047 951
f 951 1047 1048
f 951 1048 953
f 953 1048 1049
f 953 1049 954
f 954 1049 1050
f 954 1050 948
f 948 1050 1051
f 948 1051 949
f 949 1051 1052
f 949 1052 955
f 955 1052 1053
f 955 1053 956
f 956 1053 1054
f 956 1054 958
f 958 1054 1055
f 958 1055 960
f 960 1055 1018
f 960 1018 971
f 971 1018 969
f 1056 1018 1057
f 1057 1018 1055
f 1057 1055 1058
f 1058 1055 1054
f 1058 1054 1059
f 1059 1054 1053
f 1059 1053 1060
f 1060 1053 1052
f 1060 1052 1061
f 1061 1052 1051
f 1061 1051 1062
f 1062 1051 1050
f 1062 1050 1063
f 1063 1050 1049
f 1063 1049 1064
f 1064 1049 1048
f 1064 1048 1065
f 1065 1048 1047
f 1065 1047 1066
f 1066 1047 1046
f 1066 1046 1067
f 1067 1046 1045
f 1067 1045 1068
f 1068 1045 1044
f 1068 1044 1069
f 1069 1044 1043
f 1069 1043 1070
f 1070 1043 1042
f 1070 1042 1071
f 1071 1042 1041
f 1071 1041 1072
f 1072 1041 1040
f 1072 1040 1073
f 1073 1040 1039
f 1073 1039 1074
f 1074 1039 1038
f 1074 1038 1075
f 1075 1038 1037
f 1075 1037 1076
f 1076 1037 1036
f 1076 1036 1077
f 1077 1036 1035
f 1077 1035 1078
f 1078 1035 1034
f 1078 1034 1079
f 1079 1034 1033
f 1079 1033 1080
f 1080 1033 1032
f 1080 1032 1081
f 1081 1032 1031
f 1081 1031 1082
f 1082 1031 1030
f 1082 1030 1083
f 1083 1030 1029
f 1083 1029 1084
f 1084 1029 1028
f 1084 1028 1085
f 1085 1028 1027
f 1085 1027 1086
f 1086 1027 1026
f 1086 1026 1087
f 1087 1026 1025
f 1087 1025 1088
f 1088 1025 1024
f 1088 1024 1089
f 1089 1024 1023
f 1089 1023 1090
f 1090 1023 1022
f 1090 1022 1091
f 1091 1022 1021
f 1091 1021 1092
f 1092 1021 1020
f 1092 1020 1093
f 1093 1020 1019
f 1093 1019 1056
f 1056 1019 1018
f 1094 1095 1093
f 1093 1095 1092
f 1095 1096 1092
f 1092 1096 1097
f 1092 1097 1091
f 1091 1097 1098
f 1091 1098 1090
f 1090 1098 1099
f 1090 1099 1089
f 1089 1099 1100
f 1089 1100 1088
f 1088 1100 1101
f 1088 1101 1087
f 1087 1101 1102
f 1087 1102 1086
f 1086 1102 1103
f 1086 1103 1085
f 1085 1103 1104
f 1085 1104 1084
f 1084 1104 1105
f 1084 1105 1083
f 1083 1105 1106
f 1083 1106 1082
f 1082 1106 1107
f 1082 1107 1081
f 1081 1107 1108
f 1081 1108 1080
f 1080 1108 1109
f 1080 1109 1079
f 1079 1109 1110
f 1079 1110 1078
f 1078 1110 1111
f 1078 1111 1077
f 1077 1111 1112
f 1077 1112 1076
f 1076 1112 1113
f 1076 1113 1075
f 1075 1113 1114
f 1075 1114 1074
f 1074 1114 1115
f 1074 1115 1073
f 1073 1115 1116
f 1073 1116 1072
f 1072 1116 1117
f 1072 1117 1071
f 1071 1117 1118
f 1071 1118 1070
f 1070 1118 1119
f 1070 1119 1069
f 1069 1119 1120
f 1069 1120 1068
f 1068 1120 1121
f 1068 1121 1067
f 1067 1121 1122
f 1067 1122 1066
f 1066 1122 1123
f 1066 1123 1065
f 1065 1123 1124
f 1065 1124 1064
f 1064 1124 1125
f 1064 1125 1063
f 1063 1125 1126
f 1063 1126 1062
f 1062 1126 1127
f 1062 1127 1061
f 1061 1127 1128
f 1061 1128 1060
f 1060 1128 1129
f 1060 1129 1059
f 1059 1129 1130
f 1059 1130 1058
f 1058 1130 1131
f 1058 1131 1057
f 1057 1131 1094
f 1057 1094 1056
f 1056 1094 1093
f 1132 1094 1133
f 1133 1094 1131
f 1133 1131 1134
f 1134 1131 1130
f 1134 1130 1135
f 1135 1130 1129
f 1135 1129 1136
f 1136 1129 1128
f 1136 1128 1137
f 1137 1128 1127
f 1137 1127 1138
f 1138 1127 1126
f 1138 1126 1139
f 1139 1126 1125
f 1139 1125 1140
f 1140 1125 1124
f 1140 1124 1141
f 1141 1124 1123
f 1141 1123 1142
f 1142 1123 1122
f 1142 1122 1143
f 1143 1122 1121
f 1143 1121 1144
f 1144 1121 1120
f 1144 1120 1145
f 1145 1120 1119
f 1145 1119 1146
f 1146 1119 1118
f 1146 1118 1147
f 1147 1118 1117
f 1147 1117 1148
f 1148 1117 1116
f 1148 1116 1149
f 1149 1116 1115
f 1149 1115 1150
f 1150 1115 1114
f 1150 1114 1151
f 1151 1114 1113
f 1151 1113 1152
f 1152 1113 1112
f 1152 1112 1153
f 1153 1112 1111
f 1153 1111 1154
f 1154 1111 1110
f 1154 1110 1155
f 1155 1110 1109
f 1155 1109 1156
f 1156 1109 1108
f 1156 1108 1157
f 1157 1108 1107
f 1157 1107 1158
f 1158 1107 1106
f 1158 1106 1159
f 1159 1106 1105
f 1159 1105 1160
f 1160 1105 1104
f 1160 1104 1161
f 1161 1104 1103
f 1161 1103 1162
f 1162 1103 1102
f 1162 1102 1163
f 1163 1102 1101
f 1163 1101 1164
f 1164 1101 1100
f 1164 1100 1165
f 1165 1100 1099
f 1165 1099 1166
f 1166 1099 1098
f 1166 1098 1167
f 1167 1098 1097
f 1167 1097 1168
f 1168 1097 1096
f 1168 1096 1169
f 1169 1096 1095
f 1169 1095 1132
f 1132 1095 1094
f 1170 1171 1172
f 1170 1172 1173
f 1174 1175 1176
f 1176 1175 1177
f 1176 1177 1178
f 847 846 1179
f 1179 846 1176
f 1179 1176 1180
f 1180 1176 1178
f 1173 1172 1176
f 1176 1172 1181
f 1176 1181 1174
f 1182 1183 1169
f 1169 1183 1168
f 1183 1184 1168
f 1168 1184 1185
f 1168 1185 1167
f 1167 1185 1186
f 1167 1186 1166
f 1166 1186 1187
f 1166 1187 1165
f 1165 1187 1188
f 1165 1188 1164
f 1164 1188 1189
f 1164 1189 1163
f 1163 1189 1190
f 1163 1190 1162
f 1162 1190 1191
f 1162 1191 1161
f 1161 1191 1192
f 1161 1192 1160
f 1160 1192 1193
f 1160 1193 1159
f 1159 1193 1194
f 1159 1194 1158
f 1158 1194 1195
f 1158 1195 1157
f 1157 1195 1196
f 1157 1196 1156
f 1156 1196 1197
f 1156 1197 1155
f 1155 1197 1198
f 1155 1198 1154
f 1154 1198 1199
f 1154 1199 1153
f 1153 1199 1200
f 1153 1200 1152
f 1152 1200 1201
f 1152 1201 1151
f 1151 1201 1202
f 1151 1202 1150
f 1150 1202 1203
f 1150 1203 1149
f 1149 1203 1204
f 1149 1204 1148
f 1148 1204 1205
f 1148 1205 1147
f 1147 1205 1206
f 1147 1206 1146
f 1146 1206 1207
f 1146 1207 1145
f 1145 1207 1208
f 1145 1208 1144
f 1144 1208 1209
f 1144 1209 1143
f 1143 1209 1210
f 1143 1210 1142
f 1142 1210 1211
f 1142 1211 1141
f 1141 1211 1212
f 1141 1212 1140
f 1140 1212 1213
f 1140 1213 1139
f 1139 1213 1214
f 1139 1214 1138
f 1138 1214 1215
f 1138 1215 1137
f 1137 1215 1216
f 1137 1216 1136
f 1136 1216 1217
f 1136 1217 1135
f 1135 1217 1218
f 1135 1218 1134
f 1134 1218 1219
f 1134 1219 1133
f 1133 1219 1182
f 1133 1182 1132
f 1132 1182 1169
f 809 1220 1221
f 1221 1222 809
f 809 1222 1223
f 809 1223 1224
f 1225 811 1226
f 1226 811 1227
f 1228 1229 811
f 811 1229 1230
f 811 1230 1227
f 1224 1231 809
f 809 1231 1232
f 809 1232 1233
f 1234 1235 811
f 811 1235 1236
f 811 1236 1228
f 1233 1237 809
f 809 1237 777
f 809 777 811
f 811 777 776
f 811 776 1234
f 808 1238 1239
f 1239 1240 808
f 808 1240 1241
f 808 1241 1242
f 1220 809 1243
f 1243 809 1244
f 1245 1246 809
f 809 1246 1247
f 809 1247 1244
f 1242 1248 808
f 808 1248 1249
f 808 1249 1250
f 1251 1252 809
f 809 1252 1253
f 809 1253 1245
f 1250 1254 808
f 808 1254 781
f 808 781 809
f 809 781 779
f 809 779 1251
f 1255 810 1256
f 1256 810 1257
f 811 1225 1258
f 1259 1260 810
f 810 1260 1261
f 810 1261 1257
f 1258 1262 811
f 811 1262 1263
f 811 1263 1264
f 1265 1266 810
f 810 1266 1267
f 810 1267 1259
f 1264 1268 811
f 811 1268 1269
f 811 1269 1270
f 1270 1271 811
f 811 1271 796
f 811 796 810
f 810 796 795
f 810 795 1265
f 1238 808 1272
f 1272 808 1273
f 810 1255 1274
f 1275 1276 808
f 808 1276 1277
f 808 1277 1273
f 1274 1278 810
f 810 1278 1279
f 810 1279 1280
f 1281 1282 808
f 808 1282 1283
f 808 1283 1275
f 1280 1284 810
f 810 1284 1285
f 810 1285 1286
f 1286 1287 810
f 810 1287 291
f 810 291 808
f 808 291 302
f 808 302 1281
f 1288 1289 1275
f 1275 1283 1288
f 1288 1283 1282
f 1288 1282 297
f 297 1282 1281
f 297 1281 302
f 1272 1273 1290
f 1290 1273 1277
f 1290 1277 1289
f 1289 1277 1276
f 1289 1276 1275
f 1290 1291 1272
f 1272 1291 1292
f 1272 1292 1238
f 1238 1292 1293
f 1238 1293 1239
f 1294 1295 1248
f 1248 1242 1294
f 1294 1242 1241
f 1294 1241 1293
f 1293 1241 1240
f 1293 1240 1239
f 1296 783 781
f 781 1254 1296
f 1296 1254 1250
f 1296 1250 1295
f 1295 1250 1249
f 1295 1249 1248
f 1297 1298 1259
f 1259 1267 1297
f 1297 1267 1266
f 1297 1266 794
f 794 1266 1265
f 794 1265 795
f 1256 1257 1299
f 1299 1257 1261
f 1299 1261 1298
f 1298 1261 1260
f 1298 1260 1259
f 1299 1300 1256
f 1256 1300 1301
f 1256 1301 1255
f 1255 1301 1302
f 1255 1302 1274
f 1303 1304 1284
f 1284 1280 1303
f 1303 1280 1279
f 1303 1279 1302
f 1302 1279 1278
f 1302 1278 1274
f 1305 292 291
f 291 1287 1305
f 1305 1287 1286
f 1305 1286 1304
f 1304 1286 1285
f 1304 1285 1284
f 1306 1307 1245
f 1245 1253 1306
f 1306 1253 1252
f 1306 1252 778
f 778 1252 1251
f 778 1251 779
f 1243 1244 1308
f 1308 1244 1247
f 1308 1247 1307
f 1307 1247 1246
f 1307 1246 1245
f 1308 1309 1243
f 1243 1309 1310
f 1243 1310 1220
f 1220 1310 1311
f 1220 1311 1221
f 1312 1313 1231
f 1231 1224 1312
f 1312 1224 1223
f 1312 1223 1311
f 1311 1223 1222
f 1311 1222 1221
f 1314 774 777
f 777 1237 1314
f 1314 1237 1233
f 1314 1233 1313
f 1313 1233 1232
f 1313 1232 1231
f 1315 1316 1228
f 1228 1236 1315
f 1315 1236 1235
f 1315 1235 775
f 775 1235 1234
f 775 1234 776
f 1226 1227 1317
f 1317 1227 1230
f 1317 1230 1316
f 1316 1230 1229
f 1316 1229 1228
f 1317 1318 1226
f 1226 1318 1319
f 1226 1319 1225
f 1225 1319 1320
f 1225 1320 1258
f 1321 1322 1268
f 1268 1264 1321
f 1321 1264 1263
f 1321 1263 1320
f 1320 1263 1262
f 1320 1262 1258
f 1323 797 796
f 796 1271 1323
f 1323 1271 1270
f 1323 1270 1322
f 1322 1270 1269
f 1322 1269 1268
f 500 293 622
f 622 293 296
f 593 290 565
f 565 290 289
f 647 628 514
f 514 628 512
f 588 547 590
f 590 547 546
f 590 546 586
f 586 546 545
f 586 545 592
f 592 545 564
f 592 564 611
f 611 564 566
f 611 566 612
f 612 566 577
f 612 577 613
f 613 577 576
f 613 576 596
f 596 576 575
f 596 575 595
f 595 575 560
f 595 560 594
f 594 560 559
f 594 559 609
f 609 559 558
f 609 558 610
f 610 558 551
f 610 551 597
f 597 551 550
f 597 550 598
f 598 550 549
f 598 549 644
f 644 549 583
f 644 583 645
f 645 583 582
f 645 582 646
f 646 582 581
f 646 581 634
f 634 581 580
f 634 580 666
f 666 580 579
f 666 579 655
f 655 579 578
f 655 578 656
f 656 578 574
f 656 574 664
f 664 574 573
f 664 573 665
f 665 573 572
f 665 572 631
f 631 572 555
f 631 555 668
f 668 555 556
f 668 556 669
f 669 556 557
f 669 557 660
f 660 557 554
f 660 554 659
f 659 554 553
f 659 553 601
f 601 553 552
f 601 552 599
f 599 552 542
f 548 547 587
f 587 547 588
f 541 600 542
f 542 600 599
f 652 533 653
f 653 533 535
f 653 535 654
f 654 535 536
f 654 536 657
f 657 536 511
f 657 511 658
f 658 511 510
f 658 510 667
f 667 510 532
f 667 532 629
f 629 532 531
f 629 531 630
f 630 531 530
f 630 530 632
f 632 530 523
f 632 523 633
f 633 523 522
f 633 522 635
f 635 522 521
f 635 521 636
f 636 521 508
f 636 508 637
f 637 508 507
f 637 507 661
f 661 507 506
f 661 506 662
f 662 506 539
f 662 539 663
f 663 539 538
f 663 538 614
f 614 538 537
f 614 537 615
f 615 537 497
f 615 497 616
f 616 497 496
f 616 496 638
f 638 496 520
f 638 520 639
f 639 520 519
f 639 519 640
f 640 519 505
f 640 505 641
f 641 505 504
f 641 504 642
f 642 504 518
f 642 518 643
f 643 518 517
f 643 517 623
f 623 517 516
f 623 516 621
f 621 516 499
f 621 499 619
f 619 499 498
f 619 498 626
f 626 498 515
f 626 515 627
f 627 515 513
f 534 533 602
f 602 533 652
f 512 628 513
f 513 628 627
f 567 589 608
f 567 608 568
f 568 608 607
f 568 607 569
f 569 607 606
f 569 606 543
f 543 606 605
f 543 605 544
f 544 605 604
f 544 604 570
f 570 604 603
f 570 603 571
f 571 603 585
f 571 585 561
f 561 585 584
f 561 584 562
f 562 584 591
f 562 591 563
f 563 591 593
f 563 593 565
f 647 514 529
f 647 529 648
f 648 529 528
f 648 528 649
f 649 528 527
f 649 527 624
f 624 527 526
f 624 526 625
f 625 526 525
f 625 525 650
f 650 525 524
f 650 524 651
f 651 524 503
f 651 503 617
f 617 503 502
f 617 502 618
f 618 502 501
f 618 501 620
f 620 501 500
f 620 500 622
f 509 295 294
f 287 540 288
f 287 295 540
f 540 295 509
f 458 429 394
f 394 429 374
f 349 332 433
f 433 332 415
f 441 426 345
f 345 426 343
f 410 340 411
f 411 340 341
f 411 341 412
f 412 341 342
f 412 342 413
f 413 342 330
f 413 330 491
f 491 330 329
f 491 329 492
f 492 329 366
f 492 366 494
f 494 366 365
f 494 365 495
f 495 365 364
f 495 364 475
f 475 364 339
f 475 339 476
f 476 339 338
f 476 338 478
f 478 338 363
f 478 363 487
f 487 363 362
f 487 362 427
f 427 362 325
f 427 325 428
f 428 325 324
f 428 324 430
f 430 324 361
f 430 361 431
f 431 361 360
f 431 360 417
f 417 360 359
f 417 359 416
f 416 359 337
f 416 337 414
f 414 337 336
f 414 336 418
f 418 336 335
f 418 335 419
f 419 335 331
f 419 331 420
f 420 331 333
f 420 333 435
f 435 333 334
f 435 334 434
f 434 334 352
f 434 352 432
f 432 352 351
f 432 351 436
f 436 351 350
f 436 350 437
f 437 350 348
f 437 348 423
f 423 348 328
f 423 328 424
f 424 328 346
f 424 346 425
f 425 346 344
f 340 410 319
f 319 410 317
f 344 343 425
f 425 343 426
f 453 368 455
f 455 368 367
f 455 367 456
f 456 367 389
f 456 389 457
f 457 389 393
f 457 393 472
f 472 393 395
f 472 395 473
f 473 395 398
f 473 398 474
f 474 398 397
f 474 397 459
f 459 397 396
f 459 396 460
f 460 396 386
f 460 386 461
f 461 386 385
f 461 385 446
f 446 385 384
f 446 384 447
f 447 384 375
f 447 375 448
f 448 375 373
f 448 373 449
f 449 373 372
f 449 372 462
f 462 372 409
f 462 409 463
f 463 409 408
f 463 408 464
f 464 408 407
f 464 407 465
f 465 407 406
f 465 406 466
f 466 406 405
f 466 405 467
f 467 405 404
f 467 404 468
f 468 404 383
f 468 383 486
f 486 383 382
f 486 382 477
f 477 382 381
f 477 381 493
f 493 381 380
f 493 380 479
f 479 380 379
f 479 379 450
f 450 379 378
f 450 378 451
f 451 378 371
f 451 371 490
f 490 371 370
f 490 370 489
f 489 370 377
f 489 377 488
f 488 377 376
f 368 453 369
f 369 453 452
f 376 315 488
f 488 315 314
f 441 345 358
f 441 358 442
f 442 358 357
f 442 357 443
f 443 357 356
f 443 356 421
f 421 356 355
f 421 355 422
f 422 355 354
f 422 354 444
f 444 354 353
f 444 353 445
f 445 353 327
f 445 327 440
f 440 327 326
f 440 326 439
f 439 326 347
f 439 347 438
f 438 347 349
f 438 349 433
f 399 454 485
f 399 485 400
f 400 485 484
f 400 484 401
f 401 484 483
f 401 483 387
f 387 483 482
f 387 482 388
f 388 482 481
f 388 481 402
f 402 481 480
f 402 480 403
f 403 480 471
f 403 471 390
f 390 471 470
f 390 470 391
f 391 470 469
f 391 469 392
f 392 469 458
f 392 458 394
f 318 316 320
f 320 316 322
f 674 675 1324
f 677 678 1325
f 680 681 1326
f 683 685 1327
f 693 694 1328
f 696 697 1329
f 699 700 1330
f 1179 1331 847
f 847 1331 827
f 827 1331 824
f 824 1331 1332
f 824 1332 825
f 825 1332 838
f 838 1332 1333
f 838 1333 839
f 839 1333 828
f 828 1333 1334
f 828 1334 829
f 829 1334 833
f 833 1334 1335
f 833 1335 834
f 834 1335 835
f 835 1335 1336
f 835 1336 840
f 840 1336 1337
f 840 1337 841
f 841 1337 842
f 842 1337 1338
f 842 1338 836
f 836 1338 837
f 837 1338 1339
f 837 1339 843
f 843 1339 844
f 844 1339 703
f 844 703 705
f 670 672 821
f 821 672 1340
f 1341 823 1340
f 1340 823 822
f 1340 822 821
f 1342 815 1343
f 1343 815 814
f 1343 814 1341
f 1341 814 813
f 1341 813 823
f 1344 818 1345
f 1345 818 817
f 1345 817 1342
f 1342 817 816
f 1342 816 815
f 1346 820 1344
f 1344 820 819
f 1344 819 818
f 832 831 1346
f 1346 831 830
f 1346 830 820
f 1346 1347 832
f 832 1347 1348
f 832 1348 845
f 845 1348 1176
f 845 1176 846
f 1179 1180 1331
f 1331 1180 1349
f 1331 1349 1332
f 1332 1349 1350
f 1332 1350 1333
f 1333 1350 1351
f 1333 1351 1334
f 1334 1351 1352
f 1334 1352 1335
f 1335 1352 1353
f 1335 1353 1336
f 1336 1353 1354
f 1336 1354 1337
f 1337 1354 1355
f 1337 1355 1338
f 1338 1355 1356
f 1338 1356 1339
f 1339 1356 1330
f 1330 700 1339
f 1339 700 702
f 1339 702 703
f 697 699 1329
f 1329 699 1330
f 1329 1330 1357
f 1357 1330 1356
f 1357 1356 1358
f 1358 1356 1355
f 1358 1355 1359
f 1359 1355 1354
f 1359 1354 1360
f 1360 1354 1353
f 1360 1353 1361
f 1361 1353 1352
f 1361 1352 1362
f 1362 1352 1351
f 1362 1351 1363
f 1363 1351 1350
f 1363 1350 1364
f 1364 1350 1349
f 1364 1349 1178
f 1178 1349 1180
f 694 696 1328
f 1328 696 1329
f 1328 1329 1365
f 1365 1329 1357
f 1365 1357 1366
f 1366 1357 1358
f 1366 1358 1367
f 1367 1358 1359
f 1367 1359 1368
f 1368 1359 1360
f 1368 1360 1369
f 1369 1360 1361
f 1369 1361 1370
f 1370 1361 1362
f 1370 1362 1371
f 1371 1362 1363
f 1371 1363 1372
f 1372 1363 1364
f 1372 1364 1177
f 1177 1364 1178
f 691 693 1373
f 1373 693 1328
f 1373 1328 1374
f 1374 1328 1365
f 1374 1365 1375
f 1375 1365 1366
f 1375 1366 1376
f 1376 1366 1367
f 1376 1367 1377
f 1377 1367 1368
f 1377 1368 1378
f 1378 1368 1369
f 1378 1369 1379
f 1379 1369 1370
f 1379 1370 1380
f 1380 1370 1371
f 1380 1371 1381
f 1381 1371 1372
f 1381 1372 1175
f 1175 1372 1177
f 1175 1174 1381
f 1381 1174 1382
f 1381 1382 1380
f 1380 1382 1383
f 1380 1383 1379
f 1379 1383 1384
f 1379 1384 1378
f 1378 1384 1385
f 1378 1385 1377
f 1377 1385 1386
f 1377 1386 1376
f 1376 1386 1387
f 1376 1387 1375
f 1375 1387 1388
f 1375 1388 1374
f 1374 1388 1389
f 1374 1389 1373
f 1373 1389 1390
f 1373 1390 691
f 691 1390 689
f 1174 1181 1382
f 1382 1181 1391
f 1382 1391 1383
f 1383 1391 1392
f 1383 1392 1384
f 1384 1392 1393
f 1384 1393 1385
f 1385 1393 1394
f 1385 1394 1386
f 1386 1394 1395
f 1386 1395 1387
f 1387 1395 1396
f 1387 1396 1388
f 1388 1396 1397
f 1388 1397 1389
f 1389 1397 1398
f 1389 1398 1390
f 1390 1398 1399
f 1390 1399 689
f 689 1399 687
f 1181 1172 1391
f 1391 1172 1400
f 1391 1400 1392
f 1392 1400 1401
f 1392 1401 1393
f 1393 1401 1402
f 1393 1402 1394
f 1394 1402 1403
f 1394 1403 1395
f 1395 1403 1404
f 1395 1404 1396
f 1396 1404 1405
f 1396 1405 1397
f 1397 1405 1406
f 1397 1406 1398
f 1398 1406 1407
f 1398 1407 1399
f 1399 1407 1327
f 1399 1327 687
f 687 1327 685
f 681 683 1326
f 1326 683 1327
f 1326 1327 1408
f 1408 1327 1407
f 1408 1407 1409
f 1409 1407 1406
f 1409 1406 1410
f 1410 1406 1405
f 1410 1405 1411
f 1411 1405 1404
f 1411 1404 1412
f 1412 1404 1403
f 1412 1403 1413
f 1413 1403 1402
f 1413 1402 1414
f 1414 1402 1401
f 1414 1401 1415
f 1415 1401 1400
f 1415 1400 1171
f 1171 1400 1172
f 678 680 1325
f 1325 680 1326
f 1325 1326 1416
f 1416 1326 1408
f 1416 1408 1417
f 1417 1408 1409
f 1417 1409 1418
f 1418 1409 1410
f 1418 1410 1419
f 1419 1410 1411
f 1419 1411 1420
f 1420 1411 1412
f 1420 1412 1421
f 1421 1412 1413
f 1421 1413 1422
f 1422 1413 1414
f 1422 1414 1423
f 1423 1414 1415
f 1423 1415 1170
f 1170 1415 1171
f 675 677 1324
f 1324 677 1325
f 1324 1325 1424
f 1424 1325 1416
f 1424 1416 1425
f 1425 1416 1417
f 1425 1417 1426
f 1426 1417 1418
f 1426 1418 1427
f 1427 1418 1419
f 1427 1419 1428
f 1428 1419 1420
f 1428 1420 1429
f 1429 1420 1421
f 1429 1421 1430
f 1430 1421 1422
f 1430 1422 1431
f 1431 1422 1423
f 1431 1423 1173
f 1173 1423 1170
f 672 674 1340
f 1340 674 1324
f 1340 1324 1341
f 1341 1324 1424
f 1341 1424 1343
f 1343 1424 1425
f 1343 1425 1342
f 1342 1425 1426
f 1342 1426 1345
f 1345 1426 1427
f 1345 1427 1344
f 1344 1427 1428
f 1344 1428 1346
f 1346 1428 1429
f 1346 1429 1347
f 1347 1429 1430
f 1347 1430 1348
f 1348 1430 1431
f 1348 1431 1176
f 1176 1431 1173
f 852 853 1432
f 859 857 1433
f 855 864 1434
f 872 873 1435
f 874 875 1436
f 878 877 1437
f 882 881 1438
f 879 883 1439
f 884 885 1440
f 892 850 1441
f 897 899 1442
f 903 904 1443
f 907 906 1444
f 908 912 1445
f 913 914 1446
f 919 918 1447
f 917 916 1448
f 923 925 1449
f 927 929 1450
f 938 939 1451
f 1452 1453 1454
f 1455 1456 1457
f 1457 1456 957
f 957 1456 1458
f 957 1458 947
f 1459 1460 1461
f 1461 1462 1459
f 1459 1462 1463
f 1459 1463 1457
f 1457 1463 1464
f 1457 1464 1455
f 1465 1466 1467
f 1467 1468 1465
f 1465 1468 1469
f 1465 1469 1460
f 1460 1469 1470
f 1460 1470 1461
f 1471 1472 1473
f 1473 1472 1474
f 1473 1474 1466
f 1466 1474 1475
f 1466 1475 1467
f 1476 1477 1478
f 1478 1477 1471
f 1478 1471 1479
f 1479 1471 1473
f 1476 1478 1480
f 1480 1478 1451
f 1480 1451 1481
f 1481 1451 939
f 1481 939 940
f 1453 1452 851
f 851 1452 848
f 1482 1483 1454
f 1454 1483 1484
f 1454 1484 1452
f 1485 1486 1482
f 1482 1486 1487
f 1482 1487 1483
f 1488 1489 1485
f 1485 1489 1490
f 1485 1490 1486
f 1491 1492 1488
f 1488 1492 1493
f 1488 1493 1489
f 1494 1495 1491
f 1491 1495 1496
f 1491 1496 1492
f 1497 1498 1494
f 1494 1498 1499
f 1494 1499 1495
f 1500 1501 1497
f 1497 1501 1502
f 1497 1502 1498
f 1015 1503 1013
f 1013 1503 1504
f 1013 1504 1500
f 1500 1504 1505
f 1500 1505 1501
f 973 972 1506
f 1506 972 1507
f 1506 1507 1508
f 1508 1507 1509
f 1508 1509 1510
f 1510 1509 1511
f 1510 1511 1512
f 1512 1511 1513
f 1512 1513 1514
f 1514 1513 1515
f 1514 1515 1516
f 1516 1515 1517
f 1516 1517 1518
f 1518 1517 1519
f 1518 1519 1520
f 1520 1519 1521
f 1520 1521 1522
f 1522 1521 1450
f 1005 1004 1523
f 1523 1004 1524
f 1523 1524 1525
f 1525 1524 1526
f 1525 1526 1527
f 1527 1526 1528
f 1527 1528 1529
f 1529 1528 1530
f 1529 1530 1531
f 1531 1530 1532
f 1531 1532 1533
f 1533 1532 1534
f 1533 1534 1535
f 1535 1534 1536
f 1535 1536 1537
f 1537 1536 1538
f 1537 1538 1539
f 1539 1538 1444
f 976 977 1540
f 1540 977 1541
f 1540 1541 1542
f 1542 1541 1543
f 1542 1543 1544
f 1544 1543 1545
f 1544 1545 1546
f 1546 1545 1547
f 1546 1547 1548
f 1548 1547 1549
f 1548 1549 1550
f 1550 1549 1551
f 1550 1551 1552
f 1552 1551 1553
f 1552 1553 1554
f 1554 1553 1555
f 1554 1555 1556
f 1556 1555 1440
f 993 1006 1557
f 1557 1006 1558
f 1557 1558 1559
f 1559 1558 1560
f 1559 1560 1561
f 1561 1560 1562
f 1561 1562 1563
f 1563 1562 1564
f 1563 1564 1565
f 1565 1564 1566
f 1565 1566 1567
f 1567 1566 1568
f 1567 1568 1569
f 1569 1568 1570
f 1569 1570 1571
f 1571 1570 1572
f 1571 1572 1573
f 1573 1572 1434
f 937 938 1574
f 1574 938 1451
f 1574 1451 1575
f 1575 1451 1478
f 1575 1478 1576
f 1576 1478 1479
f 1576 1479 1577
f 1577 1479 1473
f 1577 1473 1578
f 1578 1473 1466
f 1578 1466 1579
f 1579 1466 1465
f 1579 1465 1580
f 1580 1465 1460
f 1580 1460 1581
f 1581 1460 1459
f 1581 1459 1582
f 1582 1459 1457
f 1582 1457 959
f 959 1457 957
f 959 973 1582
f 1582 973 1506
f 1582 1506 1581
f 1581 1506 1508
f 1581 1508 1580
f 1580 1508 1510
f 1580 1510 1579
f 1579 1510 1512
f 1579 1512 1578
f 1578 1512 1514
f 1578 1514 1577
f 1577 1514 1516
f 1577 1516 1576
f 1576 1516 1518
f 1576 1518 1575
f 1575 1518 1520
f 1575 1520 1574
f 1574 1520 1522
f 1574 1522 937
f 937 1522 933
f 1450 929 1522
f 1522 929 931
f 1522 931 933
f 925 927 1449
f 1449 927 1450
f 1449 1450 1583
f 1583 1450 1521
f 1583 1521 1584
f 1584 1521 1519
f 1584 1519 1585
f 1585 1519 1517
f 1585 1517 1586
f 1586 1517 1515
f 1586 1515 1587
f 1587 1515 1513
f 1587 1513 1588
f 1588 1513 1511
f 1588 1511 1589
f 1589 1511 1509
f 1589 1509 1590
f 1590 1509 1507
f 1590 1507 970
f 970 1507 972
f 921 923 1591
f 1591 923 1449
f 1591 1449 1592
f 1592 1449 1583
f 1592 1583 1593
f 1593 1583 1584
f 1593 1584 1594
f 1594 1584 1585
f 1594 1585 1595
f 1595 1585 1586
f 1595 1586 1596
f 1596 1586 1587
f 1596 1587 1597
f 1597 1587 1588
f 1597 1588 1598
f 1598 1588 1589
f 1598 1589 1599
f 1599 1589 1590
f 1599 1590 968
f 968 1590 970
f 968 966 1599
f 1599 966 1600
f 1599 1600 1598
f 1598 1600 1601
f 1598 1601 1597
f 1597 1601 1602
f 1597 1602 1596
f 1596 1602 1603
f 1596 1603 1595
f 1595 1603 1604
f 1595 1604 1594
f 1594 1604 1605
f 1594 1605 1593
f 1593 1605 1606
f 1593 1606 1592
f 1592 1606 1607
f 1592 1607 1591
f 1591 1607 1448
f 1591 1448 921
f 921 1448 916
f 966 964 1600
f 1600 964 1608
f 1600 1608 1601
f 1601 1608 1609
f 1601 1609 1602
f 1602 1609 1610
f 1602 1610 1603
f 1603 1610 1611
f 1603 1611 1604
f 1604 1611 1612
f 1604 1612 1605
f 1605 1612 1613
f 1605 1613 1606
f 1606 1613 1614
f 1606 1614 1607
f 1607 1614 1615
f 1607 1615 1448
f 1448 1615 1447
f 1448 1447 917
f 917 1447 918
f 915 919 1616
f 1616 919 1447
f 1616 1447 1617
f 1617 1447 1615
f 1617 1615 1618
f 1618 1615 1614
f 1618 1614 1619
f 1619 1614 1613
f 1619 1613 1620
f 1620 1613 1612
f 1620 1612 1621
f 1621 1612 1611
f 1621 1611 1622
f 1622 1611 1610
f 1622 1610 1623
f 1623 1610 1609
f 1623 1609 1624
f 1624 1609 1608
f 1624 1608 962
f 962 1608 964
f 962 998 1624
f 1624 998 1625
f 1624 1625 1623
f 1623 1625 1626
f 1623 1626 1622
f 1622 1626 1627
f 1622 1627 1621
f 1621 1627 1628
f 1621 1628 1620
f 1620 1628 1629
f 1620 1629 1619
f 1619 1629 1630
f 1619 1630 1618
f 1618 1630 1631
f 1618 1631 1617
f 1617 1631 1632
f 1617 1632 1616
f 1616 1632 1446
f 1616 1446 915
f 915 1446 914
f 998 997 1625
f 1625 997 1633
f 1625 1633 1626
f 1626 1633 1634
f 1626 1634 1627
f 1627 1634 1635
f 1627 1635 1628
f 1628 1635 1636
f 1628 1636 1629
f 1629 1636 1637
f 1629 1637 1630
f 1630 1637 1638
f 1630 1638 1631
f 1631 1638 1639
f 1631 1639 1632
f 1632 1639 1640
f 1632 1640 1446
f 1446 1640 1445
f 1446 1445 913
f 913 1445 912
f 909 908 1641
f 1641 908 1445
f 1641 1445 1642
f 1642 1445 1640
f 1642 1640 1643
f 1643 1640 1639
f 1643 1639 1644
f 1644 1639 1638
f 1644 1638 1645
f 1645 1638 1637
f 1645 1637 1646
f 1646 1637 1636
f 1646 1636 1647
f 1647 1636 1635
f 1647 1635 1648
f 1648 1635 1634
f 1648 1634 1649
f 1649 1634 1633
f 1649 1633 995
f 995 1633 997
f 995 1005 1649
f 1649 1005 1523
f 1649 1523 1648
f 1648 1523 1525
f 1648 1525 1647
f 1647 1525 1527
f 1647 1527 1646
f 1646 1527 1529
f 1646 1529 1645
f 1645 1529 1531
f 1645 1531 1644
f 1644 1531 1533
f 1644 1533 1643
f 1643 1533 1535
f 1643 1535 1642
f 1642 1535 1537
f 1642 1537 1641
f 1641 1537 1539
f 1641 1539 909
f 909 1539 910
f 1444 906 1539
f 1539 906 911
f 1539 911 910
f 1004 1002 1524
f 1524 1002 1650
f 1524 1650 1526
f 1526 1650 1651
f 1526 1651 1528
f 1528 1651 1652
f 1528 1652 1530
f 1530 1652 1653
f 1530 1653 1532
f 1532 1653 1654
f 1532 1654 1534
f 1534 1654 1655
f 1534 1655 1536
f 1536 1655 1656
f 1536 1656 1538
f 1538 1656 1657
f 1538 1657 1444
f 1444 1657 1443
f 1444 1443 907
f 907 1443 904
f 901 903 1658
f 1658 903 1443
f 1658 1443 1659
f 1659 1443 1657
f 1659 1657 1660
f 1660 1657 1656
f 1660 1656 1661
f 1661 1656 1655
f 1661 1655 1662
f 1662 1655 1654
f 1662 1654 1663
f 1663 1654 1653
f 1663 1653 1664
f 1664 1653 1652
f 1664 1652 1665
f 1665 1652 1651
f 1665 1651 1666
f 1666 1651 1650
f 1666 1650 1000
f 1000 1650 1002
f 1000 999 1666
f 1666 999 1667
f 1666 1667 1665
f 1665 1667 1668
f 1665 1668 1664
f 1664 1668 1669
f 1664 1669 1663
f 1663 1669 1670
f 1663 1670 1662
f 1662 1670 1671
f 1662 1671 1661
f 1661 1671 1672
f 1661 1672 1660
f 1660 1672 1673
f 1660 1673 1659
f 1659 1673 1674
f 1659 1674 1658
f 1658 1674 1442
f 1658 1442 901
f 901 1442 899
f 999 946 1667
f 1667 946 1675
f 1667 1675 1668
f 1668 1675 1676
f 1668 1676 1669
f 1669 1676 1677
f 1669 1677 1670
f 1670 1677 1678
f 1670 1678 1671
f 1671 1678 1679
f 1671 1679 1672
f 1672 1679 1680
f 1672 1680 1673
f 1673 1680 1681
f 1673 1681 1674
f 1674 1681 1682
f 1674 1682 1442
f 1442 1682 1441
f 1442 1441 897
f 897 1441 850
f 890 892 1683
f 1683 892 1441
f 1683 1441 1684
f 1684 1441 1682
f 1684 1682 1685
f 1685 1682 1681
f 1685 1681 1686
f 1686 1681 1680
f 1686 1680 1687
f 1687 1680 1679
f 1687 1679 1688
f 1688 1679 1678
f 1688 1678 1689
f 1689 1678 1677
f 1689 1677 1690
f 1690 1677 1676
f 1690 1676 1691
f 1691 1676 1675
f 1691 1675 974
f 974 1675 946
f 974 976 1691
f 1691 976 1540
f 1691 1540 1690
f 1690 1540 1542
f 1690 1542 1689
f 1689 1542 1544
f 1689 1544 1688
f 1688 1544 1546
f 1688 1546 1687
f 1687 1546 1548
f 1687 1548 1686
f 1686 1548 1550
f 1686 1550 1685
f 1685 1550 1552
f 1685 1552 1684
f 1684 1552 1554
f 1684 1554 1683
f 1683 1554 1556
f 1683 1556 890
f 890 1556 888
f 1440 885 1556
f 1556 885 886
f 1556 886 888
f 883 884 1439
f 1439 884 1440
f 1439 1440 1692
f 1692 1440 1555
f 1692 1555 1693
f 1693 1555 1553
f 1693 1553 1694
f 1694 1553 1551
f 1694 1551 1695
f 1695 1551 1549
f 1695 1549 1696
f 1696 1549 1547
f 1696 1547 1697
f 1697 1547 1545
f 1697 1545 1698
f 1698 1545 1543
f 1698 1543 1699
f 1699 1543 1541
f 1699 1541 979
f 979 1541 977
f 880 879 1700
f 1700 879 1439
f 1700 1439 1701
f 1701 1439 1692
f 1701 1692 1702
f 1702 1692 1693
f 1702 1693 1703
f 1703 1693 1694
f 1703 1694 1704
f 1704 1694 1695
f 1704 1695 1705
f 1705 1695 1696
f 1705 1696 1706
f 1706 1696 1697
f 1706 1697 1707
f 1707 1697 1698
f 1707 1698 1708
f 1708 1698 1699
f 1708 1699 981
f 981 1699 979
f 981 982 1708
f 1708 982 1709
f 1708 1709 1707
f 1707 1709 1710
f 1707 1710 1706
f 1706 1710 1711
f 1706 1711 1705
f 1705 1711 1712
f 1705 1712 1704
f 1704 1712 1713
f 1704 1713 1703
f 1703 1713 1714
f 1703 1714 1702
f 1702 1714 1715
f 1702 1715 1701
f 1701 1715 1716
f 1701 1716 1700
f 1700 1716 1438
f 1700 1438 880
f 880 1438 881
f 982 984 1709
f 1709 984 1717
f 1709 1717 1710
f 1710 1717 1718
f 1710 1718 1711
f 1711 1718 1719
f 1711 1719 1712
f 1712 1719 1720
f 1712 1720 1713
f 1713 1720 1721
f 1713 1721 1714
f 1714 1721 1722
f 1714 1722 1715
f 1715 1722 1723
f 1715 1723 1716
f 1716 1723 1724
f 1716 1724 1438
f 1438 1724 1437
f 1438 1437 882
f 882 1437 877
f 876 878 1725
f 1725 878 1437
f 1725 1437 1726
f 1726 1437 1724
f 1726 1724 1727
f 1727 1724 1723
f 1727 1723 1728
f 1728 1723 1722
f 1728 1722 1729
f 1729 1722 1721
f 1729 1721 1730
f 1730 1721 1720
f 1730 1720 1731
f 1731 1720 1719
f 1731 1719 1732
f 1732 1719 1718
f 1732 1718 1733
f 1733 1718 1717
f 1733 1717 986
f 986 1717 984
f 986 987 1733
f 1733 987 1734
f 1733 1734 1732
f 1732 1734 1735
f 1732 1735 1731
f 1731 1735 1736
f 1731 1736 1730
f 1730 1736 1737
f 1730 1737 1729
f 1729 1737 1738
f 1729 1738 1728
f 1728 1738 1739
f 1728 1739 1727
f 1727 1739 1740
f 1727 1740 1726
f 1726 1740 1741
f 1726 1741 1725
f 1725 1741 1436
f 1725 1436 876
f 876 1436 875
f 987 989 1734
f 1734 989 1742
f 1734 1742 1735
f 1735 1742 1743
f 1735 1743 1736
f 1736 1743 1744
f 1736 1744 1737
f 1737 1744 1745
f 1737 1745 1738
f 1738 1745 1746
f 1738 1746 1739
f 1739 1746 1747
f 1739 1747 1740
f 1740 1747 1748
f 1740 1748 1741
f 1741 1748 1749
f 1741 1749 1436
f 1436 1749 1435
f 1436 1435 874
f 874 1435 873
f 871 872 1750
f 1750 872 1435
f 1750 1435 1751
f 1751 1435 1749
f 1751 1749 1752
f 1752 1749 1748
f 1752 1748 1753
f 1753 1748 1747
f 1753 1747 1754
f 1754 1747 1746
f 1754 1746 1755
f 1755 1746 1745
f 1755 1745 1756
f 1756 1745 1744
f 1756 1744 1757
f 1757 1744 1743
f 1757 1743 1758
f 1758 1743 1742
f 1758 1742 991
f 991 1742 989
f 991 993 1758
f 1758 993 1557
f 1758 1557 1757
f 1757 1557 1559
f 1757 1559 1756
f 1756 1559 1561
f 1756 1561 1755
f 1755 1561 1563
f 1755 1563 1754
f 1754 1563 1565
f 1754 1565 1753
f 1753 1565 1567
f 1753 1567 1752
f 1752 1567 1569
f 1752 1569 1751
f 1751 1569 1571
f 1751 1571 1750
f 1750 1571 1573
f 1750 1573 871
f 871 1573 868
f 1434 864 1573
f 1573 864 866
f 1573 866 868
f 1006 1008 1558
f 1558 1008 1759
f 1558 1759 1560
f 1560 1759 1760
f 1560 1760 1562
f 1562 1760 1761
f 1562 1761 1564
f 1564 1761 1762
f 1564 1762 1566
f 1566 1762 1763
f 1566 1763 1568
f 1568 1763 1764
f 1568 1764 1570
f 1570 1764 1765
f 1570 1765 1572
f 1572 1765 1766
f 1572 1766 1434
f 1434 1766 1433
f 1434 1433 855
f 855 1433 857
f 861 859 1767
f 1767 859 1433
f 1767 1433 1768
f 1768 1433 1766
f 1768 1766 1769
f 1769 1766 1765
f 1769 1765 1770
f 1770 1765 1764
f 1770 1764 1771
f 1771 1764 1763
f 1771 1763 1772
f 1772 1763 1762
f 1772 1762 1773
f 1773 1762 1761
f 1773 1761 1774
f 1774 1761 1760
f 1774 1760 1775
f 1775 1760 1759
f 1775 1759 1010
f 1010 1759 1008
f 1010 1011 1775
f 1775 1011 1776
f 1775 1776 1774
f 1774 1776 1777
f 1774 1777 1773
f 1773 1777 1778
f 1773 1778 1772
f 1772 1778 1779
f 1772 1779 1771
f 1771 1779 1780
f 1771 1780 1770
f 1770 1780 1781
f 1770 1781 1769
f 1769 1781 1782
f 1769 1782 1768
f 1768 1782 1783
f 1768 1783 1767
f 1767 1783 1432
f 1767 1432 861
f 861 1432 853
f 1011 1013 1776
f 1776 1013 1500
f 1776 1500 1777
f 1777 1500 1497
f 1777 1497 1778
f 1778 1497 1494
f 1778 1494 1779
f 1779 1494 1491
f 1779 1491 1780
f 1780 1491 1488
f 1780 1488 1781
f 1781 1488 1485
f 1781 1485 1782
f 1782 1485 1482
f 1782 1482 1783
f 1783 1482 1454
f 1783 1454 1432
f 1432 1454 1453
f 1432 1453 852
f 852 1453 851
f 1784 952 947
f 947 1458 1784
f 1784 1458 1456
f 1784 1456 1785
f 1785 1456 1455
f 1455 1464 1785
f 1785 1464 1463
f 1785 1463 1786
f 1463 1462 1786
f 1786 1462 1461
f 1786 1461 1787
f 1461 1470 1787
f 1787 1470 1469
f 1787 1469 1788
f 1469 1468 1788
f 1788 1468 1467
f 1788 1467 1789
f 1467 1475 1789
f 1789 1475 1474
f 1789 1474 1790
f 1790 1474 1472
f 1790 1472 1791
f 1791 1472 1471
f 1791 1471 1792
f 1792 1471 1477
f 1792 1477 1793
f 1793 1477 1794
f 1794 1477 1476
f 1794 1476 1795
f 1795 1476 1796
f 1796 1476 1480
f 1796 1480 812
f 812 1480 1481
f 812 1481 940
f 1503 1015 943
f 826 848 1797
f 1797 848 1452
f 1797 1452 1798
f 1798 1452 1799
f 1799 1452 1800
f 1800 1452 1484
f 1800 1484 1801
f 1801 1484 1483
f 1801 1483 1802
f 1802 1483 1487
f 1802 1487 1803
f 1803 1487 1486
f 1803 1486 1804
f 1804 1486 1490
f 1804 1490 1805
f 1490 1489 1805
f 1805 1489 1493
f 1805 1493 1806
f 1493 1492 1806
f 1806 1492 1496
f 1806 1496 1807
f 1496 1495 1807
f 1807 1495 1499
f 1807 1499 1808
f 1499 1498 1808
f 1808 1498 1502
f 1808 1502 1809
f 1502 1501 1809
f 1809 1501 1505
f 1809 1505 943
f 943 1505 1504
f 943 1504 1503
f 1793 1801 1792
f 1792 1801 1802
f 1792 1802 1791
f 1791 1802 1803
f 1791 1803 1790
f 1790 1803 1804
f 1790 1804 1789
f 1789 1804 1805
f 1789 1805 1788
f 1788 1805 1806
f 1788 1806 1787
f 1787 1806 1807
f 1787 1807 1786
f 1786 1807 1808
f 1786 1808 1785
f 1785 1808 1809
f 1785 1809 1784
f 1784 1809 943
f 1784 943 952
f 812 826 1796
f 1796 826 1797
f 1796 1797 1795
f 1795 1797 1798
f 1795 1798 1794
f 1794 1798 1799
f 1794 1799 1793
f 1793 1799 1800
f 1793 1800 1801
f 1810 787 790
f 788 787 1811
f 1811 787 1812
f 1812 787 1813
f 1813 787 1814
f 1814 787 1815
f 1815 787 1810
f 1815 1810 1816
f 1816 1810 1817
f 1817 1810 1818
f 1818 1810 1819
f 1819 1810 854
f 854 1810 790
f 856 858 1820
f 789 788 1821
f 1821 788 1811
f 1821 1811 1822
f 1822 1811 1812
f 1822 1812 1823
f 1823 1812 1813
f 1823 1813 1824
f 1824 1813 1814
f 1824 1814 1825
f 1825 1814 1815
f 1825 1815 1826
f 1826 1815 1816
f 1826 1816 1827
f 1827 1816 1817
f 1827 1817 1828
f 1828 1817 1818
f 1828 1818 1820
f 1820 1818 1819
f 1820 1819 856
f 856 1819 854
f 782 789 1829
f 1829 789 1821
f 1829 1821 1830
f 1830 1821 1822
f 1830 1822 1831
f 1831 1822 1823
f 1831 1823 1832
f 1832 1823 1824
f 1832 1824 1833
f 1833 1824 1825
f 1833 1825 1834
f 1834 1825 1826
f 1834 1826 1835
f 1835 1826 1827
f 1835 1827 1836
f 1836 1827 1828
f 1836 1828 1837
f 1837 1828 1820
f 1837 1820 860
f 860 1820 858
f 862 710 1838
f 780 782 1839
f 1839 782 1829
f 1839 1829 1840
f 1840 1829 1830
f 1840 1830 1841
f 1841 1830 1831
f 1841 1831 1842
f 1842 1831 1832
f 1842 1832 1843
f 1843 1832 1833
f 1843 1833 1844
f 1844 1833 1834
f 1844 1834 1845
f 1845 1834 1835
f 1845 1835 1846
f 1846 1835 1836
f 1846 1836 1838
f 1838 1836 1837
f 1838 1837 862
f 862 1837 860
f 778 780 1839
f 778 1839 1847
f 1847 1839 1840
f 1847 1840 1848
f 1848 1840 1841
f 1848 1841 1849
f 1849 1841 1842
f 1849 1842 1850
f 1850 1842 1843
f 1850 1843 1851
f 1851 1843 1844
f 1851 1844 1852
f 1852 1844 1845
f 1852 1845 1853
f 1853 1845 1846
f 1853 1846 1854
f 1854 1846 1838
f 1854 1838 1855
f 1855 1838 710
f 1855 710 709
f 932 930 1856
f 1857 934 807
f 805 1857 807
f 805 804 1858
f 805 1858 1859
f 805 1859 1860
f 805 1860 1861
f 805 1861 1857
f 1857 1861 1862
f 1857 1862 1863
f 1857 1863 1864
f 1857 1864 1865
f 1857 1865 1866
f 1857 1866 934
f 934 1866 935
f 930 935 1856
f 1856 935 1866
f 1856 1866 1867
f 1867 1866 1865
f 1867 1865 1868
f 1868 1865 1864
f 1868 1864 1869
f 1869 1864 1863
f 1869 1863 1870
f 1870 1863 1862
f 1870 1862 1871
f 1871 1862 1861
f 1871 1861 1872
f 1872 1861 1860
f 1872 1860 1873
f 1873 1860 1859
f 1873 1859 1874
f 1874 1859 1858
f 1874 1858 803
f 803 1858 804
f 936 932 1875
f 1875 932 1856
f 1875 1856 1876
f 1876 1856 1867
f 1876 1867 1877
f 1877 1867 1868
f 1877 1868 1878
f 1878 1868 1869
f 1878 1869 1879
f 1879 1869 1870
f 1879 1870 1880
f 1880 1870 1871
f 1880 1871 1881
f 1881 1871 1872
f 1881 1872 1882
f 1882 1872 1873
f 1882 1873 1883
f 1883 1873 1874
f 1883 1874 799
f 799 1874 803
f 707 936 1884
f 1884 936 1875
f 1884 1875 1885
f 1885 1875 1876
f 1885 1876 1886
f 1886 1876 1877
f 1886 1877 1887
f 1887 1877 1878
f 1887 1878 1888
f 1888 1878 1879
f 1888 1879 1889
f 1889 1879 1880
f 1889 1880 1890
f 1890 1880 1881
f 1890 1881 1891
f 1891 1881 1882
f 1891 1882 1892
f 1892 1882 1883
f 1892 1883 798
f 798 1883 799
f 774 1314 1893
f 1893 1314 1894
f 1893 1894 1895
f 1895 1894 1896
f 1895 1896 1897
f 1897 1896 1898
f 1897 1898 1899
f 1899 1898 1900
f 1899 1900 1901
f 1901 1900 1902
f 1901 1902 1903
f 1903 1902 1904
f 1903 1904 1905
f 1905 1904 1906
f 1905 1906 1907
f 1907 1906 1908
f 1907 1908 1909
f 1909 1908 1910
f 1909 1910 718
f 718 1910 729
f 1314 1313 1894
f 1894 1313 1911
f 1894 1911 1896
f 1896 1911 1912
f 1896 1912 1898
f 1898 1912 1913
f 1898 1913 1900
f 1900 1913 1914
f 1900 1914 1902
f 1902 1914 1915
f 1902 1915 1904
f 1904 1915 1916
f 1904 1916 1906
f 1906 1916 1917
f 1906 1917 1908
f 1908 1917 1918
f 1908 1918 1910
f 1910 1918 1919
f 1910 1919 729
f 729 1919 717
f 1313 1312 1911
f 1911 1312 1920
f 1911 1920 1912
f 1912 1920 1921
f 1912 1921 1913
f 1913 1921 1922
f 1913 1922 1914
f 1914 1922 1923
f 1914 1923 1915
f 1915 1923 1924
f 1915 1924 1916
f 1916 1924 1925
f 1916 1925 1917
f 1917 1925 1926
f 1917 1926 1918
f 1918 1926 1927
f 1918 1927 1919
f 1919 1927 1928
f 1919 1928 717
f 717 1928 715
f 1312 1311 1920
f 1920 1311 1929
f 1920 1929 1921
f 1921 1929 1930
f 1921 1930 1922
f 1922 1930 1931
f 1922 1931 1923
f 1923 1931 1932
f 1923 1932 1924
f 1924 1932 1933
f 1924 1933 1925
f 1925 1933 1934
f 1925 1934 1926
f 1926 1934 1935
f 1926 1935 1927
f 1927 1935 1936
f 1927 1936 1928
f 1928 1936 1937
f 1928 1937 715
f 715 1937 716
f 1311 1310 1929
f 1929 1310 1938
f 1929 1938 1930
f 1930 1938 1939
f 1930 1939 1931
f 1931 1939 1940
f 1931 1940 1932
f 1932 1940 1941
f 1932 1941 1933
f 1933 1941 1942
f 1933 1942 1934
f 1934 1942 1943
f 1934 1943 1935
f 1935 1943 1944
f 1935 1944 1936
f 1936 1944 1945
f 1936 1945 1937
f 1937 1945 1946
f 1937 1946 716
f 716 1946 730
f 1310 1309 1938
f 1938 1309 1947
f 1938 1947 1939
f 1939 1947 1948
f 1939 1948 1940
f 1940 1948 1949
f 1940 1949 1941
f 1941 1949 1950
f 1941 1950 1942
f 1942 1950 1951
f 1942 1951 1943
f 1943 1951 1952
f 1943 1952 1944
f 1944 1952 1953
f 1944 1953 1945
f 1945 1953 1954
f 1945 1954 1946
f 1946 1954 1955
f 1946 1955 730
f 730 1955 731
f 1309 1308 1947
f 1947 1308 1956
f 1947 1956 1948
f 1948 1956 1957
f 1948 1957 1949
f 1949 1957 1958
f 1949 1958 1950
f 1950 1958 1959
f 1950 1959 1951
f 1951 1959 1960
f 1951 1960 1952
f 1952 1960 1961
f 1952 1961 1953
f 1953 1961 1962
f 1953 1962 1954
f 1954 1962 1963
f 1954 1963 1955
f 1955 1963 1964
f 1955 1964 731
f 731 1964 719
f 1308 1307 1956
f 1956 1307 1965
f 1956 1965 1957
f 1957 1965 1966
f 1957 1966 1958
f 1958 1966 1967
f 1958 1967 1959
f 1959 1967 1968
f 1959 1968 1960
f 1960 1968 1969
f 1960 1969 1961
f 1961 1969 1970
f 1961 1970 1962
f 1962 1970 1971
f 1962 1971 1963
f 1963 1971 1972
f 1963 1972 1964
f 1964 1972 1973
f 1964 1973 719
f 719 1973 720
f 1307 1306 1965
f 1965 1306 1974
f 1965 1974 1966
f 1966 1974 1975
f 1966 1975 1967
f 1967 1975 1976
f 1967 1976 1968
f 1968 1976 1977
f 1968 1977 1969
f 1969 1977 1978
f 1969 1978 1970
f 1970 1978 1979
f 1970 1979 1971
f 1971 1979 1980
f 1971 1980 1972
f 1972 1980 1981
f 1972 1981 1973
f 1973 1981 1982
f 1973 1982 720
f 720 1982 733
f 1306 778 1974
f 1974 778 1847
f 1974 1847 1975
f 1975 1847 1848
f 1975 1848 1976
f 1976 1848 1849
f 1976 1849 1977
f 1977 1849 1850
f 1977 1850 1978
f 1978 1850 1851
f 1978 1851 1979
f 1979 1851 1852
f 1979 1852 1980
f 1980 1852 1853
f 1980 1853 1981
f 1981 1853 1854
f 1981 1854 1982
f 1982 1854 1855
f 1982 1855 733
f 733 1855 709
f 798 797 1983
f 798 1983 1892
f 1892 1983 1984
f 1892 1984 1891
f 1891 1984 1985
f 1891 1985 1890
f 1890 1985 1986
f 1890 1986 1889
f 1889 1986 1987
f 1889 1987 1888
f 1888 1987 1988
f 1888 1988 1887
f 1887 1988 1989
f 1887 1989 1886
f 1886 1989 1990
f 1886 1990 1885
f 1885 1990 1991
f 1885 1991 1884
f 1884 1991 708
f 1884 708 707
f 775 774 1893
f 775 1893 1992
f 1992 1893 1895
f 1992 1895 1993
f 1993 1895 1897
f 1993 1897 1994
f 1994 1897 1899
f 1994 1899 1995
f 1995 1899 1901
f 1995 1901 1996
f 1996 1901 1903
f 1996 1903 1997
f 1997 1903 1905
f 1997 1905 1998
f 1998 1905 1907
f 1998 1907 1999
f 1999 1907 1909
f 1999 1909 2000
f 2000 1909 718
f 2000 718 714
f 797 1323 1983
f 1983 1323 2001
f 1983 2001 1984
f 1984 2001 2002
f 1984 2002 1985
f 1985 2002 2003
f 1985 2003 1986
f 1986 2003 2004
f 1986 2004 1987
f 1987 2004 2005
f 1987 2005 1988
f 1988 2005 2006
f 1988 2006 1989
f 1989 2006 2007
f 1989 2007 1990
f 1990 2007 2008
f 1990 2008 1991
f 1991 2008 2009
f 1991 2009 708
f 708 2009 721
f 1323 1322 2001
f 2001 1322 2010
f 2001 2010 2002
f 2002 2010 2011
f 2002 2011 2003
f 2003 2011 2012
f 2003 2012 2004
f 2004 2012 2013
f 2004 2013 2005
f 2005 2013 2014
f 2005 2014 2006
f 2006 2014 2015
f 2006 2015 2007
f 2007 2015 2016
f 2007 2016 2008
f 2008 2016 2017
f 2008 2017 2009
f 2009 2017 2018
f 2009 2018 721
f 721 2018 722
f 1322 1321 2010
f 2010 1321 2019
f 2010 2019 2011
f 2011 2019 2020
f 2011 2020 2012
f 2012 2020 2021
f 2012 2021 2013
f 2013 2021 2022
f 2013 2022 2014
f 2014 2022 2023
f 2014 2023 2015
f 2015 2023 2024
f 2015 2024 2016
f 2016 2024 2025
f 2016 2025 2017
f 2017 2025 2026
f 2017 2026 2018
f 2018 2026 2027
f 2018 2027 722
f 722 2027 723
f 1321 1320 2019
f 2019 1320 2028
f 2019 2028 2020
f 2020 2028 2029
f 2020 2029 2021
f 2021 2029 2030
f 2021 2030 2022
f 2022 2030 2031
f 2022 2031 2023
f 2023 2031 2032
f 2023 2032 2024
f 2024 2032 2033
f 2024 2033 2025
f 2025 2033 2034
f 2025 2034 2026
f 2026 2034 2035
f 2026 2035 2027
f 2027 2035 2036
f 2027 2036 723
f 723 2036 724
f 1320 1319 2028
f 2028 1319 2037
f 2028 2037 2029
f 2029 2037 2038
f 2029 2038 2030
f 2030 2038 2039
f 2030 2039 2031
f 2031 2039 2040
f 2031 2040 2032
f 2032 2040 2041
f 2032 2041 2033
f 2033 2041 2042
f 2033 2042 2034
f 2034 2042 2043
f 2034 2043 2035
f 2035 2043 2044
f 2035 2044 2036
f 2036 2044 2045
f 2036 2045 724
f 724 2045 725
f 1319 1318 2037
f 2037 1318 2046
f 2037 2046 2038
f 2038 2046 2047
f 2038 2047 2039
f 2039 2047 2048
f 2039 2048 2040
f 2040 2048 2049
f 2040 2049 2041
f 2041 2049 2050
f 2041 2050 2042
f 2042 2050 2051
f 2042 2051 2043
f 2043 2051 2052
f 2043 2052 2044
f 2044 2052 2053
f 2044 2053 2045
f 2045 2053 2054
f 2045 2054 725
f 725 2054 726
f 1318 1317 2046
f 2046 1317 2055
f 2046 2055 2047
f 2047 2055 2056
f 2047 2056 2048
f 2048 2056 2057
f 2048 2057 2049
f 2049 2057 2058
f 2049 2058 2050
f 2050 2058 2059
f 2050 2059 2051
f 2051 2059 2060
f 2051 2060 2052
f 2052 2060 2061
f 2052 2061 2053
f 2053 2061 2062
f 2053 2062 2054
f 2054 2062 2063
f 2054 2063 726
f 726 2063 727
f 1317 1316 2055
f 2055 1316 2064
f 2055 2064 2056
f 2056 2064 2065
f 2056 2065 2057
f 2057 2065 2066
f 2057 2066 2058
f 2058 2066 2067
f 2058 2067 2059
f 2059 2067 2068
f 2059 2068 2060
f 2060 2068 2069
f 2060 2069 2061
f 2061 2069 2070
f 2061 2070 2062
f 2062 2070 2071
f 2062 2071 2063
f 2063 2071 2072
f 2063 2072 727
f 727 2072 728
f 1316 1315 2064
f 2064 1315 2073
f 2064 2073 2065
f 2065 2073 2074
f 2065 2074 2066
f 2066 2074 2075
f 2066 2075 2067
f 2067 2075 2076
f 2067 2076 2068
f 2068 2076 2077
f 2068 2077 2069
f 2069 2077 2078
f 2069 2078 2070
f 2070 2078 2079
f 2070 2079 2071
f 2071 2079 2080
f 2071 2080 2072
f 2072 2080 2081
f 2072 2081 728
f 728 2081 732
f 1315 775 2073
f 2073 775 1992
f 2073 1992 2074
f 2074 1992 1993
f 2074 1993 2075
f 2075 1993 1994
f 2075 1994 2076
f 2076 1994 1995
f 2076 1995 2077
f 2077 1995 1996
f 2077 1996 2078
f 2078 1996 1997
f 2078 1997 2079
f 2079 1997 1998
f 2079 1998 2080
f 2080 1998 1999
f 2080 1999 2081
f 2081 1999 2000
f 2081 2000 732
f 732 2000 714
f 905 902 2082
f 898 896 2083
f 312 895 311
f 896 895 2083
f 2083 895 2084
f 2084 895 2085
f 2085 895 2086
f 2086 895 2087
f 2087 895 2088
f 2088 895 312
f 2088 312 2089
f 2089 312 2090
f 2090 312 2091
f 2091 312 313
f 313 307 2091
f 2091 307 2092
f 2091 2092 2090
f 2090 2092 2093
f 2090 2093 2089
f 2089 2093 2094
f 2089 2094 2088
f 2088 2094 2095
f 2088 2095 2087
f 2087 2095 2096
f 2087 2096 2086
f 2086 2096 2097
f 2086 2097 2085
f 2085 2097 2098
f 2085 2098 2084
f 2084 2098 2099
f 2084 2099 2083
f 2083 2099 2100
f 2083 2100 898
f 898 2100 900
f 902 900 2082
f 2082 900 2100
f 2082 2100 2101
f 2101 2100 2099
f 2101 2099 2102
f 2102 2099 2098
f 2102 2098 2103
f 2103 2098 2097
f 2103 2097 2104
f 2104 2097 2096
f 2104 2096 2105
f 2105 2096 2095
f 2105 2095 2106
f 2106 2095 2094
f 2106 2094 2107
f 2107 2094 2093
f 2107 2093 2108
f 2108 2093 2092
f 2108 2092 306
f 306 2092 307
f 747 905 2109
f 2109 905 2082
f 2109 2082 2110
f 2110 2082 2101
f 2110 2101 2111
f 2111 2101 2102
f 2111 2102 2112
f 2112 2102 2103
f 2112 2103 2113
f 2113 2103 2104
f 2113 2104 2114
f 2114 2104 2105
f 2114 2105 2115
f 2115 2105 2106
f 2115 2106 2116
f 2116 2106 2107
f 2116 2107 2117
f 2117 2107 2108
f 2117 2108 300
f 300 2108 306
f 300 292 2118
f 300 2118 2117
f 2117 2118 2119
f 2117 2119 2116
f 2116 2119 2120
f 2116 2120 2115
f 2115 2120 2121
f 2115 2121 2114
f 2114 2121 2122
f 2114 2122 2113
f 2113 2122 2123
f 2113 2123 2112
f 2112 2123 2124
f 2112 2124 2111
f 2111 2124 2125
f 2111 2125 2110
f 2110 2125 2126
f 2110 2126 2109
f 2109 2126 745
f 2109 745 747
f 292 1305 2118
f 2118 1305 2127
f 2118 2127 2119
f 2119 2127 2128
f 2119 2128 2120
f 2120 2128 2129
f 2120 2129 2121
f 2121 2129 2130
f 2121 2130 2122
f 2122 2130 2131
f 2122 2131 2123
f 2123 2131 2132
f 2123 2132 2124
f 2124 2132 2133
f 2124 2133 2125
f 2125 2133 2134
f 2125 2134 2126
f 2126 2134 2135
f 2126 2135 745
f 745 2135 754
f 1305 1304 2127
f 2127 1304 2136
f 2127 2136 2128
f 2128 2136 2137
f 2128 2137 2129
f 2129 2137 2138
f 2129 2138 2130
f 2130 2138 2139
f 2130 2139 2131
f 2131 2139 2140
f 2131 2140 2132
f 2132 2140 2141
f 2132 2141 2133
f 2133 2141 2142
f 2133 2142 2134
f 2134 2142 2143
f 2134 2143 2135
f 2135 2143 2144
f 2135 2144 754
f 754 2144 742
f 1304 1303 2136
f 2136 1303 2145
f 2136 2145 2137
f 2137 2145 2146
f 2137 2146 2138
f 2138 2146 2147
f 2138 2147 2139
f 2139 2147 2148
f 2139 2148 2140
f 2140 2148 2149
f 2140 2149 2141
f 2141 2149 2150
f 2141 2150 2142
f 2142 2150 2151
f 2142 2151 2143
f 2143 2151 2152
f 2143 2152 2144
f 2144 2152 2153
f 2144 2153 742
f 742 2153 739
f 1303 1302 2145
f 2145 1302 2154
f 2145 2154 2146
f 2146 2154 2155
f 2146 2155 2147
f 2147 2155 2156
f 2147 2156 2148
f 2148 2156 2157
f 2148 2157 2149
f 2149 2157 2158
f 2149 2158 2150
f 2150 2158 2159
f 2150 2159 2151
f 2151 2159 2160
f 2151 2160 2152
f 2152 2160 2161
f 2152 2161 2153
f 2153 2161 2162
f 2153 2162 739
f 739 2162 740
f 1302 1301 2154
f 2154 1301 2163
f 2154 2163 2155
f 2155 2163 2164
f 2155 2164 2156
f 2156 2164 2165
f 2156 2165 2157
f 2157 2165 2166
f 2157 2166 2158
f 2158 2166 2167
f 2158 2167 2159
f 2159 2167 2168
f 2159 2168 2160
f 2160 2168 2169
f 2160 2169 2161
f 2161 2169 2170
f 2161 2170 2162
f 2162 2170 2171
f 2162 2171 740
f 740 2171 750
f 1301 1300 2163
f 2163 1300 2172
f 2163 2172 2164
f 2164 2172 2173
f 2164 2173 2165
f 2165 2173 2174
f 2165 2174 2166
f 2166 2174 2175
f 2166 2175 2167
f 2167 2175 2176
f 2167 2176 2168
f 2168 2176 2177
f 2168 2177 2169
f 2169 2177 2178
f 2169 2178 2170
f 2170 2178 2179
f 2170 2179 2171
f 2171 2179 2180
f 2171 2180 750
f 750 2180 751
f 1300 1299 2172
f 2172 1299 2181
f 2172 2181 2173
f 2173 2181 2182
f 2173 2182 2174
f 2174 2182 2183
f 2174 2183 2175
f 2175 2183 2184
f 2175 2184 2176
f 2176 2184 2185
f 2176 2185 2177
f 2177 2185 2186
f 2177 2186 2178
f 2178 2186 2187
f 2178 2187 2179
f 2179 2187 2188
f 2179 2188 2180
f 2180 2188 2189
f 2180 2189 751
f 751 2189 748
f 1299 1298 2181
f 2181 1298 2190
f 2181 2190 2182
f 2182 2190 2191
f 2182 2191 2183
f 2183 2191 2192
f 2183 2192 2184
f 2184 2192 2193
f 2184 2193 2185
f 2185 2193 2194
f 2185 2194 2186
f 2186 2194 2195
f 2186 2195 2187
f 2187 2195 2196
f 2187 2196 2188
f 2188 2196 2197
f 2188 2197 2189
f 2189 2197 2198
f 2189 2198 748
f 748 2198 749
f 1298 1297 2190
f 2190 1297 2199
f 2190 2199 2191
f 2191 2199 2200
f 2191 2200 2192
f 2192 2200 2201
f 2192 2201 2193
f 2193 2201 2202
f 2193 2202 2194
f 2194 2202 2203
f 2194 2203 2195
f 2195 2203 2204
f 2195 2204 2196
f 2196 2204 2205
f 2196 2205 2197
f 2197 2205 2206
f 2197 2206 2198
f 2198 2206 2207
f 2198 2207 749
f 749 2207 753
f 1297 794 2199
f 2199 794 2208
f 2199 2208 2200
f 2200 2208 2209
f 2200 2209 2201
f 2201 2209 2210
f 2201 2210 2202
f 2202 2210 2211
f 2202 2211 2203
f 2203 2211 2212
f 2203 2212 2204
f 2204 2212 2213
f 2204 2213 2205
f 2205 2213 2214
f 2205 2214 2206
f 2206 2214 2215
f 2206 2215 2207
f 2207 2215 2216
f 2207 2216 753
f 753 2216 736
f 928 806 807
f 800 806 2217
f 2217 806 2218
f 2218 806 2219
f 2219 806 2220
f 2220 806 2221
f 2221 806 928
f 2221 928 2222
f 2222 928 2223
f 2223 928 2224
f 2224 928 2225
f 926 924 2226
f 801 800 2227
f 2227 800 2217
f 2227 2217 2228
f 2228 2217 2218
f 2228 2218 2229
f 2229 2218 2219
f 2229 2219 2230
f 2230 2219 2220
f 2230 2220 2231
f 2231 2220 2221
f 2231 2221 2232
f 2232 2221 2222
f 2232 2222 2233
f 2233 2222 2223
f 2233 2223 2234
f 2234 2223 2224
f 2234 2224 2226
f 2226 2224 2225
f 2226 2225 926
f 926 2225 928
f 802 801 2235
f 2235 801 2227
f 2235 2227 2236
f 2236 2227 2228
f 2236 2228 2237
f 2237 2228 2229
f 2237 2229 2238
f 2238 2229 2230
f 2238 2230 2239
f 2239 2230 2231
f 2239 2231 2240
f 2240 2231 2232
f 2240 2232 2241
f 2241 2232 2233
f 2241 2233 2242
f 2242 2233 2234
f 2242 2234 2243
f 2243 2234 2226
f 2243 2226 922
f 922 2226 924
f 920 737 2244
f 793 802 2245
f 2245 802 2235
f 2245 2235 2246
f 2246 2235 2236
f 2246 2236 2247
f 2247 2236 2237
f 2247 2237 2248
f 2248 2237 2238
f 2248 2238 2249
f 2249 2238 2239
f 2249 2239 2250
f 2250 2239 2240
f 2250 2240 2251
f 2251 2240 2241
f 2251 2241 2252
f 2252 2241 2242
f 2252 2242 2244
f 2244 2242 2243
f 2244 2243 920
f 920 2243 922
f 794 793 2245
f 794 2245 2208
f 2208 2245 2246
f 2208 2246 2209
f 2209 2246 2247
f 2209 2247 2210
f 2210 2247 2248
f 2210 2248 2211
f 2211 2248 2249
f 2211 2249 2212
f 2212 2249 2250
f 2212 2250 2213
f 2213 2250 2251
f 2213 2251 2214
f 2214 2251 2252
f 2214 2252 2215
f 2215 2252 2244
f 2215 2244 2216
f 2216 2244 737
f 2216 737 736
f 791 863 790
f 865 863 2253
f 2253 863 2254
f 2254 863 2255
f 2255 863 2256
f 2256 863 2257
f 2257 863 2258
f 2258 863 791
f 2258 791 2259
f 2259 791 2260
f 2260 791 2261
f 2261 791 792
f 2262 869 867
f 792 786 2261
f 2261 786 2263
f 2261 2263 2260
f 2260 2263 2264
f 2260 2264 2259
f 2259 2264 2265
f 2259 2265 2258
f 2258 2265 2266
f 2258 2266 2257
f 2257 2266 2267
f 2257 2267 2256
f 2256 2267 2268
f 2256 2268 2255
f 2255 2268 2269
f 2255 2269 2254
f 2254 2269 2270
f 2254 2270 2253
f 2253 2270 2262
f 2253 2262 865
f 865 2262 867
f 870 869 2271
f 2271 869 2262
f 2271 2262 2272
f 2272 2262 2270
f 2272 2270 2273
f 2273 2270 2269
f 2273 2269 2274
f 2274 2269 2268
f 2274 2268 2275
f 2275 2268 2267
f 2275 2267 2276
f 2276 2267 2266
f 2276 2266 2277
f 2277 2266 2265
f 2277 2265 2278
f 2278 2265 2264
f 2278 2264 2279
f 2279 2264 2263
f 2279 2263 785
f 785 2263 786
f 758 870 2280
f 2280 870 2271
f 2280 2271 2281
f 2281 2271 2272
f 2281 2272 2282
f 2282 2272 2273
f 2282 2273 2283
f 2283 2273 2274
f 2283 2274 2284
f 2284 2274 2275
f 2284 2275 2285
f 2285 2275 2276
f 2285 2276 2286
f 2286 2276 2277
f 2286 2277 2287
f 2287 2277 2278
f 2287 2278 2288
f 2288 2278 2279
f 2288 2279 784
f 784 2279 785
f 784 783 2289
f 784 2289 2288
f 2288 2289 2290
f 2288 2290 2287
f 2287 2290 2291
f 2287 2291 2286
f 2286 2291 2292
f 2286 2292 2285
f 2285 2292 2293
f 2285 2293 2284
f 2284 2293 2294
f 2284 2294 2283
f 2283 2294 2295
f 2283 2295 2282
f 2282 2295 2296
f 2282 2296 2281
f 2281 2296 2297
f 2281 2297 2280
f 2280 2297 759
f 2280 759 758
f 783 1296 2289
f 2289 1296 2298
f 2289 2298 2290
f 2290 2298 2299
f 2290 2299 2291
f 2291 2299 2300
f 2291 2300 2292
f 2292 2300 2301
f 2292 2301 2293
f 2293 2301 2302
f 2293 2302 2294
f 2294 2302 2303
f 2294 2303 2295
f 2295 2303 2304
f 2295 2304 2296
f 2296 2304 2305
f 2296 2305 2297
f 2297 2305 2306
f 2297 2306 759
f 759 2306 766
f 1296 1295 2298
f 2298 1295 2307
f 2298 2307 2299
f 2299 2307 2308
f 2299 2308 2300
f 2300 2308 2309
f 2300 2309 2301
f 2301 2309 2310
f 2301 2310 2302
f 2302 2310 2311
f 2302 2311 2303
f 2303 2311 2312
f 2303 2312 2304
f 2304 2312 2313
f 2304 2313 2305
f 2305 2313 2314
f 2305 2314 2306
f 2306 2314 2315
f 2306 2315 766
f 766 2315 762
f 1295 1294 2307
f 2307 1294 2316
f 2307 2316 2308
f 2308 2316 2317
f 2308 2317 2309
f 2309 2317 2318
f 2309 2318 2310
f 2310 2318 2319
f 2310 2319 2311
f 2311 2319 2320
f 2311 2320 2312
f 2312 2320 2321
f 2312 2321 2313
f 2313 2321 2322
f 2313 2322 2314
f 2314 2322 2323
f 2314 2323 2315
f 2315 2323 2324
f 2315 2324 762
f 762 2324 763
f 1294 1293 2316
f 2316 1293 2325
f 2316 2325 2317
f 2317 2325 2326
f 2317 2326 2318
f 2318 2326 2327
f 2318 2327 2319
f 2319 2327 2328
f 2319 2328 2320
f 2320 2328 2329
f 2320 2329 2321
f 2321 2329 2330
f 2321 2330 2322
f 2322 2330 2331
f 2322 2331 2323
f 2323 2331 2332
f 2323 2332 2324
f 2324 2332 2333
f 2324 2333 763
f 763 2333 765
f 1293 1292 2325
f 2325 1292 2334
f 2325 2334 2326
f 2326 2334 2335
f 2326 2335 2327
f 2327 2335 2336
f 2327 2336 2328
f 2328 2336 2337
f 2328 2337 2329
f 2329 2337 2338
f 2329 2338 2330
f 2330 2338 2339
f 2330 2339 2331
f 2331 2339 2340
f 2331 2340 2332
f 2332 2340 2341
f 2332 2341 2333
f 2333 2341 2342
f 2333 2342 765
f 765 2342 767
f 1292 1291 2334
f 2334 1291 2343
f 2334 2343 2335
f 2335 2343 2344
f 2335 2344 2336
f 2336 2344 2345
f 2336 2345 2337
f 2337 2345 2346
f 2337 2346 2338
f 2338 2346 2347
f 2338 2347 2339
f 2339 2347 2348
f 2339 2348 2340
f 2340 2348 2349
f 2340 2349 2341
f 2341 2349 2350
f 2341 2350 2342
f 2342 2350 2351
f 2342 2351 767
f 767 2351 768
f 1291 1290 2343
f 2343 1290 2352
f 2343 2352 2344
f 2344 2352 2353
f 2344 2353 2345
f 2345 2353 2354
f 2345 2354 2346
f 2346 2354 2355
f 2346 2355 2347
f 2347 2355 2356
f 2347 2356 2348
f 2348 2356 2357
f 2348 2357 2349
f 2349 2357 2358
f 2349 2358 2350
f 2350 2358 2359
f 2350 2359 2351
f 2351 2359 2360
f 2351 2360 768
f 768 2360 769
f 1290 1289 2352
f 2352 1289 2361
f 2352 2361 2353
f 2353 2361 2362
f 2353 2362 2354
f 2354 2362 2363
f 2354 2363 2355
f 2355 2363 2364
f 2355 2364 2356
f 2356 2364 2365
f 2356 2365 2357
f 2357 2365 2366
f 2357 2366 2358
f 2358 2366 2367
f 2358 2367 2359
f 2359 2367 2368
f 2359 2368 2360
f 2360 2368 2369
f 2360 2369 769
f 769 2369 773
f 1289 1288 2361
f 2361 1288 2370
f 2361 2370 2362
f 2362 2370 2371
f 2362 2371 2363
f 2363 2371 2372
f 2363 2372 2364
f 2364 2372 2373
f 2364 2373 2365
f 2365 2373 2374
f 2365 2374 2366
f 2366 2374 2375
f 2366 2375 2367
f 2367 2375 2376
f 2367 2376 2368
f 2368 2376 2377
f 2368 2377 2369
f 2369 2377 2378
f 2369 2378 773
f 773 2378 772
f 1288 297 2370
f 2370 297 2379
f 2370 2379 2371
f 2371 2379 2380
f 2371 2380 2372
f 2372 2380 2381
f 2372 2381 2373
f 2373 2381 2382
f 2373 2382 2374
f 2374 2382 2383
f 2374 2383 2375
f 2375 2383 2384
f 2375 2384 2376
f 2376 2384 2385
f 2376 2385 2377
f 2377 2385 2386
f 2377 2386 2378
f 2378 2386 2387
f 2378 2387 772
f 772 2387 755
f 887 756 2388
f 849 308 311
f 309 308 2389
f 2389 308 2390
f 2390 308 2391
f 2391 308 2392
f 2392 308 2393
f 2393 308 849
f 2393 849 2394
f 2394 849 2395
f 2395 849 2396
f 2396 849 2397
f 2397 849 894
f 310 309 2398
f 2398 309 2389
f 2398 2389 2399
f 2399 2389 2390
f 2399 2390 2400
f 2400 2390 2391
f 2400 2391 2401
f 2401 2391 2392
f 2401 2392 2402
f 2402 2392 2393
f 2402 2393 2403
f 2403 2393 2394
f 2403 2394 2404
f 2404 2394 2395
f 2404 2395 2405
f 2405 2395 2396
f 2405 2396 2406
f 2406 2396 2397
f 2406 2397 893
f 893 2397 894
f 891 889 2407
f 299 310 2408
f 2408 310 2398
f 2408 2398 2409
f 2409 2398 2399
f 2409 2399 2410
f 2410 2399 2400
f 2410 2400 2411
f 2411 2400 2401
f 2411 2401 2412
f 2412 2401 2402
f 2412 2402 2413
f 2413 2402 2403
f 2413 2403 2414
f 2414 2403 2404
f 2414 2404 2415
f 2415 2404 2405
f 2415 2405 2407
f 2407 2405 2406
f 2407 2406 891
f 891 2406 893
f 298 299 2416
f 2416 299 2408
f 2416 2408 2417
f 2417 2408 2409
f 2417 2409 2418
f 2418 2409 2410
f 2418 2410 2419
f 2419 2410 2411
f 2419 2411 2420
f 2420 2411 2412
f 2420 2412 2421
f 2421 2412 2413
f 2421 2413 2422
f 2422 2413 2414
f 2422 2414 2423
f 2423 2414 2415
f 2423 2415 2388
f 2388 2415 2407
f 2388 2407 887
f 887 2407 889
f 297 298 2416
f 297 2416 2379
f 2379 2416 2417
f 2379 2417 2380
f 2380 2417 2418
f 2380 2418 2381
f 2381 2418 2419
f 2381 2419 2382
f 2382 2419 2420
f 2382 2420 2383
f 2383 2420 2421
f 2383 2421 2384
f 2384 2421 2422
f 2384 2422 2385
f 2385 2422 2423
f 2385 2423 2386
f 2386 2423 2388
f 2386 2388 2387
f 2387 2388 756
f 2387 756 755
f 280 286 304
f 304 286 305
f 282 280 303
f 303 280 304
f 284 282 301
f 301 282 303
f 286 284 305
f 305 284 301
f 2424 2425 279
f 279 2425 285
f 2426 2424 281
f 281 2424 279
f 2427 2426 283
f 283 2426 281
f 2425 2427 285
f 285 2427 283
f 2426 2427 2424
f 2424 2427 2425
f 2428 2429 2430
f 2431 2432 2428
f 2433 2434 2435
f 2436 2437 2438
f 2436 2439 2440
f 2441 2435 2442
f 2443 2444 2445
f 2445 2444 2446
f 2447 2448 2449
f 2449 2448 2450
f 2450 2448 2451
f 2450 2451 2452
f 2452 2453 2450
f 2450 2453 2454
f 2450 2454 2455
f 2456 2457 2458
f 2459 2460 2449
f 2449 2460 2461
f 2455 2462 2450
f 2450 2462 2463
f 2450 2463 2464
f 2465 2466 2467
f 2468 2469 2470
f 2461 2471 2449
f 2449 2471 2472
f 2449 2472 2473
f 2473 2474 2449
f 2449 2474 2475
f 2449 2475 2447
f 2464 2476 2477
f 2477 2476 2478
f 2478 2479 2477
f 2477 2479 2480
f 2477 2480 2481
f 2481 2480 2482
f 2481 2482 2483
f 2483 2484 2481
f 2481 2484 2485
f 2481 2485 2467
f 2467 2485 2486
f 2467 2486 2465
f 2470 2469 2456
f 2456 2469 2487
f 2456 2487 2457
f 2466 2488 2467
f 2467 2488 2489
f 2467 2489 2470
f 2470 2489 2490
f 2470 2490 2468
f 2491 2492 2456
f 2493 2494 2495
f 2496 2497 2498
f 2499 2500 2501
f 2501 2500 2502
f 2503 2504 2505
f 2505 2504 2506
f 2506 2507 2505
f 2505 2507 2508
f 2505 2508 2496
f 2496 2508 2509
f 2496 2509 2497
f 2498 2510 2496
f 2496 2510 2511
f 2496 2511 2512
f 2513 2514 2515
f 2494 2516 2495
f 2495 2516 2517
f 2495 2517 2518
f 2518 2517 2519
f 2518 2519 2520
f 2502 2521 2501
f 2501 2521 2522
f 2501 2522 2523
f 2523 2524 2501
f 2501 2524 2525
f 2501 2525 2526
f 2515 2527 2495
f 2495 2527 2528
f 2495 2528 2493
f 2520 2529 2518
f 2518 2529 2530
f 2518 2530 2505
f 2505 2530 2531
f 2505 2531 2503
f 2512 2532 2496
f 2496 2532 2533
f 2496 2533 2499
f 2514 2534 2515
f 2515 2534 2535
f 2515 2535 2527
f 2536 2537 2538
f 2539 2540 2541
f 2541 2540 2542
f 2542 2540 2543
f 2543 2540 2544
f 2543 2544 2545
f 2546 2547 2548
f 2548 2547 2549
f 2548 2549 2435
f 2435 2549 2550
f 2435 2550 2442
f 2548 2551 2546
f 2546 2551 2440
f 2546 2440 2552
f 2552 2440 2439
f 2437 2436 2553
f 2554 2555 2556
f 2556 2555 2557
f 2556 2557 2558
f 2558 2557 2559
f 2560 2561 2562
f 2464 2477 2450
f 2450 2477 2563
f 2450 2563 2564
f 2564 2563 2565
f 2564 2565 2566
f 1185 2567 1186
f 1186 2567 1187
f 1185 1184 2567
f 2567 1184 1183
f 2567 1183 2432
f 2432 1183 1182
f 2432 1182 1219
f 2568 1194 2569
f 2569 1194 1193
f 2570 2571 1196
f 1196 2571 1197
f 2572 2573 2574
f 2574 2575 2572
f 2572 2575 2576
f 2572 2576 2577
f 2577 2578 2572
f 2572 2578 2579
f 2572 2579 2580
f 2580 2579 2581
f 2581 2582 2580
f 2580 2582 2583
f 2580 2583 2584
f 2568 2585 1194
f 1194 2585 2586
f 1194 2586 1195
f 1195 2586 2587
f 1195 2587 1196
f 1196 2587 2588
f 1196 2588 2570
f 2589 2590 2572
f 2590 2591 2572
f 2572 2591 2592
f 2572 2592 2573
f 1192 2593 1193
f 1193 2593 2594
f 1193 2594 2569
f 2584 2595 2580
f 2580 2595 2596
f 2580 2596 2597
f 2597 2598 2580
f 2580 2598 2599
f 2580 2599 1188
f 1188 2599 2600
f 2601 2602 1191
f 1191 2602 2603
f 1191 2603 1192
f 1192 2603 2604
f 1192 2604 2593
f 2600 2605 1188
f 1188 2605 2606
f 1188 2606 1189
f 1189 2606 2601
f 1189 2601 1190
f 1190 2601 1191
f 2607 1198 2553
f 2553 1198 1197
f 2608 2609 2607
f 2610 2611 2607
f 2610 2607 2612
f 2613 2614 2615
f 2615 2614 2616
f 2615 2616 2617
f 2617 2618 2615
f 2615 2618 2619
f 2615 2619 2620
f 2620 2621 2615
f 2615 2621 2622
f 2615 2622 2612
f 2611 2623 2607
f 2607 2623 2624
f 2607 2624 2625
f 2607 2609 1198
f 1198 2609 2626
f 1198 2626 2627
f 2625 2628 2607
f 2607 2628 2629
f 2607 2629 2608
f 2630 2631 1202
f 1202 2631 1203
f 1201 2632 2633
f 2627 2634 1198
f 1198 2634 2635
f 1198 2635 1199
f 1199 2635 2632
f 1199 2632 1200
f 1200 2632 1201
f 2631 2636 1203
f 1203 2636 2637
f 1203 2637 1204
f 2637 2638 1204
f 1204 2638 2639
f 1204 2639 1205
f 1205 2639 2640
f 1205 2640 1206
f 1206 2640 2641
f 1206 2641 2642
f 2633 2643 1201
f 1201 2643 2644
f 1201 2644 1202
f 1202 2644 2645
f 1202 2645 2630
f 1211 1210 2646
f 1210 1209 2646
f 2646 1209 1208
f 2646 1208 1207
f 1214 1213 2429
f 2429 1213 1212
f 2429 1212 1211
f 1219 1218 2432
f 2432 1218 1217
f 2432 1217 2428
f 2428 1217 1216
f 2428 1216 2429
f 2429 1216 1215
f 2429 1215 1214
f 2647 2648 2649
f 2555 2650 2651
f 2651 2652 2555
f 2555 2652 2653
f 2555 2653 2654
f 2654 2655 2555
f 2555 2655 2656
f 2555 2656 2557
f 2557 2656 2657
f 2557 2657 2658
f 2557 2659 2660
f 2658 2661 2557
f 2557 2661 2662
f 2557 2662 2659
f 2660 2663 2557
f 2557 2663 2664
f 2557 2664 2665
f 2666 2559 2649
f 2649 2559 2557
f 2649 2557 2647
f 2647 2557 2665
f 2667 2668 2669
f 2669 2668 2670
f 2669 2670 2671
f 2672 2673 2555
f 2555 2673 2674
f 2555 2674 2650
f 2648 2675 2649
f 2649 2675 2676
f 2649 2676 2677
f 2677 2678 2649
f 2649 2678 2679
f 2649 2679 2680
f 2680 2681 2649
f 2649 2681 2682
f 2649 2682 2669
f 2669 2682 2683
f 2669 2683 2684
f 2684 2685 2669
f 2669 2685 2686
f 2669 2686 2667
f 1187 2567 1188
f 1188 2567 2687
f 1188 2687 2580
f 2580 2687 2688
f 2580 2688 2669
f 2689 2690 2572
f 2691 2692 2669
f 2555 2572 2693
f 2690 2694 2572
f 2572 2694 2695
f 2572 2695 2693
f 2693 2696 2555
f 2555 2696 2697
f 2555 2697 2698
f 2698 2699 2555
f 2555 2699 2700
f 2555 2700 2701
f 2701 2702 2555
f 2555 2702 2703
f 2555 2703 2704
f 2705 2706 2572
f 2572 2706 2707
f 2572 2707 2689
f 2671 2672 2669
f 2669 2672 2555
f 2669 2555 2691
f 2691 2555 2704
f 2708 2709 2580
f 2580 2709 2710
f 2710 2711 2580
f 2580 2711 2712
f 2580 2712 2572
f 2572 2712 2713
f 2572 2713 2705
f 2692 2714 2669
f 2669 2714 2715
f 2669 2715 2716
f 2716 2717 2669
f 2669 2717 2718
f 2669 2718 2719
f 2719 2720 2669
f 2669 2720 2721
f 2669 2721 2580
f 2580 2721 2722
f 2580 2722 2723
f 2723 2724 2580
f 2580 2724 2725
f 2580 2725 2708
f 2571 2589 1197
f 1197 2589 2572
f 1197 2572 2553
f 2553 2572 2555
f 2553 2555 2437
f 2437 2555 2554
f 2437 2554 2438
f 2726 2727 2431
f 2728 2729 2450
f 2730 2731 2732
f 2732 2731 2733
f 2734 2735 2449
f 2561 2560 2566
f 2566 2560 2736
f 2566 2736 2564
f 2564 2736 2731
f 2564 2731 2450
f 2450 2731 2730
f 2450 2730 2728
f 2727 2737 2431
f 2431 2737 2738
f 2431 2738 2739
f 2740 2731 2741
f 2741 2731 2431
f 2741 2431 2742
f 2742 2431 2743
f 2740 2744 2731
f 2731 2744 2745
f 2731 2745 2746
f 2739 2747 2431
f 2431 2747 2748
f 2431 2748 2743
f 2746 2749 2731
f 2731 2749 2750
f 2731 2750 2733
f 2729 2751 2450
f 2450 2751 2752
f 2450 2752 2753
f 2753 2754 2450
f 2450 2754 2755
f 2450 2755 2756
f 2757 2449 2758
f 2758 2449 2759
f 2757 2760 2449
f 2449 2760 2761
f 2449 2761 2734
f 2756 2762 2450
f 2450 2762 2763
f 2450 2763 2449
f 2449 2763 2764
f 2449 2764 2759
f 2432 2765 2766
f 2567 2767 2768
f 2769 2432 2770
f 2770 2432 2771
f 2772 2773 2567
f 2567 2773 2774
f 2567 2774 2767
f 2768 2775 2567
f 2567 2775 2776
f 2567 2776 2777
f 2666 2649 2778
f 2778 2649 2669
f 2778 2669 2562
f 2562 2669 2688
f 2562 2688 2560
f 2560 2688 2687
f 2560 2687 2736
f 2736 2687 2567
f 2736 2567 2731
f 2731 2567 2777
f 2731 2777 2779
f 2432 2766 2567
f 2567 2766 2780
f 2567 2780 2772
f 2431 2781 2432
f 2432 2781 2782
f 2432 2782 2771
f 2769 2783 2432
f 2432 2783 2784
f 2432 2784 2785
f 2779 2786 2731
f 2731 2786 2787
f 2731 2787 2788
f 2785 2789 2432
f 2432 2789 2790
f 2432 2790 2765
f 2788 2791 2731
f 2731 2791 2792
f 2731 2792 2793
f 2793 2794 2731
f 2731 2794 2795
f 2731 2795 2431
f 2431 2795 2796
f 2431 2796 2797
f 2797 2798 2431
f 2431 2798 2799
f 2431 2799 2800
f 2800 2801 2431
f 2431 2801 2802
f 2431 2802 2781
f 2551 2803 2804
f 2612 2607 2615
f 2615 2607 2805
f 2615 2805 2806
f 2806 2807 2615
f 2615 2807 2808
f 2615 2808 2809
f 2810 2811 2615
f 2615 2811 2812
f 2804 2813 2551
f 2551 2813 2814
f 2551 2814 2815
f 2815 2816 2551
f 2551 2816 2817
f 2551 2817 2818
f 2818 2819 2551
f 2551 2819 2820
f 2551 2820 2821
f 2822 2823 2607
f 2607 2823 2824
f 2607 2824 2805
f 2825 2803 2826
f 2826 2803 2827
f 2825 2828 2803
f 2803 2828 2829
f 2803 2829 2830
f 2830 2831 2803
f 2803 2831 2832
f 2803 2832 2804
f 2436 2440 2553
f 2553 2440 2551
f 2553 2551 2607
f 2607 2551 2821
f 2607 2821 2833
f 2833 2834 2607
f 2607 2834 2835
f 2607 2835 2836
f 2809 2837 2615
f 2615 2837 2838
f 2615 2838 2810
f 2836 2839 2607
f 2607 2839 2840
f 2607 2840 2822
f 2841 2842 2548
f 2435 2843 2844
f 2435 2434 2548
f 2548 2434 2845
f 2548 2845 2841
f 2548 2846 2847
f 2848 2849 2435
f 2435 2849 2850
f 2435 2850 2843
f 2844 2851 2435
f 2435 2851 2852
f 2435 2852 2433
f 2842 2853 2548
f 2548 2853 2854
f 2548 2854 2846
f 2847 2855 2548
f 2548 2855 2856
f 2548 2856 2551
f 2551 2856 2857
f 2551 2857 2858
f 2859 2860 2803
f 2803 2860 2861
f 2858 2862 2551
f 2551 2862 2863
f 2551 2863 2864
f 2864 2865 2551
f 2551 2865 2866
f 2551 2866 2867
f 2868 2803 2869
f 2869 2803 2551
f 2869 2551 2870
f 2870 2551 2867
f 2545 2544 2441
f 2441 2544 2803
f 2441 2803 2435
f 2435 2803 2861
f 2435 2861 2848
f 2868 2871 2803
f 2803 2871 2872
f 2803 2872 2873
f 2873 2874 2803
f 2803 2874 2875
f 2803 2875 2859
f 2876 2492 2877
f 2877 2492 2491
f 2877 2491 2878
f 2735 2726 2449
f 2449 2726 2431
f 2449 2431 2879
f 2879 2431 2428
f 2879 2428 2880
f 2880 2428 2430
f 2880 2430 2501
f 1211 2646 2429
f 2429 2646 2881
f 2429 2881 2882
f 2883 2884 2885
f 2885 2884 2886
f 2885 2886 2887
f 2646 2888 2889
f 2646 2890 2891
f 2882 2892 2429
f 2429 2892 2893
f 2429 2893 2894
f 2895 2896 2430
f 2430 2896 2883
f 2885 2897 2646
f 2646 2897 2898
f 2646 2898 2888
f 2889 2899 2646
f 2646 2899 2900
f 2646 2900 2890
f 2891 2901 2646
f 2646 2901 2902
f 2646 2902 2881
f 2903 2904 2430
f 2430 2904 2905
f 2887 2906 2885
f 2885 2906 2907
f 2885 2907 2908
f 2908 2909 2885
f 2885 2909 2910
f 2885 2910 2897
f 2894 2911 2429
f 2429 2911 2912
f 2429 2912 2913
f 2905 2914 2430
f 2430 2914 2915
f 2430 2915 2895
f 2913 2916 2429
f 2429 2916 2917
f 2429 2917 2430
f 2430 2917 2918
f 2430 2918 2903
f 2537 2536 2539
f 2539 2536 2919
f 2539 2919 2540
f 2540 2919 2920
f 2540 2920 2544
f 2544 2920 2615
f 2544 2615 2803
f 2803 2615 2812
f 2803 2812 2827
f 2515 2443 2921
f 2921 2443 2445
f 2921 2445 2878
f 2878 2445 2446
f 2878 2446 2877
f 2877 2446 2922
f 2877 2922 2876
f 2458 2459 2456
f 2456 2459 2449
f 2456 2449 2491
f 2491 2449 2879
f 2491 2879 2878
f 2878 2879 2880
f 2878 2880 2921
f 2921 2880 2501
f 2921 2501 2515
f 2515 2501 2526
f 2515 2526 2513
f 2923 2924 2501
f 2925 2926 2496
f 2496 2926 2927
f 2496 2927 2928
f 2499 2501 2496
f 2496 2501 2929
f 2496 2929 2925
f 2928 2930 2496
f 2496 2930 2931
f 2496 2931 2932
f 2883 2885 2430
f 2430 2885 2933
f 2430 2933 2934
f 2935 2936 2430
f 2430 2936 2937
f 2430 2937 2938
f 2924 2939 2501
f 2501 2939 2940
f 2501 2940 2929
f 2885 2941 2942
f 2885 2943 2944
f 2934 2945 2430
f 2430 2945 2946
f 2430 2946 2935
f 2938 2947 2430
f 2430 2947 2948
f 2430 2948 2501
f 2501 2948 2949
f 2501 2949 2950
f 2932 2951 2496
f 2496 2951 2952
f 2496 2952 2885
f 2885 2952 2953
f 2885 2953 2941
f 2942 2954 2885
f 2885 2954 2955
f 2885 2955 2943
f 2944 2956 2885
f 2885 2956 2957
f 2885 2957 2933
f 2950 2958 2501
f 2501 2958 2959
f 2501 2959 2923
f 2642 2613 1206
f 1206 2613 2615
f 1206 2615 1207
f 1207 2615 2920
f 1207 2920 2646
f 2646 2920 2919
f 2646 2919 2885
f 2885 2919 2536
f 2885 2536 2496
f 2496 2536 2538
f 2496 2538 2505
f 2960 2961 2962
f 2963 2964 2965
f 2966 2967 2968
f 2969 2970 2971
f 2972 2973 2974
f 2975 2976 2977
f 2978 2979 2980
f 2981 2982 2983
f 2984 2985 2986
f 2987 2988 2989
f 2990 2991 2992
f 2993 2994 2995
f 2987 2989 2996
f 2997 2998 2989
f 2999 3000 3001
f 2985 3002 2986
f 2986 3002 3003
f 2986 3003 3004
f 3004 3003 3005
f 3004 3005 3006
f 3006 3007 3004
f 3004 3007 3008
f 3004 3008 2995
f 2995 3008 3009
f 2995 3009 3010
f 2992 3011 2990
f 2990 3011 3012
f 2990 3012 3013
f 3010 3014 2995
f 2995 3014 3015
f 2995 3015 3016
f 2988 3017 2989
f 2989 3017 3018
f 2989 3018 3019
f 3020 3021 2965
f 3022 3023 2965
f 2965 3023 3024
f 2965 3024 3025
f 2990 3026 2991
f 2991 3026 3027
f 2991 3027 3016
f 3027 3028 3016
f 3016 3028 3029
f 3016 3029 2995
f 2995 3029 3030
f 2995 3030 2993
f 3019 3031 2989
f 2989 3031 3032
f 2989 3032 2997
f 2998 3033 2989
f 2989 3033 3034
f 2989 3034 2965
f 2965 3034 3035
f 2965 3035 3020
f 3021 3036 2965
f 2965 3036 3037
f 2965 3037 3022
f 3038 3039 3000
f 2965 3000 3040
f 3040 3041 2965
f 2965 3041 3042
f 2965 3042 3043
f 3043 3044 3045
f 3045 3044 3046
f 3045 3046 3047
f 3039 3048 3000
f 3000 3048 3049
f 3000 3049 3001
f 3047 3050 3045
f 3045 3050 3051
f 3045 3051 3052
f 3052 3051 3053
f 3052 3053 3054
f 3025 3055 2965
f 2965 3055 3056
f 2965 3056 3000
f 3000 3056 3057
f 3000 3057 3038
f 3013 3058 2990
f 2990 3058 3059
f 2990 3059 3001
f 3001 3059 3060
f 3001 3060 2999
f 3054 3061 3052
f 3052 3061 3062
f 3052 3062 2986
f 2986 3062 3063
f 2986 3063 2984
f 3064 3065 3066
f 3066 3065 2995
f 2976 2975 2979
f 2979 2975 3067
f 2979 3067 2980
f 2977 2976 3068
f 3068 2976 3069
f 3068 3069 3070
f 3071 3072 3073
f 3073 3072 3074
f 3073 3074 3075
f 3076 3077 3078
f 3079 3080 3081
f 3081 3080 3082
f 2968 3083 3084
f 3083 2968 3085
f 3085 2968 2967
f 3085 2967 3086
f 3087 3088 3089
f 3090 3091 2974
f 3092 2973 3093
f 3093 2973 3089
f 3093 3089 3094
f 3094 3089 3088
f 3092 3095 2973
f 2973 3095 3096
f 2973 3096 3097
f 2967 3098 3099
f 3100 3101 3102
f 3102 3101 3103
f 3102 3103 3089
f 3089 3103 3104
f 3089 3104 3087
f 2974 3105 3106
f 3107 3108 2974
f 2974 3108 3109
f 2974 3109 3105
f 3097 3110 2973
f 2973 3110 3111
f 2973 3111 2974
f 2974 3111 3112
f 2974 3112 3090
f 3099 3113 2967
f 2967 3113 3114
f 2967 3114 3086
f 3086 3114 3115
f 3086 3115 3116
f 3116 3117 3086
f 3086 3117 3118
f 3086 3118 3119
f 3119 3120 3086
f 3086 3120 3121
f 3086 3121 3102
f 3102 3121 3122
f 3102 3122 3100
f 3106 3123 2974
f 2974 3123 3124
f 2974 3124 3125
f 3126 3127 3098
f 3098 3127 3128
f 3098 3128 3129
f 3091 3130 3131
f 3131 3130 3132
f 3131 3132 3133
f 3134 3135 3129
f 3129 3135 3136
f 3129 3136 3098
f 3137 3138 2967
f 2967 3138 3139
f 2967 3139 3140
f 3125 3141 2974
f 2974 3141 3142
f 2974 3142 2967
f 2967 3142 3143
f 2967 3143 3137
f 2967 3144 3145
f 2967 3145 3098
f 3098 3145 3146
f 3098 3146 3126
f 3147 3148 3149
f 3149 3148 3150
f 3149 3150 3133
f 3133 3150 3151
f 3133 3151 3131
f 3131 3152 3091
f 3091 3152 3153
f 3091 3153 2974
f 2974 3153 3154
f 2974 3154 3107
f 3147 3149 3155
f 3155 3149 3156
f 3155 3156 3134
f 3134 3156 3157
f 3134 3157 3135
f 3140 3158 2967
f 2967 3158 3159
f 2967 3159 3160
f 3160 3161 2967
f 2967 3161 3162
f 2967 3162 3144
f 3043 3045 2965
f 2965 3045 3163
f 2965 3163 2971
f 2971 3163 3164
f 2971 3164 2969
f 3165 3166 3167
f 3167 3166 3168
f 3167 3168 3169
f 3170 3171 2974
f 3169 3172 3167
f 3167 3172 3173
f 3167 3173 3174
f 2974 3175 3176
f 3177 3178 2966
f 2966 3178 3179
f 2966 3179 3180
f 3181 3182 2967
f 2967 3182 3183
f 2967 3183 3184
f 3184 3185 2967
f 2967 3185 3186
f 2967 3186 2974
f 2974 3186 3187
f 2974 3187 3170
f 3171 3188 2974
f 2974 3188 3189
f 2974 3189 3175
f 3176 3190 2974
f 2974 3190 3191
f 2974 3191 3167
f 3167 3191 3192
f 3167 3192 3165
f 3180 3193 2966
f 2966 3193 3194
f 2966 3194 3195
f 2967 3196 3197
f 3195 3198 2966
f 2966 3198 3199
f 2966 3199 2967
f 2967 3199 3200
f 2967 3200 3196
f 3197 3201 2967
f 2967 3201 3202
f 2967 3202 3181
f 3203 3081 3204
f 3204 3081 3082
f 3204 3082 3077
f 3077 3082 3205
f 3077 3205 3078
f 3206 3207 3167
f 3167 3207 2965
f 3167 2965 2974
f 2974 2965 2971
f 2974 2971 2972
f 2972 2971 2970
f 3208 3209 2989
f 2989 3209 3210
f 3210 3211 2989
f 2989 3211 3212
f 2989 3212 3213
f 3214 3215 3216
f 2965 2964 2989
f 2989 2964 3217
f 2989 3217 3208
f 3214 3216 3218
f 3207 3219 2965
f 2965 3219 3220
f 2965 3220 3221
f 3213 3222 2989
f 2989 3222 3223
f 2989 3223 3216
f 3216 3223 3224
f 3216 3224 3218
f 3225 3226 3167
f 3167 3226 3227
f 3167 3227 3206
f 3221 3228 2965
f 2965 3228 3229
f 2965 3229 3230
f 3230 3231 2965
f 2965 3231 3232
f 2965 3232 2963
f 3215 3233 3216
f 3216 3233 3234
f 3216 3234 3235
f 3235 3236 3216
f 3216 3236 3237
f 3216 3237 3167
f 3167 3237 3238
f 3167 3238 3239
f 3239 3240 3167
f 3167 3240 3241
f 3167 3241 3225
f 3242 3243 2961
f 3244 3245 3246
f 3246 3245 3247
f 2961 3248 3249
f 3250 2966 3203
f 3203 2966 2968
f 3203 2968 3081
f 3081 2968 3084
f 3081 3084 3079
f 3245 3251 3252
f 3243 3253 2961
f 2961 3253 3254
f 2961 3254 3255
f 3250 3256 2966
f 2966 3256 3257
f 2966 3257 3258
f 3252 3259 3245
f 3245 3259 3260
f 3245 3260 3247
f 3255 3261 2961
f 2961 3261 3262
f 2961 3262 3248
f 3249 3263 2961
f 2961 3263 3264
f 2961 3264 3265
f 3265 3266 3203
f 3203 3266 3267
f 3203 3267 3268
f 3268 3269 3203
f 3203 3269 3270
f 3203 3270 3271
f 3271 3272 3203
f 3203 3272 3273
f 3203 3273 3250
f 3258 3274 2966
f 2966 3274 3275
f 2966 3275 3276
f 3276 3277 2966
f 2966 3277 3278
f 2966 3278 3245
f 3245 3278 3279
f 3245 3279 3251
f 3265 3203 2961
f 2961 3203 3280
f 2961 3280 3281
f 3281 3282 2961
f 2961 3282 3283
f 2961 3283 3284
f 3285 3286 2962
f 3284 3287 2961
f 2961 3287 3288
f 2961 3288 3289
f 3289 3290 2961
f 2961 3290 3291
f 2961 3291 2962
f 2962 3291 3292
f 2962 3292 3285
f 3286 3293 2962
f 2962 3293 3294
f 2962 3294 3295
f 3295 3296 2962
f 2962 3296 3297
f 2962 3297 3298
f 3299 3300 3204
f 3204 3300 3301
f 3204 3301 3302
f 3302 3303 3204
f 3204 3303 3304
f 3204 3304 3305
f 3306 3203 3307
f 3307 3203 3204
f 3307 3204 3308
f 3308 3204 3305
f 3306 3309 3203
f 3203 3309 3310
f 3203 3310 3311
f 3312 3313 3203
f 3203 3313 3314
f 3203 3314 3280
f 3311 3315 3203
f 3203 3315 3316
f 3203 3316 3312
f 2962 3317 3318
f 3319 3320 3076
f 3076 3320 3321
f 3076 3321 3322
f 3298 3299 2962
f 2962 3299 3204
f 2962 3204 3317
f 3317 3204 3323
f 3318 3324 2962
f 2962 3324 3325
f 2962 3325 3326
f 3326 3327 2962
f 2962 3327 3328
f 2962 3328 3329
f 3329 3330 2962
f 2962 3330 3331
f 2962 3331 3076
f 3076 3331 3332
f 3076 3332 3319
f 3322 3333 3076
f 3076 3333 3334
f 3076 3334 3335
f 3077 3336 3337
f 3204 3338 3339
f 3335 3340 3076
f 3076 3340 3341
f 3076 3341 3077
f 3077 3341 3342
f 3077 3342 3343
f 3343 3344 3077
f 3077 3344 3345
f 3077 3345 3336
f 3337 3346 3077
f 3077 3346 3347
f 3077 3347 3204
f 3204 3347 3348
f 3204 3348 3338
f 3339 3349 3204
f 3204 3349 3350
f 3204 3350 3351
f 3351 3352 3204
f 3204 3352 3353
f 3204 3353 3323
f 2994 2996 2995
f 2995 2996 2989
f 2995 2989 3066
f 3066 2989 3216
f 3066 3216 3354
f 3355 3356 3245
f 3357 3358 3216
f 3359 3360 3361
f 3356 3357 3245
f 3245 3357 3216
f 3245 3216 2966
f 2966 3216 3167
f 2966 3167 3177
f 3177 3167 3174
f 3354 3362 3363
f 3359 3361 3364
f 3358 3365 3216
f 3216 3365 3366
f 3216 3366 3367
f 3368 3354 3369
f 3369 3354 3370
f 3368 3371 3354
f 3354 3371 3372
f 3354 3372 3362
f 3373 3374 3245
f 3367 3375 3216
f 3216 3375 3376
f 3216 3376 3377
f 3363 3378 3354
f 3354 3378 3379
f 3354 3379 3361
f 3361 3379 3380
f 3361 3380 3364
f 3360 3381 3361
f 3361 3381 3382
f 3361 3382 3383
f 3374 3384 3245
f 3245 3384 3385
f 3245 3385 3355
f 3377 3386 3216
f 3216 3386 3387
f 3216 3387 3354
f 3354 3387 3388
f 3354 3388 3370
f 3361 3389 3245
f 3245 3389 3390
f 3245 3390 3373
f 3383 3391 3361
f 3361 3391 3392
f 3361 3392 3389
f 3078 3393 3076
f 3076 3393 3071
f 3076 3071 2962
f 2962 3071 3073
f 2962 3073 2960
f 2960 3073 3075
f 2960 3075 3394
f 3395 3396 3361
f 3361 3396 3397
f 3361 3397 3398
f 3399 3400 3401
f 3401 3400 3402
f 3403 3069 3404
f 3404 3069 3405
f 3406 3407 3354
f 3354 3407 3408
f 3354 3408 3409
f 3403 3410 3069
f 3069 3410 3411
f 3069 3411 3412
f 3413 3414 3361
f 3361 3414 3415
f 3361 3415 3395
f 3398 3416 3361
f 3361 3416 3417
f 3361 3417 3354
f 3354 3417 3418
f 3354 3418 3406
f 3419 3401 3354
f 3354 3401 2982
f 3354 2982 3066
f 3066 2982 2981
f 3066 2981 3064
f 3419 3420 3401
f 3401 3420 3421
f 3401 3421 3422
f 3402 3423 3401
f 3401 3423 3424
f 3401 3424 3069
f 3069 3424 3425
f 3069 3425 3405
f 3409 3426 3354
f 3354 3426 3427
f 3354 3427 3419
f 3422 3428 3401
f 3401 3428 3429
f 3401 3429 3399
f 3412 3430 3069
f 3069 3430 3431
f 3069 3431 3361
f 3361 3431 3432
f 3361 3432 3413
f 3244 3242 3245
f 3245 3242 2961
f 3245 2961 3361
f 3361 2961 2960
f 3361 2960 3069
f 3069 2960 3394
f 3069 3394 3070
f 3070 3394 3075
f 3433 3434 2979
f 2979 3434 3435
f 3436 3437 2976
f 2976 3437 3438
f 3439 3440 3069
f 3069 3440 3441
f 3069 3441 3442
f 3443 3444 2979
f 2979 3444 3445
f 3435 3446 2979
f 2979 3446 3447
f 2979 3447 2976
f 2976 3447 3448
f 2976 3448 3436
f 3449 3450 3401
f 3401 3450 3451
f 3401 3451 3452
f 3445 3453 2979
f 2979 3453 3454
f 2979 3454 3433
f 3438 3455 2976
f 2976 3455 3456
f 2976 3456 3457
f 3458 3459 3069
f 3069 3459 3460
f 3069 3460 3439
f 3442 3461 3069
f 3069 3461 3462
f 3069 3462 3401
f 3401 3462 3463
f 3401 3463 3449
f 2983 2982 2978
f 2978 2982 3401
f 2978 3401 2979
f 2979 3401 3464
f 2979 3464 3443
f 3452 3465 3401
f 3401 3465 3466
f 3401 3466 3464
f 3457 3467 2976
f 2976 3467 3468
f 2976 3468 3069
f 3069 3468 3469
f 3069 3469 3458
f 2978 2561 2983
f 2983 2561 2566
f 2983 2566 2981
f 2981 2566 2565
f 2981 2565 3064
f 3064 2565 2563
f 3064 2563 3065
f 3065 2563 2477
f 3065 2477 2995
f 2995 2477 2481
f 2995 2481 3004
f 3004 2481 2467
f 3004 2467 2986
f 2986 2467 2470
f 2986 2470 3052
f 3052 2470 2456
f 3052 2456 3045
f 2456 2492 3045
f 3045 2492 2876
f 3045 2876 3163
f 3163 2876 2922
f 3163 2922 3164
f 3164 2922 2446
f 3164 2446 2969
f 2969 2446 2444
f 2969 2444 2970
f 2970 2444 2443
f 2970 2443 2972
f 2972 2443 2515
f 2972 2515 2973
f 2973 2515 2495
f 2973 2495 3089
f 3089 2495 2518
f 3089 2518 3102
f 3102 2518 2505
f 3102 2505 3086
f 3086 2505 2538
f 3086 2538 3085
f 3085 2538 2537
f 3085 2537 3083
f 3083 2537 2539
f 3083 2539 3084
f 3084 2539 2541
f 3084 2541 3079
f 3079 2541 2542
f 3079 2542 3080
f 3080 2542 2543
f 3080 2543 3082
f 3082 2543 2545
f 2545 2441 3082
f 3082 2441 2442
f 3082 2442 3205
f 2442 2550 3205
f 3205 2550 2549
f 3205 2549 3078
f 3078 2549 2547
f 3078 2547 3393
f 3393 2547 2546
f 3393 2546 3071
f 3071 2546 2552
f 3071 2552 3072
f 3072 2552 2439
f 3072 2439 3074
f 3074 2439 2436
f 3074 2436 3075
f 3075 2436 2438
f 3075 2438 3070
f 3070 2438 2554
f 3070 2554 3068
f 3068 2554 2556
f 3068 2556 2977
f 2977 2556 2558
f 2977 2558 2975
f 2975 2558 2559
f 2975 2559 3067
f 3067 2559 2666
f 3067 2666 2980
f 2980 2666 2778
f 2980 2778 2978
f 2978 2778 2562
f 2978 2562 2561
f 2795 2964 2796
f 2796 2964 2963
f 2796 2963 2797
f 2797 2963 3232
f 2797 3232 2798
f 2798 3232 3231
f 2798 3231 2799
f 2799 3231 3230
f 2799 3230 2800
f 2800 3230 3229
f 2800 3229 2801
f 2801 3229 3228
f 2801 3228 2802
f 2802 3228 3221
f 2802 3221 2781
f 2781 3221 3220
f 2781 3220 2782
f 2782 3220 3219
f 2782 3219 2771
f 2771 3219 3207
f 2771 3207 2770
f 2770 3207 3206
f 2770 3206 2769
f 2769 3206 3227
f 2769 3227 2783
f 2783 3227 3226
f 2783 3226 2784
f 2784 3226 3225
f 2784 3225 2785
f 2785 3225 3241
f 2785 3241 2789
f 2789 3241 3240
f 2789 3240 2790
f 2790 3240 3239
f 2790 3239 2765
f 2765 3239 3238
f 2765 3238 2766
f 2766 3238 3237
f 2766 3237 2780
f 2780 3237 3236
f 2780 3236 2772
f 2772 3236 3235
f 2772 3235 2773
f 2773 3235 3234
f 2773 3234 2774
f 2774 3234 3233
f 2774 3233 2767
f 2767 3233 3215
f 2767 3215 2768
f 2768 3215 3214
f 2768 3214 2775
f 2775 3214 3218
f 2775 3218 2776
f 2776 3218 3224
f 2776 3224 2777
f 2777 3224 3223
f 2777 3223 2779
f 2779 3223 3222
f 2779 3222 2786
f 2786 3222 3213
f 2786 3213 2787
f 2787 3213 3212
f 2787 3212 2788
f 2788 3212 3211
f 2788 3211 2791
f 2791 3211 3210
f 2791 3210 2792
f 2792 3210 3209
f 2792 3209 2793
f 2793 3209 3208
f 2793 3208 2794
f 2794 3208 3217
f 2794 3217 2795
f 2795 3217 2964
f 2763 2990 2764
f 2764 2990 3001
f 2764 3001 2759
f 2759 3001 3049
f 2759 3049 2758
f 2758 3049 3048
f 2758 3048 2757
f 2757 3048 3039
f 2757 3039 2760
f 2760 3039 3038
f 2760 3038 2761
f 2761 3038 3057
f 2761 3057 2734
f 2734 3057 3056
f 2734 3056 2735
f 2735 3056 3055
f 2735 3055 2726
f 2726 3055 3025
f 2726 3025 2727
f 2727 3025 3024
f 2727 3024 2737
f 2737 3024 3023
f 2737 3023 2738
f 2738 3023 3022
f 2738 3022 2739
f 2739 3022 3037
f 2739 3037 2747
f 2747 3037 3036
f 2747 3036 2748
f 2748 3036 3021
f 2748 3021 2743
f 2743 3021 3020
f 2743 3020 2742
f 2742 3020 3035
f 2742 3035 2741
f 2741 3035 3034
f 2741 3034 2740
f 2740 3034 3033
f 2740 3033 2744
f 2744 3033 2998
f 2744 2998 2745
f 2745 2998 2997
f 2745 2997 2746
f 2746 2997 3032
f 2746 3032 2749
f 2749 3032 3031
f 2749 3031 2750
f 2750 3031 3019
f 2750 3019 2733
f 2733 3019 3018
f 2733 3018 2732
f 2732 3018 3017
f 2732 3017 2730
f 2730 3017 2988
f 2730 2988 2728
f 2728 2988 2987
f 2728 2987 2729
f 2729 2987 2996
f 2729 2996 2751
f 2751 2996 2994
f 2751 2994 2752
f 2752 2994 2993
f 2752 2993 2753
f 2753 2993 3030
f 2753 3030 2754
f 2754 3030 3029
f 2754 3029 2755
f 2755 3029 3028
f 2755 3028 2756
f 2756 3028 3027
f 2756 3027 2762
f 2762 3027 3026
f 2762 3026 2763
f 2763 3026 2990
f 2466 2985 2488
f 2488 2985 2984
f 2488 2984 2489
f 2489 2984 3063
f 2489 3063 2490
f 2490 3063 3062
f 2490 3062 2468
f 2468 3062 3061
f 2468 3061 2469
f 2469 3061 3054
f 2469 3054 2487
f 2487 3054 3053
f 2487 3053 2457
f 2457 3053 3051
f 2457 3051 2458
f 2458 3051 3050
f 2458 3050 2459
f 2459 3050 3047
f 2459 3047 2460
f 2460 3047 3046
f 2460 3046 2461
f 2461 3046 3044
f 2461 3044 2471
f 2471 3044 3043
f 2471 3043 2472
f 2472 3043 3042
f 2472 3042 2473
f 2473 3042 3041
f 2473 3041 2474
f 2474 3041 3040
f 2474 3040 2475
f 2475 3040 3000
f 2475 3000 2447
f 2447 3000 2999
f 2447 2999 2448
f 2448 2999 3060
f 2448 3060 2451
f 2451 3060 3059
f 2451 3059 2452
f 2452 3059 3058
f 2452 3058 2453
f 2453 3058 3013
f 2453 3013 2454
f 2454 3013 3012
f 2454 3012 2455
f 2455 3012 3011
f 2455 3011 2462
f 2462 3011 2992
f 2462 2992 2463
f 2463 2992 2991
f 2463 2991 2464
f 2464 2991 3016
f 2464 3016 2476
f 2476 3016 3015
f 2476 3015 2478
f 2478 3015 3014
f 2478 3014 2479
f 2479 3014 3010
f 2479 3010 2480
f 2480 3010 3009
f 2480 3009 2482
f 2482 3009 3008
f 2482 3008 2483
f 2483 3008 3007
f 2483 3007 2484
f 2484 3007 3006
f 2484 3006 2485
f 2485 3006 3005
f 2485 3005 2486
f 2486 3005 3003
f 2486 3003 2465
f 2465 3003 3002
f 2465 3002 2466
f 2466 3002 2985
f 2721 3420 2722
f 2722 3420 3419
f 2722 3419 2723
f 2723 3419 3427
f 2723 3427 2724
f 2724 3427 3426
f 2724 3426 2725
f 2725 3426 3409
f 2725 3409 2708
f 2708 3409 3408
f 2708 3408 2709
f 2709 3408 3407
f 2709 3407 2710
f 2710 3407 3406
f 2710 3406 2711
f 2711 3406 3418
f 2711 3418 2712
f 2712 3418 3417
f 2712 3417 2713
f 2713 3417 3416
f 2713 3416 2705
f 2705 3416 3398
f 2705 3398 2706
f 2706 3398 3397
f 2706 3397 2707
f 2707 3397 3396
f 2707 3396 2689
f 2689 3396 3395
f 2689 3395 2690
f 2690 3395 3415
f 2690 3415 2694
f 2694 3415 3414
f 2694 3414 2695
f 2695 3414 3413
f 2695 3413 2693
f 2693 3413 3432
f 2693 3432 2696
f 2696 3432 3431
f 2696 3431 2697
f 2697 3431 3430
f 2697 3430 2698
f 2698 3430 3412
f 2698 3412 2699
f 2699 3412 3411
f 2699 3411 2700
f 2700 3411 3410
f 2700 3410 2701
f 2701 3410 3403
f 2701 3403 2702
f 2702 3403 3404
f 2702 3404 2703
f 2703 3404 3405
f 2703 3405 2704
f 2704 3405 3425
f 2704 3425 2691
f 2691 3425 3424
f 2691 3424 2692
f 2692 3424 3423
f 2692 3423 2714
f 2714 3423 3402
f 2714 3402 2715
f 2715 3402 3400
f 2715 3400 2716
f 2716 3400 3399
f 2716 3399 2717
f 2717 3399 3429
f 2717 3429 2718
f 2718 3429 3428
f 2718 3428 2719
f 2719 3428 3422
f 2719 3422 2720
f 2720 3422 3421
f 2720 3421 2721
f 2721 3421 3420
f 2599 3388 2600
f 2600 3388 3387
f 2600 3387 2605
f 2605 3387 3386
f 2605 3386 2606
f 2606 3386 3377
f 2606 3377 2601
f 2601 3377 3376
f 2601 3376 2602
f 2602 3376 3375
f 2602 3375 2603
f 2603 3375 3367
f 2603 3367 2604
f 2604 3367 3366
f 2604 3366 2593
f 2593 3366 3365
f 2593 3365 2594
f 2594 3365 3358
f 2594 3358 2569
f 2569 3358 3357
f 2569 3357 2568
f 2568 3357 3356
f 2568 3356 2585
f 2585 3356 3355
f 2585 3355 2586
f 2586 3355 3385
f 2586 3385 2587
f 2587 3385 3384
f 2587 3384 2588
f 2588 3384 3374
f 2588 3374 2570
f 2570 3374 3373
f 2570 3373 2571
f 2571 3373 3390
f 2571 3390 2589
f 2589 3390 3389
f 2589 3389 2590
f 2590 3389 3392
f 2590 3392 2591
f 2591 3392 3391
f 2591 3391 2592
f 2592 3391 3383
f 2592 3383 2573
f 2573 3383 3382
f 2573 3382 2574
f 2574 3382 3381
f 2574 3381 2575
f 2575 3381 3360
f 2575 3360 2576
f 2576 3360 3359
f 2576 3359 2577
f 2577 3359 3364
f 2577 3364 2578
f 2578 3364 3380
f 2578 3380 2579
f 2579 3380 3379
f 2579 3379 2581
f 2581 3379 3378
f 2581 3378 2582
f 2582 3378 3363
f 2582 3363 2583
f 2583 3363 3362
f 2583 3362 2584
f 2584 3362 3372
f 2584 3372 2595
f 2595 3372 3371
f 2595 3371 2596
f 2596 3371 3368
f 2596 3368 2597
f 2597 3368 3369
f 2597 3369 2598
f 2598 3369 3370
f 2598 3370 2599
f 2599 3370 3388
f 2869 3317 2868
f 2868 3317 3323
f 2868 3323 2871
f 2871 3323 3353
f 2871 3353 2872
f 2872 3353 3352
f 2872 3352 2873
f 2873 3352 3351
f 2873 3351 2874
f 2874 3351 3350
f 2874 3350 2875
f 2875 3350 3349
f 2875 3349 2859
f 2859 3349 3339
f 2859 3339 2860
f 2860 3339 3338
f 2860 3338 2861
f 2861 3338 3348
f 2861 3348 2848
f 2848 3348 3347
f 2848 3347 2849
f 2849 3347 3346
f 2849 3346 2850
f 2850 3346 3337
f 2850 3337 2843
f 2843 3337 3336
f 2843 3336 2844
f 2844 3336 3345
f 2844 3345 2851
f 2851 3345 3344
f 2851 3344 2852
f 2852 3344 3343
f 2852 3343 2433
f 2433 3343 3342
f 2433 3342 2434
f 2434 3342 3341
f 2434 3341 2845
f 2845 3341 3340
f 2845 3340 2841
f 2841 3340 3335
f 2841 3335 2842
f 2842 3335 3334
f 2842 3334 2853
f 2853 3334 3333
f 2853 3333 2854
f 2854 3333 3322
f 2854 3322 2846
f 2846 3322 3321
f 2846 3321 2847
f 2847 3321 3320
f 2847 3320 2855
f 2855 3320 3319
f 2855 3319 2856
f 2856 3319 3332
f 2856 3332 2857
f 2857 3332 3331
f 2857 3331 2858
f 2858 3331 3330
f 2858 3330 2862
f 2862 3330 3329
f 2862 3329 2863
f 2863 3329 3328
f 2863 3328 2864
f 2864 3328 3327
f 2864 3327 2865
f 2865 3327 3326
f 2865 3326 2866
f 2866 3326 3325
f 2866 3325 2867
f 2867 3325 3324
f 2867 3324 2870
f 2870 3324 3318
f 2870 3318 2869
f 2869 3318 3317
f 2805 3280 2806
f 2806 3280 3314
f 2806 3314 2807
f 2807 3314 3313
f 2807 3313 2808
f 2808 3313 3312
f 2808 3312 2809
f 2809 3312 3316
f 2809 3316 2837
f 2837 3316 3315
f 2837 3315 2838
f 2838 3315 3311
f 2838 3311 2810
f 2810 3311 3310
f 2810 3310 2811
f 2811 3310 3309
f 2811 3309 2812
f 2812 3309 3306
f 2812 3306 2827
f 2827 3306 3307
f 2827 3307 2826
f 2826 3307 3308
f 2826 3308 2825
f 2825 3308 3305
f 2825 3305 2828
f 2828 3305 3304
f 2828 3304 2829
f 2829 3304 3303
f 2829 3303 2830
f 2830 3303 3302
f 2830 3302 2831
f 2831 3302 3301
f 2831 3301 2832
f 2832 3301 3300
f 2832 3300 2804
f 2804 3300 3299
f 2804 3299 2813
f 2813 3299 3298
f 2813 3298 2814
f 2814 3298 3297
f 2814 3297 2815
f 2815 3297 3296
f 2815 3296 2816
f 2816 3296 3295
f 2816 3295 2817
f 2817 3295 3294
f 2817 3294 2818
f 2818 3294 3293
f 2818 3293 2819
f 2819 3293 3286
f 2819 3286 2820
f 2820 3286 3285
f 2820 3285 2821
f 2821 3285 3292
f 2821 3292 2833
f 2833 3292 3291
f 2833 3291 2834
f 2834 3291 3290
f 2834 3290 2835
f 2835 3290 3289
f 2835 3289 2836
f 2836 3289 3288
f 2836 3288 2839
f 2839 3288 3287
f 2839 3287 2840
f 2840 3287 3284
f 2840 3284 2822
f 2822 3284 3283
f 2822 3283 2823
f 2823 3283 3282
f 2823 3282 2824
f 2824 3282 3281
f 2824 3281 2805
f 2805 3281 3280
f 2917 3191 2918
f 2918 3191 3190
f 2918 3190 2903
f 2903 3190 3176
f 2903 3176 2904
f 2904 3176 3175
f 2904 3175 2905
f 2905 3175 3189
f 2905 3189 2914
f 2914 3189 3188
f 2914 3188 2915
f 2915 3188 3171
f 2915 3171 2895
f 2895 3171 3170
f 2895 3170 2896
f 2896 3170 3187
f 2896 3187 2883
f 2883 3187 3186
f 2883 3186 2884
f 2884 3186 3185
f 2884 3185 2886
f 2886 3185 3184
f 2886 3184 2887
f 2887 3184 3183
f 2887 3183 2906
f 2906 3183 3182
f 2906 3182 2907
f 2907 3182 3181
f 2907 3181 2908
f 2908 3181 3202
f 2908 3202 2909
f 2909 3202 3201
f 2909 3201 2910
f 2910 3201 3197
f 2910 3197 2897
f 2897 3197 3196
f 2897 3196 2898
f 2898 3196 3200
f 2898 3200 2888
f 2888 3200 3199
f 2888 3199 2889
f 2889 3199 3198
f 2889 3198 2899
f 2899 3198 3195
f 2899 3195 2900
f 2900 3195 3194
f 2900 3194 2890
f 2890 3194 3193
f 2890 3193 2891
f 2891 3193 3180
f 2891 3180 2901
f 2901 3180 3179
f 2901 3179 2902
f 2902 3179 3178
f 2902 3178 2881
f 2881 3178 3177
f 2881 3177 2882
f 2882 3177 3174
f 2882 3174 2892
f 2892 3174 3173
f 2892 3173 2893
f 2893 3173 3172
f 2893 3172 2894
f 2894 3172 3169
f 2894 3169 2911
f 2911 3169 3168
f 2911 3168 2912
f 2912 3168 3166
f 2912 3166 2913
f 2913 3166 3165
f 2913 3165 2916
f 2916 3165 3192
f 2916 3192 2917
f 2917 3192 3191
f 2948 3107 2949
f 2949 3107 3154
f 2949 3154 2950
f 2950 3154 3153
f 2950 3153 2958
f 2958 3153 3152
f 2958 3152 2959
f 2959 3152 3131
f 2959 3131 2923
f 2923 3131 3151
f 2923 3151 2924
f 2924 3151 3150
f 2924 3150 2939
f 2939 3150 3148
f 2939 3148 2940
f 2940 3148 3147
f 2940 3147 2929
f 2929 3147 3155
f 2929 3155 2925
f 2925 3155 3134
f 2925 3134 2926
f 2926 3134 3129
f 2926 3129 2927
f 2927 3129 3128
f 2927 3128 2928
f 2928 3128 3127
f 2928 3127 2930
f 2930 3127 3126
f 2930 3126 2931
f 2931 3126 3146
f 2931 3146 2932
f 2932 3146 3145
f 2932 3145 2951
f 2951 3145 3144
f 2951 3144 2952
f 2952 3144 3162
f 2952 3162 2953
f 2953 3162 3161
f 2953 3161 2941
f 2941 3161 3160
f 2941 3160 2942
f 2942 3160 3159
f 2942 3159 2954
f 2954 3159 3158
f 2954 3158 2955
f 2955 3158 3140
f 2955 3140 2943
f 2943 3140 3139
f 2943 3139 2944
f 2944 3139 3138
f 2944 3138 2956
f 2956 3138 3137
f 2956 3137 2957
f 2957 3137 3143
f 2957 3143 2933
f 2933 3143 3142
f 2933 3142 2934
f 2934 3142 3141
f 2934 3141 2945
f 2945 3141 3125
f 2945 3125 2946
f 2946 3125 3124
f 2946 3124 2935
f 2935 3124 3123
f 2935 3123 2936
f 2936 3123 3106
f 2936 3106 2937
f 2937 3106 3105
f 2937 3105 2938
f 2938 3105 3109
f 2938 3109 2947
f 2947 3109 3108
f 2947 3108 2948
f 2948 3108 3107
f 2513 3110 2514
f 2514 3110 3097
f 2514 3097 2534
f 2534 3097 3096
f 2534 3096 2535
f 2535 3096 3095
f 2535 3095 2527
f 2527 3095 3092
f 2527 3092 2528
f 2528 3092 3093
f 2528 3093 2493
f 2493 3093 3094
f 2493 3094 2494
f 2494 3094 3088
f 2494 3088 2516
f 2516 3088 3087
f 2516 3087 2517
f 2517 3087 3104
f 2517 3104 2519
f 2519 3104 3103
f 2519 3103 2520
f 2520 3103 3101
f 2520 3101 2529
f 2529 3101 3100
f 2529 3100 2530
f 2530 3100 3122
f 2530 3122 2531
f 2531 3122 3121
f 2531 3121 2503
f 2503 3121 3120
f 2503 3120 2504
f 2504 3120 3119
f 2504 3119 2506
f 2506 3119 3118
f 2506 3118 2507
f 2507 3118 3117
f 2507 3117 2508
f 2508 3117 3116
f 2508 3116 2509
f 2509 3116 3115
f 2509 3115 2497
f 2497 3115 3114
f 2497 3114 2498
f 2498 3114 3113
f 2498 3113 2510
f 2510 3113 3099
f 2510 3099 2511
f 2511 3099 3098
f 2511 3098 2512
f 2512 3098 3136
f 2512 3136 2532
f 2532 3136 3135
f 2532 3135 2533
f 2533 3135 3157
f 2533 3157 2499
f 2499 3157 3156
f 2499 3156 2500
f 2500 3156 3149
f 2500 3149 2502
f 2502 3149 3133
f 2502 3133 2521
f 2521 3133 3132
f 2521 3132 2522
f 2522 3132 3130
f 2522 3130 2523
f 2523 3130 3091
f 2523 3091 2524
f 2524 3091 3090
f 2524 3090 2525
f 2525 3090 3112
f 2525 3112 2526
f 2526 3112 3111
f 2526 3111 2513
f 2513 3111 3110
f 2630 3279 2631
f 2631 3279 3278
f 2631 3278 2636
f 2636 3278 3277
f 2636 3277 2637
f 2637 3277 3276
f 2637 3276 2638
f 2638 3276 3275
f 2638 3275 2639
f 2639 3275 3274
f 2639 3274 2640
f 2640 3274 3258
f 2640 3258 2641
f 2641 3258 3257
f 2641 3257 2642
f 2642 3257 3256
f 2642 3256 2613
f 2613 3256 3250
f 2613 3250 2614
f 2614 3250 3273
f 2614 3273 2616
f 2616 3273 3272
f 2616 3272 2617
f 2617 3272 3271
f 2617 3271 2618
f 2618 3271 3270
f 2618 3270 2619
f 2619 3270 3269
f 2619 3269 2620
f 2620 3269 3268
f 2620 3268 2621
f 2621 3268 3267
f 2621 3267 2622
f 2622 3267 3266
f 2622 3266 2612
f 2612 3266 3265
f 2612 3265 2610
f 2610 3265 3264
f 2610 3264 2611
f 2611 3264 3263
f 2611 3263 2623
f 2623 3263 3249
f 2623 3249 2624
f 2624 3249 3248
f 2624 3248 2625
f 2625 3248 3262
f 2625 3262 2628
f 2628 3262 3261
f 2628 3261 2629
f 2629 3261 3255
f 2629 3255 2608
f 2608 3255 3254
f 2608 3254 2609
f 2609 3254 3253
f 2609 3253 2626
f 2626 3253 3243
f 2626 3243 2627
f 2627 3243 3242
f 2627 3242 2634
f 2634 3242 3244
f 2634 3244 2635
f 2635 3244 3246
f 2635 3246 2632
f 2632 3246 3247
f 2632 3247 2633
f 2633 3247 3260
f 2633 3260 2643
f 2643 3260 3259
f 2643 3259 2644
f 2644 3259 3252
f 2644 3252 2645
f 2645 3252 3251
f 2645 3251 2630
f 2630 3251 3279
f 2682 3443 2683
f 2683 3443 3464
f 2683 3464 2684
f 2684 3464 3466
f 2684 3466 2685
f 2685 3466 3465
f 2685 3465 2686
f 2686 3465 3452
f 2686 3452 2667
f 2667 3452 3451
f 2667 3451 2668
f 2668 3451 3450
f 2668 3450 2670
f 2670 3450 3449
f 2670 3449 2671
f 2671 3449 3463
f 2671 3463 2672
f 2672 3463 3462
f 2672 3462 2673
f 2673 3462 3461
f 2673 3461 2674
f 2674 3461 3442
f 2674 3442 2650
f 2650 3442 3441
f 2650 3441 2651
f 2651 3441 3440
f 2651 3440 2652
f 2652 3440 3439
f 2652 3439 2653
f 2653 3439 3460
f 2653 3460 2654
f 2654 3460 3459
f 2654 3459 2655
f 2655 3459 3458
f 2655 3458 2656
f 2656 3458 3469
f 2656 3469 2657
f 2657 3469 3468
f 2657 3468 2658
f 2658 3468 3467
f 2658 3467 2661
f 2661 3467 3457
f 2661 3457 2662
f 2662 3457 3456
f 2662 3456 2659
f 2659 3456 3455
f 2659 3455 2660
f 2660 3455 3438
f 2660 3438 2663
f 2663 3438 3437
f 2663 3437 2664
f 2664 3437 3436
f 2664 3436 2665
f 2665 3436 3448
f 2665 3448 2647
f 2647 3448 3447
f 2647 3447 2648
f 2648 3447 3446
f 2648 3446 2675
f 2675 3446 3435
f 2675 3435 2676
f 2676 3435 3434
f 2676 3434 2677
f 2677 3434 3433
f 2677 3433 2678
f 2678 3433 3454
f 2678 3454 2679
f 2679 3454 3453
f 2679 3453 2680
f 2680 3453 3445
f 2680 3445 2681
f 2681 3445 3444
f 2681 3444 2682
f 2682 3444 3443
f 3470 3471 3472
f 3473 3474 3472
f 3472 3474 3475
f 3472 3475 3470
f 3476 3477 3472
f 3472 3477 3478
f 3472 3478 3473
f 3479 3480 3472
f 3472 3480 3481
f 3472 3481 3476
f 3482 3483 3472
f 3472 3483 3484
f 3472 3484 3479
f 3485 3486 3472
f 3472 3486 3487
f 3472 3487 3482
f 3488 3489 3472
f 3472 3489 3490
f 3472 3490 3485
f 3491 3492 3472
f 3472 3492 3493
f 3472 3493 3488
f 3494 3495 3472
f 3472 3495 3496
f 3472 3496 3491
f 3497 3498 3472
f 3472 3498 3499
f 3472 3499 3494
f 3500 3501 3472
f 3472 3501 3502
f 3472 3502 3497
f 3503 3504 3472
f 3472 3504 3505
f 3472 3505 3500
f 3471 3506 3472
f 3472 3506 3507
f 3472 3507 3503
f 3470 3508 3471
f 3471 3508 3509
f 3471 3509 3506
f 3506 3509 3510
f 3506 3510 3507
f 3507 3510 3511
f 3507 3511 3503
f 3503 3511 3512
f 3503 3512 3504
f 3504 3512 3513
f 3504 3513 3505
f 3505 3513 3514
f 3505 3514 3500
f 3500 3514 3515
f 3500 3515 3501
f 3501 3515 3516
f 3501 3516 3502
f 3502 3516 3517
f 3502 3517 3497
f 3497 3517 3518
f 3497 3518 3498
f 3498 3518 3519
f 3498 3519 3499
f 3499 3519 3520
f 3499 3520 3494
f 3494 3520 3521
f 3494 3521 3495
f 3495 3521 3522
f 3495 3522 3496
f 3496 3522 3523
f 3496 3523 3491
f 3491 3523 3524
f 3491 3524 3492
f 3492 3524 3525
f 3492 3525 3493
f 3493 3525 3526
f 3493 3526 3488
f 3488 3526 3527
f 3488 3527 3489
f 3489 3527 3528
f 3489 3528 3490
f 3490 3528 3529
f 3490 3529 3485
f 3485 3529 3530
f 3485 3530 3486
f 3486 3530 3531
f 3486 3531 3487
f 3487 3531 3532
f 3487 3532 3482
f 3482 3532 3533
f 3482 3533 3483
f 3483 3533 3534
f 3483 3534 3484
f 3484 3534 3535
f 3484 3535 3479
f 3479 3535 3536
f 3479 3536 3480
f 3480 3536 3537
f 3480 3537 3481
f 3481 3537 3538
f 3481 3538 3476
f 3476 3538 3539
f 3476 3539 3477
f 3477 3539 3540
f 3477 3540 3478
f 3478 3540 3541
f 3478 3541 3473
f 3473 3541 3542
f 3473 3542 3474
f 3474 3542 3543
f 3474 3543 3475
f 3475 3543 3544
f 3475 3544 3470
f 3470 3544 3508
f 3508 3544 3545
f 3511 3510 3545
f 3545 3510 3509
f 3545 3509 3508
f 3514 3513 3545
f 3545 3513 3512
f 3545 3512 3511
f 3517 3516 3545
f 3545 3516 3515
f 3545 3515 3514
f 3520 3519 3545
f 3545 3519 3518
f 3545 3518 3517
f 3523 3522 3545
f 3545 3522 3521
f 3545 3521 3520
f 3526 3525 3545
f 3545 3525 3524
f 3545 3524 3523
f 3529 3528 3545
f 3545 3528 3527
f 3545 3527 3526
f 3532 3531 3545
f 3545 3531 3530
f 3545 3530 3529
f 3535 3534 3545
f 3545 3534 3533
f 3545 3533 3532
f 3538 3537 3545
f 3545 3537 3536
f 3545 3536 3535
f 3541 3540 3545
f 3545 3540 3539
f 3545 3539 3538
f 3544 3543 3545
f 3545 3543 3542
f 3545 3542 3541
