# component mesh in local component coordinates
v 11.25 5 5
v 11.25 5 -5
v 11.25 0 -13
v 11.25 0 13
v 11.25 4 13
v 11.25 29 5
v 11.25 38 13
v 11.25 29 -5
v 11.25 38 -13
v 11.25 4 -13
v 19.25 5 5
v 19.25 4 13
v 19.25 5 -5
v 19.25 4 -13
v 19.25 29 -5
v 19.25 38 -13
v 19.25 29 5
v 19.25 38 13
v 33.513504 4 50.5196609
v 38.6935577 4 46.6711884
v 38.3585205 4 41.9955673
v 39.9402695 4 41.860939
v 39.4232254 4 41.9955673
v 38.8908768 4 42.0408783
v 38.0496674 4 30.8743057
v 38.0971451 4 35.842514
v 38.6237335 4 35.7522202
v 47.6846924 4 37.4374313
v 41.9028015 4 37.968483
v 42.015358 4 38.4907684
v 41.5731888 4 40.5424423
v 41.2554932 4 40.9720001
v 43.4351883 4 42.2939148
v 40.8697662 4 41.3416901
v 40.4271164 4 41.6408691
v 37.8414841 4 41.860939
v 37.3546371 4 41.6408691
v 27.9537354 4 53.795723
v 36.9119797 4 41.3416901
v 22.07724 4 56.4622574
v 36.5262604 4 40.9720001
v 41.4342041 4 26.1573486
v 39.1580124 4 35.7522202
v 39.6846085 4 35.842514
v 48.8064423 4 4.35099792
v 47.9492722 4 10.0929565
v 60.625 4 -0.00171661377
v 46.4189911 4 15.693222
v 40.6547928 4 36.2810669
v 60.0886459 4 8.0464859
v 40.1883621 4 36.0205078
v 60.6035156 4 1.61387253
v 41.7035904 4 37.4727325
v 51.3939056 4 32.1567688
v 41.4234619 4 37.0177765
v 54.5207977 4 26.5117569
v 41.0704803 4 36.6167145
v 57.0299606 4 20.5663605
v 58.8929367 4 14.3879318
v 19.7530518 4 44.8421402
v 35.9680252 4 40.0653687
v 24.9180298 4 42.1911392
v 35.8115768 4 39.554512
v 29.7332077 4 38.9478683
v 35.7437134 4 39.0245667
v 35.7663879 4 38.4907684
v 35.878952 4 37.968483
v 34.1310043 4 35.1578598
v 36.0781555 4 37.4727325
v 36.358284 4 37.0177765
v 36.7112656 4 36.6167145
v 37.1269531 4 36.2810669
v 37.5933838 4 36.0205078
v 44.2370911 4 21.0731964
v 42.0380402 4 39.0245667
v 41.9701691 4 39.554512
v 41.8137283 4 40.0653687
v 14.3107834 4 46.8636475
v 3.22659683 4 60.5390778
v 36.2085571 4 40.5424423
v 9.64322662 4 59.8531494
v 15.950592 4 58.4890518
v 35.9680252 4 -37.7163696
v 35.8115768 4 -38.2272339
v 31.9882889 4 -37.1180496
v 39.9402695 4 -35.9208069
v 39.4232254 4 -35.7861786
v 27.3736954 4 -40.6408768
v 39.8118591 4 -28.5659943
v 38.3585205 4 -35.7861786
v 36.1538315 4 -33.0741653
v 37.8414841 4 -35.9208069
v 37.3546371 4 -36.1408768
v 41.1226578 4 -44.5456848
v 39.6846085 4 -41.9392319
v 40.1883621 4 -41.7612381
v 41.7035904 4 -40.3090134
v 41.9028015 4 -39.8132629
v 45.6246033 4 -39.9222488
v 45.4077911 4 -18.4155502
v 47.2671432 4 -12.9157715
v 48.4629669 4 -7.23468018
v 40.6547928 4 -41.500679
v 41.0704803 4 -41.1650314
v 41.4234619 4 -40.7639656
v 42.015358 4 -39.2909775
v 42.0380402 4 -38.7571793
v 49.6096039 4 -34.846489
v 48.9784851 4 -1.45203018
v 49 4 0.00191497803
v 39.1580124 4 -42.0295258
v 36.1547699 4 -48.6643944
v 38.6237335 4 -42.0295258
v 40.4271164 4 -36.1408768
v 60.4317245 4 -4.83703232
v 40.8697662 4 -36.4400558
v 42.9110107 4 -23.6568146
v 38.8908768 4 -35.7408752
v 36.9119797 4 -36.4400558
v 36.5262604 4 -36.8097458
v 36.2085571 4 -37.2393036
v 36.7112656 4 -41.1650314
v 37.1269531 4 -41.500679
v 30.7772369 4 -52.2317162
v 37.5933838 4 -41.7612381
v 38.0971451 4 -41.9392319
v 59.5752258 4 -11.2331276
v 58.0437164 4 -17.5019455
v 41.2554932 4 -36.8097458
v 55.8545456 4 -23.572464
v 41.5731888 4 -37.2393036
v 53.0325165 4 -29.3758945
v 41.8137283 4 -37.7163696
v 41.9701691 4 -38.2272339
v 5.79538727 4 -48.6560707
v 11.5094147 4 -47.6291199
v 0 4 -60.625
v 17.061882 4 -45.9335632
v 25.0509872 4 -55.2072334
v 19.0409012 4 -57.5572281
v 36.358284 4 -40.7639656
v 12.8150711 4 -59.2550812
v 36.0781555 4 -40.3090134
v 6.44404602 4 -60.2815475
v 35.878952 4 -39.8132629
v 22.3748322 4 -43.5931969
v 35.7663879 4 -39.2909775
v 35.7437134 4 -38.7571793
v -39.8118553 4 -28.5659943
v -38.8908691 4 -35.7408752
v -42.9110107 4 -23.6568146
v -39.4232254 4 -35.7861786
v -39.9402618 4 -35.9208069
v -41.8137207 4 -37.7163696
v -41.9701691 4 -38.2272339
v -49.6096039 4 -34.846489
v -45.6245995 4 -39.9222488
v -42.0380325 4 -38.7571793
v -42.015358 4 -39.2909775
v -41.4234619 4 -40.7639656
v -41.122654 4 -44.5456848
v -41.0704803 4 -41.1650314
v -40.6547928 4 -41.500679
v -36.1538315 4 -33.0741653
v -36.5262527 4 -36.8097458
v -36.9119797 4 -36.4400558
v -37.3546295 4 -36.1408768
v -37.8414841 4 -35.9208069
v -38.3585205 4 -35.7861786
v -41.9027977 4 -39.8132629
v -41.7035866 4 -40.3090134
v -39.1580124 4 -42.0295258
v -36.1547699 4 -48.6643944
v -39.6846008 4 -41.9392319
v -40.1883583 4 -41.7612381
v -38.6237335 4 -42.0295258
v -38.0971413 4 -41.9392319
v -30.7772369 4 -52.2317162
v -48.9784775 4 -1.45203018
v -48.4629669 4 -7.23468018
v -60.625 4 -0.00171661377
v -47.2671432 4 -12.9157715
v -40.8697624 4 -36.4400558
v -59.5752258 4 -11.2331276
v -40.4271088 4 -36.1408768
v -60.4317245 4 -4.83703232
v -36.2085533 4 -37.2393036
v -31.9882832 4 -37.1180496
v -35.9680252 4 -37.7163696
v -45.4077911 4 -18.4155502
v -41.5731888 4 -37.2393036
v -53.0325127 4 -29.3758945
v -41.2554855 4 -36.8097458
v -55.854538 4 -23.572464
v -58.0437088 4 -17.5019455
v -37.5933838 4 -41.7612381
v -37.1269493 4 -41.500679
v -25.0509872 4 -55.2072334
v -36.7112617 4 -41.1650314
v -35.8789444 4 -39.8132629
v -35.7663841 4 -39.2909775
v -27.3736916 4 -40.6408768
v -35.7437057 4 -38.7571793
v -35.8115692 4 -38.2272339
v -22.3748322 4 -43.5931969
v -17.0618782 4 -45.9335632
v -11.5094147 4 -47.6291199
v -36.0781555 4 -40.3090134
v -6.44404221 4 -60.2815475
v -36.3582802 4 -40.7639656
v -12.8150711 4 -59.2550812
v -19.0409012 4 -57.5572281
v -5.79538345 4 -48.6560707
v 0 4 -48.9999962
v -38.6935501 4 46.6711884
v -38.8908691 4 42.0408783
v -39.4232254 4 41.9955673
v -33.513504 4 50.5196609
v -37.3546295 4 41.6408691
v -37.8414841 4 41.860939
v -38.3585205 4 41.9955673
v -39.9402618 4 41.860939
v -40.4271088 4 41.6408691
v -43.4351883 4 42.2939148
v -40.8697624 4 41.3416901
v -41.2554855 4 40.9720001
v -38.0496674 4 30.8743057
v -38.0971413 4 35.842514
v -37.5933838 4 36.0205078
v -29.7332058 4 38.9478683
v -35.7663841 4 38.4907684
v -35.7437057 4 39.0245667
v -36.9119797 4 41.3416901
v -27.9537315 4 53.795723
v -36.5262527 4 40.9720001
v -41.5731888 4 40.5424423
v -41.8137207 4 40.0653687
v -47.6846848 4 37.4374313
v -41.9701691 4 39.554512
v -42.0380325 4 39.0245667
v -40.6547928 4 36.2810669
v -58.8929329 4 14.3879318
v -41.0704803 4 36.6167145
v -57.029953 4 20.5663605
v -41.4234619 4 37.0177765
v -54.5207939 4 26.5117569
v -41.7035866 4 37.4727325
v -51.393898 4 32.1567688
v -41.9027977 4 37.968483
v -42.015358 4 38.4907684
v -46.4189911 4 15.693222
v -47.9492683 4 10.0929565
v -34.1310005 4 35.1578598
v -37.1269493 4 36.2810669
v -36.7112617 4 36.6167145
v -24.9180222 4 42.1911392
v -35.8115692 4 39.554512
v -35.9680252 4 40.0653687
v -39.6846008 4 35.842514
v -40.1883583 4 36.0205078
v -60.6035118 4 1.61387253
v -60.0886383 4 8.0464859
v -48.8064423 4 4.35099792
v -48.9999962 4 0.00191497803
v -22.0772324 4 56.4622574
v -15.950592 4 58.4890518
v -36.2085533 4 40.5424423
v -9.64322281 4 59.8531494
v -44.2370911 4 21.0731964
v -41.4342003 4 26.1573486
v -39.1580124 4 35.7522202
v -38.6237335 4 35.7522202
v -36.3582802 4 37.0177765
v -36.0781555 4 37.4727325
v -35.8789444 4 37.968483
v -3.22659302 4 60.5390778
v -8.66762161 4 48.2273026
v -14.3107796 4 46.8636475
v 8.66762543 4 48.2273026
v 2.90279388 4 48.9139481
v 0 4 60.625
v 0 4 49
v -2.90279007 4 48.9139481
v -19.7530479 4 44.8421402
v 41.1226578 0 -44.5456848
v 37.0954361 0 -42.7954369
v 36.1547699 0 -48.6643944
v 29.479538 0 22.3597183
v 32.1253662 0 18.3565063
v 33.033699 0 29.7752991
v 18.8082199 0 40.8809357
v 23.6894455 0 38.2597733
v 33.033699 0 42.7954407
v 28.2115707 0 35.0586243
v 29.0674057 0 34.3523865
v 2.77024078 0 44.91465
v 0 0 60.625
v -2.77024078 0 44.91465
v -3.22659302 0 60.5390778
v -8.26872635 0 44.2337875
v 33.513504 0 50.5196609
v 27.9537354 0 53.795723
v 13.6418686 0 42.8823929
v 22.07724 0 56.4622574
v 15.950592 0 58.4890518
v 8.26873016 0 44.2337875
v 9.64322662 0 59.8531494
v 3.22659683 0 60.5390778
v -9.64322281 0 59.8531494
v -15.950592 0 58.4890518
v -13.6418686 0 42.8823929
v -22.0772324 0 56.4622574
v -27.9537315 0 53.795723
v -38.7467041 0 37.1969986
v -39.0350418 0 37.1969986
v -42.7954369 0 29.7752991
v -39.3192368 0 37.2457275
v -39.5911026 0 37.3417892
v -39.8428268 0 37.4824066
v -32.3060379 0 31.3260269
v -37.7145767 0 37.6635513
v -37.9389114 0 37.4824066
v -40.0671692 0 37.6635513
v -40.2576637 0 37.8799973
v -40.408844 0 38.1255264
v -42.7954369 0 42.7954407
v -40.5527153 0 39.2490311
v -40.4682808 0 39.5247345
v -40.5163574 0 38.393074
v -40.5771027 0 38.674942
v -40.5893402 0 38.963028
v -40.3384705 0 39.782196
v -40.1670151 0 40.0140228
v -39.9588432 0 40.2135315
v -35.9107742 0 27.1185608
v -38.1906395 0 37.3417892
v -38.4625092 0 37.2457275
v -37.4432716 0 39.782196
v -37.3134613 0 39.5247345
v -37.2290268 0 39.2490311
v -18.8082123 0 40.8809357
v -37.1924019 0 38.963028
v -23.6894455 0 38.2597733
v -37.2046394 0 38.674942
v -28.2115707 0 35.0586243
v -37.2653885 0 38.393074
v -37.3728943 0 38.1255264
v -37.5240784 0 37.8799973
v -38.0617905 0 40.375
v -37.8228989 0 40.2135315
v -37.614727 0 40.0140228
v -39.7199516 0 40.375
v -39.4572067 0 40.4937668
v -39.1781731 0 40.5664215
v -38.8908691 0 40.5908737
v -38.603569 0 40.5664215
v -38.3245316 0 40.4937668
v -38.9711456 0 22.5
v -41.4407463 0 17.5403671
v -55.854538 0 -23.572464
v -53.0325127 0 -29.3758945
v -42.7954369 0 -29.7752914
v -43.2821541 0 12.3148346
v -51.393898 0 32.1567688
v -54.5207939 0 26.5117569
v -58.0437088 0 -17.5019455
v -42.4419479 0 -14.9559631
v -59.5752258 0 -11.2331276
v -43.9581757 0 -9.62698746
v -60.4317245 0 -4.83703232
v -44.8080368 0 -4.15207291
v -60.6035118 0 1.61387253
v -44.978653 0 1.38578033
v -60.0886383 0 8.0464859
v -44.4674454 0 6.90262604
v -58.8929329 0 14.3879318
v -57.029953 0 20.5663605
v -34.1732178 0 -29.2778225
v -37.5121078 0 -24.8564224
v -40.2823448 0 -20.0582237
v -39.0350418 0 -40.5847473
v -39.3192368 0 -40.5360184
v -42.7954369 0 -42.7954369
v -39.5911026 0 -40.4399567
v -39.8428268 0 -40.2993393
v -40.0671692 0 -40.1181946
v -37.5240784 0 -39.9017487
v -37.7145767 0 -40.1181946
v -10.9761162 0 -43.6408615
v -37.9389114 0 -40.2993393
v -40.2576637 0 -39.9017487
v -40.408844 0 -39.6562157
v -40.5163574 0 -39.3886719
v -16.2558708 0 -41.9612465
v -37.2046394 0 -39.1068039
v -37.2653885 0 -39.3886719
v -38.1906395 0 -40.4399567
v -38.4625092 0 -40.5360184
v -38.7467041 0 -40.5847473
v -40.5527153 0 -38.5327148
v -40.5893402 0 -38.8187218
v -40.5771027 0 -39.1068039
v -40.4682808 0 -38.2570152
v -40.3384705 0 -37.9995499
v -40.1670151 0 -37.7677231
v -37.3728943 0 -39.6562157
v -37.1924019 0 -38.8187218
v -21.2892075 0 -39.645546
v -37.2290268 0 -38.5327148
v -25.9998207 0 -36.7288589
v -37.3134613 0 -38.2570152
v -30.3163033 0 -33.2554016
v -37.4432716 0 -37.9995499
v -39.9588432 0 -37.5682106
v -39.7199516 0 -37.4067459
v -39.4572067 0 -37.2879791
v -38.3245316 0 -37.2879791
v -38.0617905 0 -37.4067459
v -37.8228989 0 -37.5682106
v -37.614727 0 -37.7677231
v -39.1781731 0 -37.2153244
v -38.8908691 0 -37.1908722
v -38.603569 0 -37.2153244
v -30.7772369 0 -52.2317162
v -25.0509872 0 -55.2072334
v -19.0409012 0 -57.5572281
v -12.8150711 0 -59.2550812
v -5.52997208 0 -44.6589203
v -6.44404221 0 -60.2815475
v 0 0 -45
v 0 0 -60.625
v 5.52997589 0 -44.6589203
v 6.44404602 0 -60.2815475
v 10.97612 0 -43.6408615
v 12.8150711 0 -59.2550812
v 16.2558746 0 -41.9612465
v 30.7772369 0 -52.2317162
v 33.033699 0 -42.7954369
v 25.0509872 0 -55.2072334
v 19.0409012 0 -57.5572281
v 33.033699 0 -29.7752914
v 29.0674057 0 -34.3523827
v 25.9998245 0 -36.7288589
v 21.2892151 0 -39.645546
v 24.25 0 16.0926361
v 24.25 0 -16.0926323
v 29.479538 0 -22.3597145
v 32.1253662 0 -18.3565025
v 34.2308502 0 -14.0445404
v 42.9155807 0 42.8210678
v 38.6935577 0 46.6711884
v 37.0954361 0 42.7954407
v 39.5911026 0 37.3417892
v 39.3192368 0 37.2457275
v 37.0954361 0 29.7752991
v 39.0350494 0 37.1969986
v 38.7467041 0 37.1969986
v 38.4625092 0 37.2457275
v 38.1906433 0 37.3417892
v 37.9389191 0 37.4824066
v 54.5207977 0 26.5117569
v 40.0671692 0 37.6635513
v 39.8428345 0 37.4824066
v 37.7145767 0 37.6635513
v 37.5240784 0 37.8799973
v 37.3729019 0 38.1255264
v 37.2653885 0 38.393074
v 37.2046432 0 38.674942
v 37.1924057 0 38.963028
v 37.2290268 0 39.2490311
v 37.3134613 0 39.5247345
v 37.4432755 0 39.782196
v 37.6147308 0 40.0140228
v 39.4572144 0 40.4937668
v 39.7199554 0 40.375
v 40.5893402 0 38.963028
v 40.5771027 0 38.674942
v 47.6846924 0 37.4374313
v 40.5163574 0 38.393074
v 51.3939056 0 32.1567688
v 40.408844 0 38.1255264
v 40.2576675 0 37.8799973
v 39.958847 0 40.2135315
v 40.1670151 0 40.0140228
v 43.4351883 0 42.2939148
v 40.3384705 0 39.782196
v 40.4682846 0 39.5247345
v 40.5527191 0 39.2490311
v 37.8228989 0 40.2135315
v 38.0617905 0 40.375
v 38.3245392 0 40.4937668
v 38.603569 0 40.5664215
v 38.8908768 0 40.5908737
v 39.1781769 0 40.5664215
v 37.0954361 0 -29.7752914
v 53.0325165 0 -29.3758945
v 55.8545456 0 -23.572464
v 60.6035156 0 1.61387253
v 60.0886459 0 8.0464859
v 58.8929367 0 14.3879318
v 58.0437164 0 -17.5019455
v 59.5752258 0 -11.2331276
v 60.4317245 0 -4.83703232
v 57.0299606 0 20.5663605
v 39.0350494 0 -40.5847473
v 38.7467041 0 -40.5847473
v 38.4625092 0 -40.5360184
v 37.3134613 0 -38.2570152
v 37.4432755 0 -37.9995499
v 38.1906433 0 -40.4399567
v 37.9389191 0 -40.2993393
v 37.7145767 0 -40.1181946
v 37.5240784 0 -39.9017487
v 37.3729019 0 -39.6562157
v 37.2653885 0 -39.3886719
v 45.6246033 0 -39.9222488
v 40.5771027 0 -39.1068039
v 40.5163574 0 -39.3886719
v 39.8428345 0 -40.2993393
v 39.5911026 0 -40.4399567
v 39.3192368 0 -40.5360184
v 37.2046432 0 -39.1068039
v 37.1924057 0 -38.8187218
v 37.2290268 0 -38.5327148
v 37.6147308 0 -37.7677231
v 37.8228989 0 -37.5682106
v 38.0617905 0 -37.4067459
v 40.408844 0 -39.6562157
v 40.2576675 0 -39.9017487
v 40.0671692 0 -40.1181946
v 49.6096039 0 -34.846489
v 40.5527191 0 -38.5327148
v 40.5893402 0 -38.8187218
v 39.958847 0 -37.5682106
v 40.1670151 0 -37.7677231
v 40.3384705 0 -37.9995499
v 40.4682846 0 -38.2570152
v 38.3245392 0 -37.2879791
v 38.603569 0 -37.2153244
v 38.8908768 0 -37.1908722
v 39.1781769 0 -37.2153244
v 39.4572144 0 -37.2879791
v 39.7199554 0 -37.4067459
v -49.6096039 0 -34.846489
v -45.6245995 0 -39.9222488
v -41.122654 0 -44.5456848
v -36.1547699 0 -48.6643944
v -33.513504 0 50.5196609
v -38.6935501 0 46.6711884
v -43.4351883 0 42.2939148
v -47.6846848 0 37.4374313
v 34.2308502 0 14.044548
v 35.760582 0 9.49636078
v 36.6888428 0 4.78845215
v 37 0 0
v 36.6888428 0 -4.78844833
v 35.760582 0 -9.49635696
v -29.7350941 24 -33.7760849
v -29.7350941 29.4951935 -33.7760849
v -30.3163033 29.4951935 -33.2554016
v -21.3999634 30.7970695 -39.5858765
v -21.2858543 30.7438259 -39.6473465
v -21.2892075 56 -39.645546
v 16.0125961 30.7621231 -42.0546875
v 16.260025 30.6234665 -41.9596405
v 16.2558746 56 -41.9612465
v 29.0674057 4 34.3523865
v -43.0813141 18.6686821 -13
v -43.2821541 18.4678459 12.3148346
v -43.0813141 38 -13
v -42.4419479 56 -14.9559631
v -43.9581757 38 -9.62698746
v -43.9581757 56 -9.62698746
v -44.8080368 38 -4.15207291
v -44.8080368 56 -4.15207291
v -44.978653 38 1.38578033
v -44.978653 56 1.38578033
v -44.4674454 38 6.90262604
v -44.4674454 56 6.90262604
v -43.2821541 38 12.3148346
v -43.2821541 56 12.3148346
v -43.0813141 38 13
v -41.4407463 56 17.5403671
v -43.0813141 18.6686821 13
v -44.4674454 17.2825527 6.90262604
v -43.9581757 17.7918262 9.62699127
v -44.978653 16.7713432 -1.38577652
v -44.978653 16.7713432 1.38578033
v -44.8080368 16.9419632 4.15207672
v -43.9581757 17.7918262 -9.62698746
v -44.4674454 17.2825527 -6.90262222
v -44.8080368 16.9419632 -4.15207291
v 44.4674454 56 6.90262604
v 44.4674454 4 6.90262604
v 43.2821579 56 12.3148346
v 43.2821579 4 12.3148346
v 41.4407501 56 17.5403671
v 41.4407501 4 17.5403671
v 38.9711456 56 22.5
v 38.9711456 4 22.5
v 35.9107742 56 27.1185608
v 35.9107742 4 27.1185608
v 32.3060379 56 31.3260269
v 32.3060379 4 31.3260269
v 28.2115707 56 35.0586243
v 44.8089218 16.7998753 4.14254761
v 44.7687607 16.0595074 4.55614471
v 44.9786606 56 1.38578033
v 44.9786224 18.803751 1.38707733
v 44.9761734 18.7808323 1.46411514
v 44.9436646 18.4646282 2.25102234
v 44.9016724 18.0199852 2.97316742
v 44.8549881 17.4596939 3.60977936
v 44.7391052 15.2598896 4.83866882
v 44.7233734 14.4240294 4.981987
v 44.7233734 13.5759706 4.981987
v 44.7391052 12.7401104 4.83866882
v 44.7687607 11.9404945 4.55614471
v 44.8089218 11.2001266 4.14254761
v 44.8549881 10.5403061 3.60977936
v 44.9016724 9.9800148 2.97316742
v 44.9436646 9.53537083 2.25102234
v 44.9786606 4 1.38578033
v 44.9761734 9.2191658 1.46411514
v 44.9786224 9.19624996 1.38707733
v 44.9955215 9.04049778 0.635089874
v 44.9995041 9.00450516 -0.212203979
v 44.8080368 4 -4.15207291
v 44.9876709 9.11222363 -1.05339432
v 44.9613724 9.3605547 -1.8642807
v 44.9235764 9.74235439 -2.62153625
v 44.8785858 10.2466383 -3.30337143
v 44.7293396 13.1549959 -4.9280777
v 44.7213593 14 -5
v 43.9581757 4 -9.62698746
v 44.7523727 12.334301 -4.71438599
v 44.8315353 10.8589001 -3.89017868
v 44.8066788 11.2362919 -4.16676331
v 44.787796 11.5615253 -4.36507034
v 30.3163071 56 -33.2554016
v 30.3163071 4 -33.2554016
v 34.1732254 56 -29.2778225
v 34.1732254 4 -29.2778225
v 37.5121078 56 -24.8564224
v 37.5121078 4 -24.8564224
v 40.2823486 56 -20.0582237
v 40.2823486 4 -20.0582237
v 42.4419479 56 -14.9559631
v 42.4419479 4 -14.9559631
v 43.9581757 56 -9.62698746
v 44.7293396 14.8450041 -4.9280777
v 27.9946518 30.4881878 -35.2320786
v 28.3918304 30.1286659 -34.9128075
v 28.3918304 30.960577 -34.9128075
v 27.6132202 30.7357979 -35.5318222
v 26.17276 31.0826912 -36.6058273
v 26.2486572 31.0815239 -36.5514374
v 25.9998245 56 -36.7288589
v 26.7817307 31.0278835 -36.162674
v 27.2178726 30.9104919 -35.835556
v 29.0674057 4 -34.3523827
v 30.1014481 30.960577 -33.4500122
v 30.1014481 24 -33.4500122
v 28.3918304 24 -34.9128075
v 27.6237259 28.2797623 -35.5236473
v 28.0838623 28.7785912 -35.1610107
v 28.0068512 28.896368 -35.2223816
v 27.8466644 29.082943 -35.3491631
v 27.6668625 29.2334862 -35.4900665
v 27.4692764 29.3515911 -35.6432152
v 27.2514572 29.436594 -35.8100281
v 27.048378 29.4819717 -35.9636688
v 26.8424911 29.4951935 -36.1175957
v 28.3792191 27.5505543 -34.9230576
v 28.3313522 28.0325413 -34.9618988
v 28.3005219 28.2123547 -34.9868622
v 28.2557449 28.3856258 -35.0230331
v 28.2099838 28.5216885 -35.0598984
v 28.1528702 28.651865 -35.1057816
v 26.7458496 29.4910355 -36.1892166
v 28.3918304 27.064333 -34.9128075
v 26.5311661 29.4617329 -36.3469009
v 26.3783112 29.4143372 -36.4579849
v 26.2320786 29.3432636 -36.563343
v 26.1020432 29.2534752 -36.6562881
v 25.9865112 29.1425056 -36.7382812
v 44.7523727 15.665699 -4.71438599
v 44.787796 16.4384747 -4.36507034
v 44.8080368 56 -4.15207291
v 44.8066788 16.7637081 -4.16676331
v 44.8315353 17.1410999 -3.89017868
v 44.8785858 17.7533607 -3.30337143
v 44.9235764 18.2576466 -2.62153625
v 44.9613724 18.6394463 -1.8642807
v 44.9876709 18.8877773 -1.05339432
v 44.9995041 18.9954948 -0.212203979
v 44.9955215 18.9595013 0.635089874
v 12.9692383 30.6274757 -43.0905876
v 13.3947678 30.8463249 -42.9602127
v 12.3947144 30.960577 -43.259346
v 12.3947144 30.1763668 -43.259346
v 12.5771942 30.3423233 -43.206646
v 16.1802902 27.4936447 -41.9904556
v 16.1504517 27.8862247 -42.0019379
v 13.3947678 29.3294392 -42.9602127
v 16.1131439 28.065731 -42.0162621
v 16.0618057 28.2408524 -42.0359192
v 15.9520721 28.4908886 -42.0776825
v 15.7835007 28.7554722 -42.141201
v 15.562149 28.9967651 -42.2234421
v 16.1130447 26.9144001 -42.016304
v 12.305748 27.9158497 -43.2847366
v 12.2725983 27.4993687 -43.2941513
v 12.289772 27.1932659 -43.2892761
v 12.3523026 26.860508 -43.2714767
v 12.4505463 26.5816879 -43.243309
v 12.5983429 26.3130741 -43.2004852
v 12.7803497 26.0800323 -43.1469841
v 15.287796 26.1228008 -42.323555
v 13.0256271 25.8536892 -43.0735741
v 13.252594 25.7044773 -43.0042839
v 13.5187073 25.5843239 -42.9213715
v 13.8042679 25.504343 -42.8303871
v 14.2359848 25.4653835 -42.6888351
v 12.5187302 26.4437141 -43.2236176
v 16.0674591 26.7635479 -42.0337563
v 15.9436874 26.4754524 -42.0808563
v 15.7939758 26.2396812 -42.1372757
v 14.5029068 25.4820538 -42.5988922
v 14.8015366 25.5412846 -42.4960556
v 15.0739517 25.6448345 -42.4001846
v 15.318718 25.7839241 -42.3123703
v 15.5821838 25.9990654 -42.2160568
v 16.145607 27.0680275 -42.0037994
v 13.3107681 29.2895241 -42.9863167
v 13.0386429 29.1211967 -43.0696373
v 12.8201523 28.9303913 -43.1351776
v 12.633049 28.7109547 -43.1903458
v 12.4826965 28.4657307 -43.2340393
v 12.3799438 28.2165432 -43.2635727
v 15.3434677 29.1726437 -42.3033981
v 15.1047668 29.3108921 -42.3892212
v 15.1047668 31.0473309 -42.3892212
v 15.5402222 30.949297 -42.2315216
v 6.54901886 26.5739632 -44.5208969
v 6.90440369 26.0841942 -44.4671707
v 7.13624573 26.3421955 -44.4305496
v 7.27837372 26.5655975 -44.4074898
v 7.41088104 26.8791218 -44.3855667
v 7.48754883 27.2204075 -44.3726959
v 5.84929657 25.6029186 -44.6182213
v 6.13689423 25.6572399 -44.5795746
v 6.44408417 25.7694893 -44.5362053
v 6.67028046 25.8983288 -44.5028915
v 7.51010132 27.5604267 -44.3688889
v 7.50978851 27.6522865 -44.3689423
v 7.47110748 27.985527 -44.3754692
v 7.39585876 28.2719078 -44.388073
v 7.28154755 28.5303001 -44.4069672
v 7.11255646 28.788826 -44.4343491
v 6.93379974 28.9855518 -44.4625931
v 6.70334625 29.1747913 -44.497921
v 6.47731018 29.3085079 -44.5313873
v 6.72026062 23.0730877 -44.495369
v 6.47311401 24.0412998 -44.5319977
v 6.39889526 22.971159 -44.5427208
v 5.93022919 24 -44.6075363
v 6.05423737 22.9151955 -44.5908737
v 9.05493927 26.3548698 -44.0795631
v 8.85744476 25.8498974 -44.1196747
v 10.6850967 24 -43.7130241
v 5.58486938 25.5874996 -44.6520882
v 5.52980042 25.5873585 -44.6589432
v 6.47731018 31.053484 -44.5313873
v 5.52997589 56 -44.6589203
v 6.93292236 30.9553242 -44.4627304
v 7.390625 30.7744331 -44.3889465
v 7.7901001 30.5352612 -44.3205872
v 8.21035004 30.1820908 -44.2446594
v 10.6850967 30.960577 -43.7130241
v 8.54530334 29.7952728 -44.1811905
v 8.82854462 29.3351364 -44.1254654
v 9.02687073 28.8572636 -44.0853195
v 9.16123199 28.2948418 -44.0575943
v 9.2197113 27.5413475 -44.0453949
v 9.17856598 26.9252968 -44.0539856
v 8.56761169 25.3638439 -44.1768723
v 8.20532227 24.9380646 -44.2455978
v 9.22734833 23.5115376 -44.0437965
v 7.82170868 24.6049995 -44.3150177
v 7.32692719 23.5115376 -44.3995056
v 6.94991302 23.1894951 -44.4600792
v 7.15164948 23.3351765 -44.4280739
v 7.00354004 24.1721783 -44.451664
v 7.42301941 24.3540039 -44.3835373
v 10.97612 30.960577 -43.6408615
v 10.97612 56 -43.6408615
v 10.97612 24 -43.6408615
v 9.0096817 22.9954586 -44.0888367
v 8.76699829 22.6076183 -44.1377335
v 8.48078156 22.2784729 -44.1936264
v 8.09378815 21.9567795 -44.2661324
v 7.65188599 21.6995296 -44.3446579
v 7.15247345 21.5075417 -44.4279404
v 6.54980469 21.3760643 -44.5207825
v 12.8958664 24.3660107 -43.1126022
v 12.3947144 24.7594051 -43.259346
v 12.3947144 24 -43.259346
v 16.2603989 24.3748226 -41.9594955
v 16.0158463 24.2322388 -42.0534477
v 15.534996 24.0288639 -42.2334442
v 15.0450592 23.9135876 -42.4104462
v 14.5508118 23.8778858 -42.58255
v 14.1466446 23.9022102 -42.7185249
v 13.7041779 23.99086 -42.8625183
v 13.2966309 24.1411362 -42.9906921
v 21.0649033 24 -39.7651825
v 19.3552933 24 -40.6247787
v 21.2607193 28.8800087 -39.6608353
v 21.1798477 28.6442223 -39.7040787
v 21.1095428 28.2722073 -39.7415085
v 21.0649033 27.495554 -39.7651825
v 19.4364014 29.2412281 -40.5860367
v 19.4815445 29.4657421 -40.5643845
v 17.6975021 28.7718525 -41.3738861
v 19.8051529 30.1861382 -40.4073715
v 16.4225845 30.514925 -41.8962822
v 17.4898148 29.2789879 -41.4621048
v 16.8693314 30.1325989 -41.7184067
v 17.2260284 29.7142315 -41.5723953
v 19.6508102 29.9384365 -40.4826584
v 19.54245 29.6847591 -40.5350761
v 20.0143738 30.4261456 -40.3041534
v 20.2612839 30.6322784 -40.1805954
v 17.7212906 26.2898731 -41.3637009
v 17.5126953 25.7698669 -41.4524498
v 19.3554382 28.1237736 -40.6247101
v 17.8354874 28.195282 -41.3145905
v 19.3552933 28.0488873 -40.6247787
v 17.8899078 27.4669323 -41.2910538
v 17.8488922 26.8591251 -41.3087997
v 17.7964401 26.5705261 -41.3314209
v 17.2389603 25.3131866 -41.5670319
v 16.8398056 24.8457508 -41.7303352
v 16.4374771 24.4974327 -41.8904419
v 2.01490402 30.960577 -44.9548683
v 3.84663391 30.960577 -44.835289
v 2.72660828 22.4353962 -44.9173164
v 2.55082703 22.67173 -44.9276428
v 0.305290222 24 -44.9989624
v 2.36885071 23.0062542 -44.9376068
v 2.20177078 23.4629669 -44.9461021
v 2.08016205 24.0374565 -44.9518967
v 2.01490402 25.0227165 -44.9548683
v 0.305290222 30.960577 -44.9989624
v 5.60777283 21.3134632 -44.6492195
v 5.52985382 21.3137665 -44.6589355
v 5.08139038 21.3357582 -44.7121849
v 4.34246826 21.4608803 -44.7899857
v 3.84597015 21.625824 -44.8353462
v 3.41597748 21.84585 -44.8701553
v 3.84663391 30.1859074 -44.835289
v 4.35864258 30.5859699 -44.788414
v 4.7673111 30.81423 -44.7467613
v 4.7673111 29.3209019 -44.7467613
v 4.69989014 29.2876244 -44.753891
v 4.62809753 26.5672131 -44.7613716
v 4.45510864 29.1319313 -44.778923
v 4.24164581 28.9415531 -44.7996445
v 4.06848145 28.7327518 -44.8157043
v 3.91753387 28.4764156 -44.8291512
v 3.81855774 28.2190571 -44.8376884
v 5.32200623 25.6022358 -44.6841812
v 4.5358963 25.8879967 -44.7708092
v 4.77754974 25.7529087 -44.7456703
v 5.02775574 25.6611137 -44.7182465
v 3.74671936 27.8933868 -44.84375
v 3.72451782 27.5470715 -44.8455963
v 3.72740936 27.4116039 -44.8453598
v 3.7687912 27.0657673 -44.8419037
v 3.8516922 26.7655468 -44.8348579
v 3.96498871 26.5146885 -44.8249779
v 4.10929108 26.2915535 -44.8119812
v 4.31270599 26.0672169 -44.7928619
v 4.95877075 24.1446896 -44.7259483
v 4.88072968 23.0120888 -44.7345314
v 5.41212463 24.0381031 -44.6733551
v 5.19062042 22.9415359 -44.6996346
v 5.73561096 22.9009609 -44.6329765
v 4.61273193 24.288662 -44.7629585
v 4.41705322 23.237608 -44.782692
v 4.63072968 23.1118927 -44.7611008
v 4.03966522 23.6422596 -44.8183098
v 4.12362671 23.5149384 -44.8106613
v 4.25193024 23.3731194 -44.7986717
v 3.84663391 24.8681641 -44.835289
v 3.85108185 24.6030045 -44.8349113
v 4.2649231 24.5029373 -44.7974396
v 3.91524506 24.0080414 -44.8293533
v 3.97235107 23.7942562 -44.8243256
v -1.40432358 24 -44.9780807
v 0 24 -45
v 3.04595947 22.1143017 -44.8967896
v -2.25751877 28.9239578 -44.9433365
v -2.3086586 29.3360119 -44.9407387
v -2.4930191 29.416687 -44.9308891
v -2.69632721 29.4693356 -44.9191475
v -2.97846985 29.4951935 -44.9013214
v -3.0603447 29.4933224 -44.895813
v -1.77988815 28.8560486 -44.9647827
v -1.94070816 29.0543575 -44.9581299
v -2.13062286 29.2225552 -44.9495316
v -1.44911575 27.9527493 -44.9766617
v -1.48446274 28.1710033 -44.9755058
v -1.53598404 28.3527222 -44.9737778
v -1.65021515 28.6335239 -44.9697266
v -4.08896637 28.6900158 -44.813839
v -4.12027359 28.5633869 -44.8109703
v -1.40432358 26.7704926 -44.9780807
v -3.2537117 29.4699306 -44.8822136
v -3.42077637 29.4243908 -44.8697891
v -3.57427597 29.3557758 -44.8578262
v -3.71704102 29.26087 -44.8462219
v -3.82702637 29.1597118 -44.8369675
v -3.92907715 29.0327625 -44.8281403
v -4.01535797 28.8812294 -44.8204918
v -4.17515945 28.1609592 -44.8058891
v -4.21297836 27.022356 -44.8023529
v -4.21297836 24 -44.8023529
v -2.04731369 30.6710644 -44.9533997
v -1.40432358 30.2240677 -44.9780807
v -1.40432358 30.960577 -44.9780807
v -4.33833313 30.9565372 -44.7903862
v -3.96311569 31.0483093 -44.8251419
v -5.52997208 56 -44.6589203
v -5.4822464 30.1578369 -44.6648064
v -5.30247879 30.3652649 -44.6865005
v -5.02001572 30.6064968 -44.7191162
v -4.7155304 30.7968521 -44.7522469
v -3.51081467 31.0826912 -44.8628349
v -3.33281708 31.0774345 -44.8764114
v -2.91085815 31.0162163 -44.9057541
v -2.4773941 30.8836536 -44.9317551
v 0 30.960577 -45
v 0 56 -45
v -5.52997208 24 -44.6589203
v -5.92259598 24 -44.608551
v -7.51009369 24 -44.3688889
v -10.807209 24 -43.6829948
v -9.2197113 24 -44.0453949
v -10.807209 33.7692299 -43.6829948
v -9.2197113 30.960577 -44.0453949
v -7.27762222 32.571785 -44.4076118
v -7.31778336 32.384407 -44.4010086
v -7.51009369 30.960577 -44.3688889
v -7.38636017 32.2080536 -44.3896561
v -7.47745514 32.0532722 -44.3744011
v -7.61442566 31.8893795 -44.3511047
v -7.74045563 31.7782764 -44.3292809
v -7.88761902 31.6860561 -44.3033333
v -8.95410919 31.7481422 -44.1001587
v -9.11301041 31.8800583 -44.0675926
v -8.53832626 31.583149 -44.1825409
v -8.68593597 31.6162338 -44.153759
v -8.82035828 31.6690884 -44.1271019
v -8.04579163 31.6204796 -44.2748795
v -8.20619202 31.5825748 -44.24543
v -8.37444305 31.5711536 -44.2138977
v -9.40369415 32.3383598 -44.0064774
v -9.33897781 32.1834373 -44.0202599
v -9.24612045 32.0333672 -44.039856
v -9.44638824 32.5146141 -43.9973335
v -9.46393967 32.7255249 -43.9935646
v -9.44510269 32.9454346 -43.997612
v -8.68843842 33.841568 -44.1532631
v -8.52903366 33.8797112 -44.1843338
v -9.40797806 33.1052208 -44.0055618
v -9.34912491 33.2516289 -44.0181046
v -9.23916245 33.4304352 -44.0413208
v -9.11904907 33.5710297 -44.0663452
v -8.9858284 33.6869202 -44.0937042
v -8.84305954 33.7765045 -44.1225586
v -8.3610878 33.891346 -44.216423
v -8.2028656 33.8806305 -44.246048
v -8.03717041 33.8428993 -44.2764473
v -7.87896347 33.7781639 -44.3048706
v -7.74086761 33.6933899 -44.3292084
v -7.60815048 33.5796776 -44.3521805
v -7.47574615 33.423687 -44.3746872
v -7.38851929 33.2819901 -44.3892937
v -7.32633209 33.1350899 -44.3996048
v -7.28540421 32.9690628 -44.4063377
v -5.53417969 30.0844822 -44.6583977
v -5.92259598 28.5640621 -44.608551
v -5.87753296 29.1665993 -44.6145096
v -5.76976395 29.6065311 -44.6285744
v -5.64350891 29.9008694 -44.6447144
v -7.26586533 32.7503319 -44.4095383
v -16.2585182 30.6965656 -41.9602203
v -16.1785469 30.7398434 -41.9911232
v -16.2558708 56 -41.9612465
v -15.7111664 30.9352665 -42.1682205
v -15.2180977 31.0489006 -42.3486633
v -15.2180977 29.3147049 -42.3486633
v -12.4496155 28.0263062 -43.243576
v -12.5372925 28.3149204 -43.2182388
v -12.6701851 28.5845871 -43.1794662
v -12.8508606 28.8329983 -43.1260376
v -13.0333366 29.0179272 -43.0712433
v -16.2668571 27.062994 -41.9569931
v -16.2304344 26.8963432 -41.9710922
v -12.3947105 27.4993687 -43.259346
v -15.3160934 29.2653999 -42.3133202
v -12.4030647 27.7008247 -43.2569504
v -15.5411949 29.1174545 -42.231163
v -15.7639771 28.9190636 -42.14851
v -15.9508896 28.6933746 -42.0781288
v -14.3580971 25.4653835 -42.6479187
v -14.0676155 25.4829884 -42.7446136
v -13.2336655 26.4911785 -43.0101166
v -16.176796 26.7278938 -41.9917984
v -16.1093712 26.5637703 -42.0177116
v -15.9733124 26.3226395 -42.0696259
v -15.7553139 26.0521679 -42.1517487
v -15.4842033 25.8146439 -42.2520905
v -15.2555695 25.6749516 -42.3351822
v -14.9715881 25.5563641 -42.4364395
v -14.69133 25.4911079 -42.5342751
v -12.6250725 26.4723034 -43.1926727
v -12.5068893 26.7533302 -43.2270432
v -12.4292221 27.0652294 -43.2494431
v -13.7782326 25.5391636 -42.838768
v -13.4568367 25.662323 -42.9408112
v -13.2225723 25.7986488 -43.0135269
v -12.9690666 26.0091629 -43.0906372
v -12.7694817 26.2411461 -43.1502037
v -13.5080948 30.8339558 -42.9247131
v -13.4020462 30.7846413 -42.9579468
v -12.5168266 33.7692299 -43.2241669
v -12.9765053 30.5343075 -43.088398
v -12.5168266 30.1496544 -43.2241669
v -10.9761162 33.7692299 -43.6408615
v -10.9761162 56 -43.6408615
v -13.5080948 29.326292 -42.9247131
v -13.2720718 29.1988564 -42.9982758
v -16.8986855 24.784668 -41.7065277
v -17.2906914 25.217947 -41.5455399
v -19.5826721 25.8911991 -40.5156593
v -17.4576988 25.4564648 -41.4756393
v -17.6032944 25.708086 -41.4140549
v -17.7280388 25.9735775 -41.3608093
v -17.8314323 26.2522373 -41.3163376
v -19.8602943 25.4212132 -40.3802948
v -20.0545273 25.1681232 -40.2841873
v -20.2694931 24.9328327 -40.1764526
v -20.6892166 24.5658855 -39.9619331
v -17.3724823 29.6800327 -41.5114059
v -16.9805145 30.1434879 -41.673275
v -19.953598 29.6554623 -40.3342743
v -19.263752 26.9773273 -40.6682625
v -19.3082199 26.7012978 -40.647171
v -17.9617996 26.7973175 -41.2598305
v -19.3749428 26.4312744 -40.6154099
v -19.4671745 26.156456 -40.5712814
v -19.6500282 29.1919041 -40.4830399
v -19.5248032 28.9363308 -40.5435791
v -17.5277939 29.4349403 -41.4460678
v -19.4216347 28.6708546 -40.5931015
v -17.6627007 29.1747589 -41.388752
v -17.7724419 28.9142342 -41.3417435
v -19.2331696 27.4745636 -40.6827354
v -18.0120163 27.4669323 -41.2379303
v -19.2474823 27.8148499 -40.6759644
v -17.9844856 27.9910488 -41.2499466
v -19.290493 28.1517849 -40.6555862
v -17.9351006 28.322052 -41.2714424
v -17.8582802 28.6454029 -41.3047409
v -20.8751869 30.508461 -39.8651047
v -20.414257 30.1496544 -40.1030884
v -16.5917587 30.4820881 -41.8295746
v -10.9761162 24 -43.6408615
v -12.5168266 24 -43.2241669
v -12.5168266 24.7594051 -43.2241669
v -12.8642387 24.4735317 -43.1220474
v -13.7109909 24.0262947 -42.8603363
v -14.1532135 23.9190102 -42.7163467
v -13.3186226 24.1900673 -42.9838867
v -14.6767426 23.8778858 -42.5393143
v -15.0867767 23.9019299 -42.3956223
v -15.5544739 23.99683 -42.2262726
v -15.9849968 24.1550102 -42.0651855
v -16.2596893 24.2986984 -41.9597702
v -16.4260597 24.4019337 -41.8949203
v -16.0944786 28.4516487 -42.0234146
v -16.1993294 28.1936798 -41.9831085
v -16.2710762 27.8954716 -41.9553528
v -16.3024025 27.4936447 -41.9431953
v -25.5871162 29.8072643 -37.0175552
v -25.2438011 30.1577339 -37.2525177
v -25.9998207 56 -36.7288589
v -23.6917572 30.9742279 -38.2583389
v -24.202755 30.8031712 -37.9371338
v -24.7299576 30.5344467 -37.5955963
v -21.3262482 26.202282 -39.6256332
v -23.6917572 29.3092155 -38.2583389
v -23.9000587 29.1889687 -38.1285553
v -24.1199913 29.0110455 -37.9898148
v -24.3312759 28.7785511 -37.8548355
v -24.4834213 28.5446987 -37.7566147
v -24.5560112 28.3942127 -37.7094421
v -24.616497 28.2356892 -37.6699829
v -24.6622467 28.079628 -37.6400528
v -24.6951141 27.9202194 -37.6184921
v -24.7207832 27.7066669 -37.6016312
v -24.728363 27.4898281 -37.5966454
v -24.3484802 26.2262344 -37.8437767
v -24.1367302 25.9832039 -37.9791794
v -23.7787666 26.3485489 -38.2043228
v -23.9079208 25.7920189 -38.1236267
v -23.6715584 25.6509037 -38.2708397
v -23.4285278 25.5540371 -38.4200974
v -24.7169342 27.2317123 -37.6041641
v -24.6918488 27.0517807 -37.620636
v -24.6142616 26.7412338 -37.6714478
v -24.4987335 26.4679604 -37.7466774
v -23.1393204 25.4885368 -38.5949669
v -22.8260345 25.4653835 -38.7810745
v -22.5604362 25.4812679 -38.9361839
v -22.2711411 25.5384979 -39.1023788
v -22.0050621 25.637598 -39.2527313
v -21.755497 25.7829437 -39.3916016
v -21.538887 25.959816 -39.5104561
v -21.7369576 29.1568069 -39.4018326
v -21.9817581 29.3043118 -39.2657852
v -21.9817581 30.9901714 -39.2657852
v -21.8875084 30.9667034 -39.3184052
v -28.0254784 30.960577 -35.2075577
v -27.1706696 30.960577 -35.8713608
v -28.0254784 33.7692299 -35.2075577
v -29.7350941 33.7692299 -33.7760849
v -30.3163033 56 -33.2554016
v -26.2678452 28.5875187 -36.5376511
v -26.174057 28.8410873 -36.6048965
v -27.1706696 29.4951935 -35.8713608
v -26.0081024 29.1906357 -36.7229996
v -25.9109383 29.3589592 -36.7916183
v -26.2342453 26.2791576 -36.5617828
v -26.3239212 26.5709362 -36.4972763
v -28.0254784 24 -35.2075577
v -26.3864822 26.8707027 -36.4520683
v -26.4252434 27.1755981 -36.4239807
v -28.0254784 29.4951935 -35.2075577
v -26.4379807 27.4860134 -36.4147377
v -26.4288635 27.7455788 -36.4213524
v -26.3972206 28.0354156 -36.444294
v -26.3424187 28.3209114 -36.4839249
v -25.2939949 24.8320541 -37.2184563
v -25.6940308 25.275425 -36.943428
v -25.989296 25.7326908 -36.7363052
v -26.121933 25.9992027 -36.6421127
v -21.1517754 24.2703342 -39.7190399
v -21.286293 24.2032166 -39.64711
v -21.6597748 24.0544186 -39.444313
v -22.1714859 23.9283371 -39.1589737
v -22.8012314 23.8778858 -38.7956696
v -23.2637405 23.9050846 -38.5201035
v -23.8189278 24.0111198 -38.1792946
v -24.3244553 24.1940975 -37.8592224
v -24.8450661 24.4797554 -37.5196304
v -21.1770859 26.441021 -39.7055511
v -21.1676903 28.1606426 -39.7105637
v -21.0575829 26.7248669 -39.7690582
v -21.0106049 26.8860416 -39.7938995
v -20.9766655 27.0499115 -39.8117981
v -20.9504585 27.2679596 -39.825592
v -20.9427872 27.4898281 -39.8296318
v -21.0415573 28.181633 -39.7775383
v -21.1004066 28.3471012 -39.7463531
v -21.1562996 28.4721107 -39.716629
v -21.2215538 28.5892277 -39.6818008
v -21.391922 28.8314571 -39.5902176
v -21.4791489 28.9286404 -39.5429611
v -20.9476166 27.6674213 -39.8270912
v -20.996788 28.0115185 -39.8011894
v -29.7350941 30.960577 -33.7760849
v -30.3163033 30.960577 -33.2554016
v -30.8341331 30.960577 -32.7758408
v -34.1732178 56 -29.2778225
v -30.8341331 29.4951935 -32.7758408
v 21.7498932 31.0826912 -39.3946915
v 22.2597046 31.0420036 -39.1088943
v 21.2892151 56 -39.645546
v 20.5729904 30.8208733 -40.0218964
v 20.8984528 30.9553223 -39.8529129
v 21.2935104 31.0489826 -39.6432381
v 22.7133331 30.9271317 -38.8471909
v 23.1187286 30.7505646 -38.6073074
v 23.4754105 30.5238819 -38.3914719
v 24.1235123 29.8424587 -37.9875793
v 24.2810516 30.1028538 -37.8870697
v 23.8076401 30.2289963 -38.1863365
v 24.4992294 30.3765297 -37.746357
v 24.7450638 30.6052437 -37.5856628
v 25.0748596 30.8195362 -37.3664474
v 25.4159927 30.9666653 -37.1352539
v 25.7558517 31.0499573 -36.9003525
v 25.999382 31.0775681 -36.7291718
v 25.7874451 28.8289452 -36.8782806
v 25.734642 28.6983261 -36.9151459
v 25.7852249 28.2398453 -36.8798294
v 25.8832779 29.0066299 -36.8110847
v 25.6919174 28.5640011 -36.9448929
v 25.6308746 28.2365284 -36.9872665
v 25.5831757 27.3371849 -37.0202789
v 25.5831757 24 -37.0202789
v 23.873558 24 -38.1451569
v 23.0903397 28.3017044 -38.6242981
v 23.6073227 28.7228489 -38.3105011
v 23.5347061 28.8431244 -38.3551521
v 23.384552 29.032959 -38.4468842
v 23.1982574 29.1991558 -38.5595703
v 22.9865341 29.3319721 -38.686161
v 22.7717285 29.4227982 -38.8129883
v 22.5570831 29.4752464 -38.9381332
v 22.2975082 29.4951935 -39.0873528
v 23.8090057 28.0953102 -38.1854858
v 23.8411636 27.850132 -38.1654129
v 23.873558 27.1082191 -38.1451569
v 23.7598114 28.3351936 -38.2161102
v 23.6707993 28.5946751 -38.2713089
v 22.2372742 29.4950333 -39.1216507
v 22.0119934 29.4690056 -39.248848
v 21.8045044 29.4112778 -39.3644943
v 21.6853104 29.3551235 -39.4302826
v 21.5398483 29.2541294 -39.5099335
v 21.4248734 29.1425591 -39.5723953
v 21.3340836 29.0206432 -39.6214218
v 23.6894455 56 38.2597733
v 18.8082199 56 40.8809357
v 13.6418686 56 42.8823929
v 8.26873016 56 44.2337875
v 2.77024078 56 44.91465
v 0 56 45
v -38.9711456 56 22.5
v -35.9107742 56 27.1185608
v -32.3060379 56 31.3260269
v -28.2115707 56 35.0586243
v -23.6894455 56 38.2597733
v -18.8082123 56 40.8809357
v -13.6418686 56 42.8823929
v -8.26872635 56 44.2337875
v -2.77024078 56 44.91465
v -40.2823448 56 -20.0582237
v -37.5121078 56 -24.8564224
v 48.9784851 56 -1.45203018
v 48.4629669 56 -7.23468018
v 47.2671432 56 -12.9157715
v 45.4077911 56 -18.4155502
v 42.9110107 56 -23.6568146
v 39.8118591 56 -28.5659943
v 36.1538315 56 -33.0741653
v 31.9882889 56 -37.1180496
v 27.3736954 56 -40.6408768
v 22.3748322 56 -43.5931969
v 17.061882 56 -45.9335632
v 11.5094147 56 -47.6291199
v 5.79538727 56 -48.6560707
v 0 56 -48.9999962
v -5.79538345 56 -48.6560707
v -11.5094147 56 -47.6291199
v -17.0618782 56 -45.9335632
v -22.3748322 56 -43.5931969
v -27.3736916 56 -40.6408768
v -31.9882832 56 -37.1180496
v -36.1538315 56 -33.0741653
v -39.8118553 56 -28.5659943
v -42.9110107 56 -23.6568146
v -45.4077911 56 -18.4155502
v -47.2671432 56 -12.9157715
v -48.4629669 56 -7.23468018
v -48.9784775 56 -1.45203018
v -48.8064423 56 4.35099792
v -47.9492683 56 10.0929565
v -46.4189911 56 15.693222
v -44.2370911 56 21.0731964
v -41.4342003 56 26.1573486
v -38.0496674 56 30.8743057
v -34.1310005 56 35.1578598
v -29.7332058 56 38.9478683
v -24.9180222 56 42.1911392
v -19.7530479 56 44.8421402
v -14.3107796 56 46.8636475
v -8.66762161 56 48.2273026
v -2.90279007 56 48.9139481
v 0 56 49
v 2.90279388 56 48.9139481
v 8.66762543 56 48.2273026
v 14.3107834 56 46.8636475
v 19.7530518 56 44.8421402
v 24.9180298 56 42.1911392
v 29.7332077 56 38.9478683
v 34.1310043 56 35.1578598
v 38.0496674 56 30.8743057
v 41.4342041 56 26.1573486
v 44.2370911 56 21.0731964
v 46.4189911 56 15.693222
v 47.9492722 56 10.0929565
v 48.8064423 56 4.35099792
v -28.0254784 24 -40.1941833
v -28.0254784 29.4951935 -40.1941833
v -27.3736916 29.4951935 -40.6408768
v 48.9298248 18.2576466 -2.62153625
v 48.8885269 17.7533607 -3.30337143
v 48.8453369 17.1410999 -3.89017868
v 48.8051834 16.4384747 -4.36507034
v 48.7726822 15.665699 -4.71438599
v 48.7515564 14.8450041 -4.9280777
v 48.7442322 14 -5
v 48.7515564 13.1549959 -4.9280777
v 48.7726822 12.334301 -4.71438599
v 48.8051834 11.5615253 -4.36507034
v 48.8453369 10.8589001 -3.89017868
v 48.8885269 10.2466383 -3.30337143
v 48.9298248 9.74235439 -2.62153625
v 48.9645233 9.3605547 -1.8642807
v 48.8050461 16.4356213 4.3666687
v 48.8245773 16.7998753 4.14254761
v 48.8668518 17.4596939 3.60977936
v 48.9097214 18.0199852 2.97316742
v 48.9482727 18.4646282 2.25102234
v 48.9995422 18.9954948 -0.212203979
v 48.9958878 18.9595013 0.635089874
v 48.9781189 18.7808323 1.46411514
v 48.988678 18.8877773 -1.05339432
v 48.9783249 18.7829151 -1.45729446
v 48.9645233 18.6394463 -1.8642807
v 48.7460785 13.5759706 4.981987
v 48.7460785 14.4240294 4.981987
v 48.7605133 12.7401104 4.83866882
v 48.7877197 16.0595074 4.55614471
v 48.7605133 15.2598896 4.83866882
v 48.9783249 9.21708393 -1.45729446
v 48.988678 9.11222363 -1.05339432
v 48.9995422 9.00450516 -0.212203979
v 48.9958878 9.04049778 0.635089874
v 48.9781189 9.2191658 1.46411514
v 48.9482727 9.53537083 2.25102234
v 48.9097214 9.9800148 2.97316742
v 48.8668518 10.5403061 3.60977936
v 48.8245773 11.2001266 4.14254761
v 48.8050461 11.5643797 4.3666687
v 48.7877197 11.9404945 4.55614471
v 16.4225845 30.514925 -46.1659889
v 16.8693314 30.1325989 -46.0046234
v 17.069458 29.9142609 -45.9307442
v 16.0125961 30.7621231 -46.3097916
v 15.5402222 30.949297 -46.4704361
v 15.1047668 31.0473309 -46.6137962
v 15.5821838 25.9990654 -46.4563828
v 15.318718 25.7839241 -46.5439224
v 15.3440933 26.4878502 -46.5355644
v 15.0739517 25.6448345 -46.6237679
v 14.8015366 25.5412846 -46.710968
v 16.0674591 26.7635479 -46.2907829
v 16.145607 27.0680275 -46.2635841
v 16.1802902 27.4936447 -46.2514648
v 15.9436874 26.4754524 -46.3335609
v 15.7939758 26.2396812 -46.3848038
v 14.5029068 25.4820538 -46.8045464
v 14.2359848 25.4653835 -46.886425
v 13.8042679 25.504343 -47.0153351
v 13.5187073 25.5843239 -47.0982437
v 13.252594 25.7044773 -47.1738129
v 13.0256271 25.8536892 -47.2369843
v 12.7803497 26.0800323 -47.303936
v 12.5983429 26.3130741 -47.3527374
v 12.5187149 26.4437466 -47.373848
v 12.4505463 26.5816879 -47.3918114
v 12.3523026 26.860508 -47.417511
v 12.289772 27.1932659 -47.4337578
v 12.2725983 27.4993687 -47.4382019
v 12.305748 27.9158497 -47.429615
v 12.3799438 28.2165432 -47.410305
v 12.4826965 28.4657307 -47.3833542
v 12.633049 28.7109547 -47.3434868
v 12.8201523 28.9303913 -47.2931671
v 13.0386429 29.1211967 -47.2333984
v 16.0618057 28.2408524 -46.2927475
v 16.1131516 28.0657196 -46.2748985
v 13.3947678 29.3294392 -47.1336403
v 15.3434677 29.1726437 -46.5357704
v 15.562149 28.9967651 -46.4630966
v 15.7835007 28.7554722 -46.3883705
v 15.9520721 28.4908886 -46.3306732
v 13.3107681 29.2895241 -47.1574326
v 16.1504517 27.8862247 -46.2618942
v 13.3947678 30.8463249 -47.1336403
v 12.9692383 30.6274757 -47.2525024
v 12.3947144 30.960577 -47.4064445
v 12.5771942 30.3423233 -47.3583603
v 12.3947144 30.1763668 -47.4064445
v 22.2597046 31.0420036 -43.6520996
v 21.7498932 31.0826912 -43.9083366
v 21.2935104 31.0489826 -44.1314621
v 20.8984528 30.9553223 -44.3199158
v 20.5729904 30.8208733 -44.4719238
v 19.8051529 30.1861382 -44.8191452
v 20.0143738 30.4261456 -44.7261086
v 20.2612839 30.6322784 -44.6147995
v 19.6508102 29.9384365 -44.8870316
v 19.54245 29.6847591 -44.9343109
v 17.2260284 29.7142315 -45.8722534
v 19.4364014 29.2412281 -44.9802856
v 17.4898148 29.2789879 -45.7723312
v 17.5126953 25.7698669 -45.7635841
v 17.7212906 26.2898731 -45.6832123
v 19.3552933 24 -45.0152473
v 19.3552933 28.0488873 -45.0152473
v 17.8488922 26.8591251 -45.6335068
v 17.8899078 27.4669323 -45.6174469
v 19.3554382 28.1237736 -45.0151901
v 17.8354874 28.195282 -45.6387444
v 17.6975021 28.7718525 -45.6924286
v 22.3751068 29.4938068 -43.5930557
v 22.2975082 29.4951935 -43.6327972
v 21.683342 28.4953728 -43.9412422
v 22.2372742 29.4950333 -43.6635284
v 21.6853104 29.3551235 -43.9402695
v 21.8045044 29.4112778 -43.8812408
v 22.0119934 29.4690056 -43.7775269
v 21.3340836 29.0206432 -44.1118698
v 21.4248734 29.1425591 -44.0678406
v 21.5398483 29.2541294 -44.0117569
v 21.0649033 24 -44.2410393
v 21.0649033 27.495554 -44.2410393
v 21.1095428 28.2722073 -44.2197609
v 21.1798477 28.6442223 -44.1861267
v 21.2607193 28.8800087 -44.147274
v 11.5094147 24 -47.6291199
v 12.3947144 24 -47.4064445
v 12.3947144 24.7594051 -47.4064445
v 12.8958664 24.3660107 -47.2725754
v 13.2966309 24.1411362 -47.1614151
v 13.7041779 23.99086 -47.0446091
v 14.1466446 23.9022102 -46.9134598
v 14.5508118 23.8778858 -46.7896729
v 15.0450592 23.9135876 -46.6331024
v 15.534996 24.0288639 -46.4721832
v 16.0158463 24.2322388 -46.3086624
v 16.4374771 24.4974327 -46.1606903
v 16.8398056 24.8457508 -46.0154419
v 17.0711975 25.0965824 -45.9300995
v 17.2389603 25.3131866 -45.8673973
v 7.65188599 21.6995296 -48.3988457
v 8.09378815 21.9567795 -48.3269119
v 7.15247345 21.5075417 -48.4751663
v 9.22734833 23.5115376 -48.1233406
v 10.6850967 24 -47.820797
v 9.0096817 22.9954586 -48.164566
v 8.76699829 22.6076183 -48.2093315
v 8.48078156 22.2784729 -48.2605057
v 8.20532227 24.9380646 -48.3081017
v 8.56761169 25.3638439 -48.245163
v 8.85744476 25.8498974 -48.1927986
v 9.05493927 26.3548698 -48.1560783
v 9.17856598 26.9252968 -48.1326675
v 10.6850967 30.960577 -47.820797
v 9.2197113 27.5413475 -48.1248016
v 9.16123199 28.2948418 -48.1359711
v 9.02687073 28.8572636 -48.1613464
v 8.82854462 29.3351364 -48.1980972
v 8.54530334 29.7952728 -48.2491188
v 7.7901001 30.5352612 -48.3767929
v 7.390625 30.7744331 -48.4394302
v 8.21035004 30.1820908 -48.3072433
v 11.5094147 30.960577 -47.6291199
v 15.1047668 29.3108921 -46.6137962
v 6.05423737 22.9151955 -48.6245422
v 5.93022919 24 -48.6398201
v 6.39889526 22.971159 -48.5803871
v 6.47311401 24.0412998 -48.5705528
v 6.72026062 23.0730877 -48.536972
v 6.94991302 23.1894951 -48.5046234
v 7.15164948 23.3351765 -48.4752884
v 7.00354004 24.1721783 -48.4969101
v 7.32692719 23.5115376 -48.4491081
v 7.42301941 24.3540039 -48.4344788
v 7.82170868 24.6049995 -48.3716927
v 6.93292236 30.9553242 -48.5070572
v 6.47731018 31.053484 -48.5699921
v 5.79550171 25.5977364 -48.6560593
v 6.47731018 29.3085079 -48.5699921
v 6.70334625 29.1747913 -48.5393143
v 6.65383911 26.5790825 -48.5461273
v 6.93379974 28.9855518 -48.5069275
v 7.11255646 28.788826 -48.481041
v 7.28154755 28.5303001 -48.4559479
v 7.39585876 28.2719078 -48.438633
v 7.47110748 27.985527 -48.4270859
v 5.84929657 25.6029186 -48.6496201
v 6.67028046 25.8983288 -48.543869
v 6.90440369 26.0841942 -48.5111237
v 7.13624573 26.3421955 -48.4775581
v 6.44408417 25.7694893 -48.5744133
v 6.13689423 25.6572399 -48.6141815
v 7.50978851 27.6522865 -48.4211006
v 7.51010132 27.5604267 -48.421051
v 7.48754883 27.2204075 -48.4245453
v 7.41088104 26.8791218 -48.4363327
v 7.27837372 26.5655975 -48.4564247
v 5.58486938 25.5874996 -48.6806831
v 4.65698242 26.4995518 -48.7781982
v 4.10929108 26.2915535 -48.8273849
v 3.96498871 26.5146885 -48.8393135
v 3.8516922 26.7655468 -48.848381
v 5.32200623 25.6022358 -48.710125
v 5.02775574 25.6611137 -48.7413712
v 4.77754974 25.7529087 -48.7665329
v 4.5358963 25.8879967 -48.7896042
v 4.31270599 26.0672169 -48.8098373
v 3.7687912 27.0657673 -48.8548508
v 3.72740936 27.4116039 -48.8580246
v 3.72451782 27.5470715 -48.858242
v 3.74671936 27.8933868 -48.8565445
v 3.81855774 28.2190571 -48.8509827
v 3.91753387 28.4764156 -48.8431435
v 4.06848145 28.7327518 -48.8308029
v 4.24164581 28.9415531 -48.8160629
v 4.45510864 29.1319313 -48.7970467
v 4.69989014 29.2876244 -48.7740784
v 4.35864258 30.5859699 -48.8057594
v 3.84663391 30.1859074 -48.8487778
v 3.84663391 30.960577 -48.8487778
v 4.7673111 30.81423 -48.7675362
v 4.7673111 29.3209019 -48.7675362
v 2.01490402 30.960577 -48.9585533
v 3.04595947 22.1143017 -48.9052353
v 3.41597748 21.84585 -48.8807831
v 0.305290222 24 -48.9990463
v 0 24 -48.9999962
v -1.40432358 24 -48.9798698
v 3.84597015 21.625824 -48.8488312
v 4.34246826 21.4608803 -48.8072014
v 5.08139038 21.3357582 -48.7358093
v 5.60777283 21.3134632 -48.6780548
v 5.79607391 21.315464 -48.6559906
v 6.54980469 21.3760643 -48.5602722
v 2.36885071 23.0062542 -48.9427071
v 2.20177078 23.4629669 -48.9505081
v 2.08016205 24.0374565 -48.9558258
v 2.55082703 22.67173 -48.9335556
v 2.72660828 22.4353962 -48.9240799
v 3.85108185 24.6030045 -48.8484306
v 3.84663391 24.8681641 -48.8487778
v 4.2649231 24.5029373 -48.8140373
v 4.12362671 23.5149384 -48.8261795
v 4.03966522 23.6422596 -48.8331947
v 4.61273193 24.288662 -48.7823982
v 3.97235107 23.7942562 -48.8387184
v 3.91524506 24.0080414 -48.8433304
v 4.25193024 23.3731194 -48.8151703
v 4.95877075 24.1446896 -48.7484398
v 4.41705322 23.237608 -48.8005066
v 5.41212463 24.0381031 -48.7001953
v 4.88072968 23.0120888 -48.7563133
v 4.63072968 23.1118927 -48.7806969
v 5.79547119 22.9016819 -48.6560631
v 5.73561096 22.9009609 -48.6631546
v 5.19062042 22.9415359 -48.7243004
v -1.44911575 27.9527493 -48.9785652
v -1.40432358 26.7704926 -48.9798698
v -3.0603447 29.4933224 -48.904335
v -3.2537117 29.4699306 -48.8918533
v -4.21297836 24 -48.8185501
v -4.21297836 27.022356 -48.8185501
v -4.17515945 28.1609592 -48.8217964
v -4.12027359 28.5633869 -48.826458
v -4.08896637 28.6900158 -48.8290939
v -4.01535797 28.8812294 -48.8352013
v -3.92907715 29.0327625 -48.8422165
v -3.82702637 29.1597118 -48.8503189
v -3.71704102 29.26087 -48.8588104
v -3.57427597 29.3557758 -48.8694611
v -3.42077637 29.4243908 -48.8804474
v -2.97846985 29.4951935 -48.9093895
v -2.25747299 28.9239578 -48.9479675
v -2.3086586 29.3360119 -48.9455795
v -2.13062286 29.2225552 -48.9536552
v -1.94070816 29.0543575 -48.9615517
v -1.77988815 28.8560486 -48.9676628
v -2.69632721 29.4693356 -48.9257545
v -2.4930191 29.416687 -48.9365387
v -1.65021515 28.6335239 -48.9722023
v -1.53598404 28.3527222 -48.9759178
v -1.48446274 28.1710033 -48.9775085
v -7.28540421 32.9690628 -48.455368
v -7.32633209 33.1350899 -48.4491959
v -5.80183029 29.5035515 -48.655304
v -5.87753296 29.1665993 -48.6462173
v -7.51009369 30.960577 -48.421051
v -5.92259598 28.5640621 -48.6407509
v -7.51009369 24 -48.421051
v -7.38851929 33.2819901 -48.4397507
v -7.47574615 33.423687 -48.4263649
v -7.60815048 33.5796776 -48.4057426
v -7.74086761 33.6933899 -48.3846931
v -7.87896347 33.7781639 -48.3623962
v -8.03717041 33.8428993 -48.3363571
v -8.52903366 33.8797112 -48.2519989
v -8.3610878 33.891346 -48.2813835
v -8.2028656 33.8806305 -48.3085175
v -8.68843842 33.841568 -48.2235489
v -8.84305954 33.7765045 -48.1954346
v -8.9858284 33.6869202 -48.1690216
v -9.11904907 33.5710297 -48.1439781
v -9.23916245 33.4304352 -48.1210747
v -9.34912491 33.2516289 -48.0998306
v -9.40797806 33.1052208 -48.088356
v -9.44510269 32.9454346 -48.0810776
v -9.46393967 32.7255249 -48.0773735
v -5.79538345 24 -48.6560707
v -5.92259598 24 -48.6407509
v -9.2197113 30.960577 -48.1248016
v -9.44638824 32.5146141 -48.080822
v -9.40369415 32.3383598 -48.0891876
v -9.33897781 32.1834373 -48.101799
v -9.24612045 32.0333672 -48.1197357
v -9.11301041 31.8800583 -48.1451187
v -8.95410919 31.7481422 -48.1749268
v -8.82035828 31.6690884 -48.1995964
v -8.68593597 31.6162338 -48.223999
v -8.20619202 31.5825748 -48.3079529
v -8.37444305 31.5711536 -48.279068
v -8.53832626 31.583149 -48.2503586
v -8.04579163 31.6204796 -48.3349228
v -7.88761902 31.6860561 -48.3609924
v -7.74045563 31.7782764 -48.3847618
v -7.61442566 31.8893795 -48.4047546
v -7.47745514 32.0532722 -48.4261017
v -7.38636017 32.2080536 -48.4400826
v -7.26586533 32.7503319 -48.4583015
v -7.27762222 32.571785 -48.4565353
v -7.31778336 32.384407 -48.4504852
v -9.2197113 24 -48.1248016
v -10.807209 24 -47.7933464
v -10.807209 33.7692299 -47.7933464
v -2.04731369 30.6710644 -48.9572067
v -2.4773941 30.8836536 -48.9373322
v -1.40432358 30.2240677 -48.9798698
v -1.40432358 30.960577 -48.9798698
v 0 30.960577 -48.9999962
v 0.305290222 30.960577 -48.9990463
v 2.01490402 25.0227165 -48.9585533
v -2.91085815 31.0162163 -48.9134598
v -3.33281708 31.0774345 -48.8865242
v -3.51081467 31.0826912 -48.8740616
v -3.96311569 31.0483093 -48.8394661
v -4.33833313 30.9565372 -48.8075676
v -4.7155304 30.7968521 -48.7725716
v -5.4822464 30.1578369 -48.6923485
v -5.64350891 29.9008694 -48.6739235
v -5.02001572 30.6064968 -48.7421684
v -5.30247879 30.3652649 -48.7122498
v -5.76976395 29.6065311 -48.6591187
v -13.4020462 30.7846413 -47.1315689
v -13.5080948 30.8339558 -47.1012878
v -12.5168266 33.7692299 -47.3743477
v -12.5168266 30.1496544 -47.3743477
v -12.9765053 30.5343075 -47.2505035
v -11.5094147 33.7692299 -47.6291199
v -13.2225723 25.7986488 -47.1822357
v -13.4568367 25.662323 -47.1159592
v -13.233242 26.4911785 -47.179245
v -12.9690666 26.0091629 -47.2525444
v -12.5068893 26.7533302 -47.376976
v -12.4292221 27.0652294 -47.3974075
v -12.3947105 27.4993687 -47.4064445
v -12.6250725 26.4723034 -47.3456154
v -12.7694817 26.2411461 -47.3068695
v -13.7782326 25.5391636 -47.0229721
v -14.0676155 25.4829884 -46.9372139
v -14.3580971 25.4653835 -46.8491707
v -14.69133 25.4911079 -46.7457466
v -14.9715881 25.5563641 -46.6567383
v -15.2555695 25.6749516 -46.5646591
v -15.4842033 25.8146439 -46.4891281
v -15.7553139 26.0521679 -46.397953
v -15.9733124 26.3226395 -46.3233528
v -16.1093712 26.5637703 -46.2762146
v -16.1766396 26.727459 -46.252739
v -16.2304344 26.8963432 -46.2338905
v -16.2668915 27.0632057 -46.221077
v -16.1993294 28.1936798 -46.2447968
v -16.0944786 28.4516487 -46.281395
v -16.3024025 27.4936447 -46.2085648
v -16.2710762 27.8954716 -46.2196045
v -15.9508896 28.6933746 -46.3310776
v -15.7639771 28.9190636 -46.3950081
v -15.5411949 29.1174545 -46.4701118
v -15.3160934 29.2653999 -46.5447845
v -15.2180977 29.3147049 -46.5769196
v -12.4030647 27.7008247 -47.4042587
v -12.4496155 28.0263062 -47.3920517
v -13.5080948 29.326292 -47.1012878
v -13.2720718 29.1988564 -47.168335
v -13.0333366 29.0179272 -47.2348557
v -12.8508606 28.8329983 -47.2848282
v -12.6701851 28.5845871 -47.3335648
v -12.5372925 28.3149204 -47.3689346
v -15.2180977 31.0489006 -46.5769196
v -15.7111664 30.9352665 -46.4129181
v -16.1785469 30.7398434 -46.2520752
v -16.5917587 30.4820881 -46.1054573
v -16.9805145 30.1434879 -45.9637032
v -17.0678062 30.0531178 -45.9313583
v -12.8642387 24.4735317 -47.2811928
v -12.5168266 24.7594051 -47.3743477
v -12.5168266 24 -47.3743477
v -16.4260597 24.4019337 -46.164753
v -16.8986855 24.784668 -45.9938507
v -17.0696869 24.9568329 -45.9306602
v -15.9849968 24.1550102 -46.3193207
v -15.5544739 23.99683 -46.4656677
v -15.0867767 23.9019299 -46.6196175
v -14.6767426 23.8778858 -46.7503281
v -14.1532135 23.9190102 -46.9114723
v -13.7109909 24.0262947 -47.0426254
v -13.3186226 24.1900673 -47.1552124
v -11.5094147 24 -47.6291199
v -19.290493 28.1517849 -45.0430527
v -17.9350929 28.3221016 -45.5996971
v -17.9844856 27.9910488 -45.5802383
v -17.8582802 28.6454029 -45.6298294
v -19.4216347 28.6708546 -44.9866638
v -17.7725449 28.9139481 -45.6632919
v -17.3724823 29.6800327 -45.8169899
v -17.5278091 29.4349098 -45.7577934
v -17.6627007 29.1747589 -45.7058945
v -19.3749428 26.4312744 -45.0067902
v -19.3082199 26.7013035 -45.0354576
v -17.9617996 26.7973175 -45.58918
v -19.263752 26.9773273 -45.0544968
v -18.0120163 27.4669323 -45.5693665
v -19.2331696 27.4745636 -45.0675583
v -19.2474785 27.8147945 -45.0614548
v -21.6597748 24.0544186 -43.952858
v -21.1517754 24.2703342 -44.1995735
v -20.6892166 24.5658855 -44.4179726
v -20.2694931 24.9328327 -44.6110687
v -20.0543671 25.1683159 -44.7081871
v -19.8602943 25.4212132 -44.7947388
v -19.5826721 25.8911991 -44.9168015
v -19.4670181 26.1568584 -44.967041
v -17.8314323 26.2522373 -45.6403275
v -17.7283134 25.9742336 -45.6804848
v -17.6032944 25.708086 -45.7288094
v -17.4572678 25.4557877 -45.7847519
v -17.2906914 25.217947 -45.8479195
v -19.5247498 28.9362087 -44.9420052
v -19.6500282 29.1919041 -44.8873749
v -19.953598 29.6554623 -44.7532501
v -20.414257 30.1496544 -44.5450134
v -20.8751869 30.508461 -44.3308754
v -21.3999634 30.7970695 -44.0799408
v -21.8873749 30.9666653 -43.8399658
v -21.9817581 30.9901714 -43.792717
v -22.3739204 25.5122032 -43.5936623
v -21.9817581 29.3043118 -43.792717
v -21.6612244 26.5010166 -43.9521484
v -21.7369576 29.1568069 -43.9147415
v -21.4791489 28.9286404 -44.0414124
v -21.391922 28.8314571 -44.083847
v -21.2215538 28.5892277 -44.1661148
v -21.1562347 28.471983 -44.1974411
v -21.1004066 28.3471012 -44.2241211
v -21.0415497 28.1816025 -44.2521515
v -20.996788 28.0115185 -44.273407
v -20.9476166 27.6674213 -44.2966957
v -20.9427872 27.4898281 -44.2989807
v -21.538887 25.959816 -44.0122299
v -21.755497 25.7829437 -43.9055557
v -22.0050621 25.637598 -43.7810097
v -22.2711411 25.5384979 -43.6462593
v -20.9504547 27.2680378 -44.2953529
v -20.9766655 27.0499115 -44.2829437
v -21.0575829 26.7248669 -44.2445259
v -21.1770859 26.441021 -44.1874504
v -21.3262482 26.202282 -44.115654
v -22.5604362 25.4812679 -43.4974289
v -22.8260345 25.4653835 -43.3586426
v -23.7772751 26.3485832 -42.8443794
v -24.3484802 26.2262344 -42.5223618
v -24.4987335 26.4679604 -42.4359741
v -24.6142616 26.7412338 -42.3690643
v -23.1393204 25.4885368 -43.1922607
v -23.4285278 25.5540371 -43.0360756
v -23.6715584 25.6509037 -42.9028816
v -23.9079208 25.7920189 -42.7716141
v -24.1367302 25.9832039 -42.6429138
v -24.6951141 27.9202194 -42.321991
v -24.6622963 28.0794163 -42.3411255
v -24.6918488 27.0517807 -42.3238983
v -24.716938 27.2317829 -42.3092499
v -24.728363 27.4898281 -42.3025742
v -24.720787 27.7066174 -42.307003
v -24.616497 28.2356892 -42.3677673
v -24.5560417 28.3941441 -42.4028397
v -24.4834213 28.5446987 -42.444809
v -24.3312759 28.7785511 -42.5322075
v -24.1199913 29.0110455 -42.6523819
v -23.9000587 29.1889687 -42.7760086
v -24.7299576 30.5344467 -42.3016434
v -25.2438011 30.1577339 -41.9970245
v -27.1706696 30.960577 -40.776886
v -23.6917572 29.3092155 -42.8917274
v -23.6917572 30.9742279 -42.8917274
v -24.202755 30.8031712 -42.6054726
v -25.5871162 29.8072643 -41.7887497
v -25.9109383 29.3589592 -41.5887375
v -27.1706696 29.4951935 -40.776886
v -26.174057 28.8410873 -41.423645
v -26.2679863 28.5870686 -41.3641472
v -26.3424187 28.3209114 -41.3167877
v -26.3972473 28.0352211 -41.2817764
v -26.4288635 27.7455788 -41.2615433
v -26.4379807 27.4860134 -41.255703
v -26.425251 27.1757202 -41.2638588
v -26.3864822 26.8707027 -41.2886581
v -26.3240471 26.5714264 -41.3284912
v -26.2342453 26.2791576 -41.3855553
v -26.1220207 25.9993973 -41.4564781
v -25.989296 25.7326908 -41.5398178
v -25.6940308 25.275425 -41.7230911
v -25.2939949 24.8320541 -41.9668159
v -24.8450661 24.4797554 -42.2341385
v -24.3244553 24.1940975 -42.5361099
v -23.8189278 24.0111198 -42.8212357
v -23.2637405 23.9050846 -43.1253777
v -22.8012314 23.8778858 -43.3716888
v -22.3741493 23.9013081 -43.593544
v -22.1714859 23.9283371 -43.6969681
v -27.3736916 30.960577 -40.6408768
v -28.0254784 30.960577 -40.1941833
v -28.0254784 33.7692299 -40.1941833
v -29.7350941 33.7692299 -38.9464226
v -30.8341331 29.4951935 -38.0822258
v -30.8341331 30.960577 -38.0822258
v -29.7350941 30.960577 -38.9464226
v -29.7350941 24 -38.9464226
v 23.6073837 28.7227268 -42.9382248
v 23.6707993 28.5946751 -42.9033051
v 23.1278152 28.3010139 -43.1984253
v 23.7598114 28.3351936 -42.8540688
v 22.5570831 29.4752464 -43.499176
v 22.7717285 29.4227982 -43.387188
v 22.9865341 29.3319721 -43.2737656
v 23.1982574 29.1991558 -43.1606369
v 23.384552 29.032959 -43.0599899
v 23.5347061 28.8431244 -42.9781036
v 23.8411636 27.850132 -42.8088684
v 23.873558 27.1082191 -42.7908058
v 23.873558 24 -42.7908058
v 26.2320786 29.3432636 -41.3869324
v 26.3783112 29.4143372 -41.2938805
v 26.1670532 28.4141083 -41.4280701
v 26.1020432 29.2534752 -41.4690628
v 25.7874451 28.8289452 -41.6654205
v 25.8832779 29.0066299 -41.605957
v 25.9865112 29.1425056 -41.5415649
v 25.6308746 28.2365284 -41.7619209
v 25.6919174 28.5640011 -41.7243958
v 25.7345963 28.698204 -41.6980858
v 25.5831757 27.3371849 -41.7911606
v 27.3749161 29.393486 -40.6400528
v 25.5831757 24 -41.7911606
v 26.5311661 29.4617329 -41.1958389
v 26.7457809 29.4910316 -41.0568314
v 26.8424911 29.4951935 -40.9936676
v 27.048378 29.4819717 -40.8581085
v 27.2514572 29.436594 -40.7229462
v 25.0748596 30.8195362 -42.0981178
v 24.7450638 30.6052437 -42.2928123
v 25.4159927 30.9666653 -41.8930435
v 27.2178726 30.9104919 -40.7453918
v 26.7817307 31.0278835 -41.03339
v 26.2485886 31.0815258 -41.3764648
v 26.17276 31.0826912 -41.424469
v 25.7558517 31.0499573 -41.6849594
v 24.4992294 30.3765297 -42.435688
v 23.8076401 30.2289963 -42.8275185
v 24.2810516 30.1028538 -42.5608978
v 24.1235123 29.8424587 -42.6503906
v 23.4754105 30.5238819 -43.0105209
v 23.1187286 30.7505646 -43.2032928
v 22.7133331 30.9271317 -43.4177856
v 22.3762741 31.0200825 -43.5924606
v 28.3313522 28.0325413 -39.9791794
v 27.8855896 28.2289104 -40.2913589
v 28.3005981 28.211977 -40.0009537
v 28.2557449 28.3856258 -40.0326462
v 27.4692764 29.3515911 -40.5763321
v 27.6668625 29.2334862 -40.441864
v 27.8466644 29.082943 -40.3182755
v 28.0068512 28.896368 -40.2071686
v 28.0840759 28.7782383 -40.1532669
v 28.1528702 28.651865 -40.1050644
v 28.2100754 28.5214634 -40.0648422
v 28.3792419 27.5501862 -39.9451942
v 28.3918304 27.064333 -39.9362488
v 28.3918304 24 -39.9362488
v 30.1014481 24 -38.6639748
v 30.1014481 30.960577 -38.6639748
v 27.9946518 30.4881878 -40.2156601
v 27.6132202 30.7357979 -40.4785156
v 27.3760757 30.8496056 -40.6392746
v -29.7350941 29.4951935 -38.9464226
v 28.3918304 30.1286659 -39.9362488
v 28.3918304 30.960577 -39.9362488
v -31.75 30 13
v -31.75 30 -13
v -32.9546814 38 5.11025238
v -32.9919434 38 5.32757568
v -31.75 38 13
v -35.3849182 38 -5.63400269
v -35.2614441 38 -5.81668472
v -35.1088715 38 -5.97587204
v -32.9546814 38 4.88975525
v -35.5312996 38 -4.78029633
v -35.4757385 38 -4.56691742
v -35.3849182 38 -4.3659935
v -35.5312996 38 4.78030396
v -35.4757385 38 4.56691742
v -34.305172 38 -3.70116806
v -35.3849182 38 4.36599731
v -35.2614441 38 4.18331909
v -34.52388 38 6.27082062
v -34.7347107 38 6.20626068
v -35.3849182 38 5.63400269
v -35.4757385 38 5.43308258
v -35.5312996 38 5.21970367
v -35.5499954 38 5
v -32.9919434 38 -5.32756805
v -32.9546814 38 -5.11024475
v -31.75 38 -13
v -32.9546814 38 -4.88975143
v -32.9919434 38 -4.67242813
v -35.1088715 38 4.02412415
v -34.9315987 38 3.893013
v -34.7347107 38 3.79374695
v -33.065403 38 5.53547668
v -33.1729355 38 5.72796631
v -33.3114548 38 5.89952087
v -33.4769745 38 6.04519653
v -33.6647339 38 6.16080475
v -33.8693275 38 6.2430191
v -34.52388 38 -3.72917557
v -34.7347107 38 -3.79374313
v -34.9315987 38 -3.89300919
v -35.1088715 38 -4.02412415
v -35.2614441 38 -4.18331146
v -35.5499954 38 -5
v -35.5312996 38 -5.21969986
v -35.4757385 38 -5.43307877
v -34.52388 38 -6.27082062
v -34.7347107 38 -6.20625305
v -34.9315987 38 -6.106987
v -34.305172 38 -6.29882812
v -34.0848732 38 -6.28946686
v -33.8693275 38 -6.24301529
v -33.6647339 38 -6.16080093
v -33.4769745 38 -6.04519272
v -33.3114548 38 -5.89951706
v -33.065403 38 -4.46452713
v -33.1729355 38 -4.27202988
v -33.4769745 38 3.95480347
v -33.1729355 38 4.27203369
v -33.065403 38 4.46453094
v -32.9919434 38 4.67243195
v -34.0848732 38 6.28947449
v -34.305172 38 6.29882812
v -33.1729355 38 -5.72796631
v -33.065403 38 -5.53546906
v -33.3114548 38 -4.10047913
v -33.4769745 38 -3.95480347
v -33.6647339 38 -3.83919525
v -33.3114548 38 4.10047913
v -34.9315987 38 6.106987
v -35.1088715 38 5.97587585
v -35.2614441 38 5.81668854
v -33.8693275 38 3.75698853
v -33.6647339 38 3.83919525
v -34.0848732 38 -3.71052933
v -33.8693275 38 -3.7569809
v -34.52388 38 3.72917938
v -34.305172 38 3.70117188
v -34.0848732 38 3.71053314
v 29.479538 4 -22.3597145
v 29.479538 4 22.3597183
v 24.25 4 16.0926361
v 24.25 4 -16.0926323
v 32.1253662 4 -18.3565025
v 32.1253662 4 18.3565063
v 34.2308502 4 14.044548
v 35.760582 4 9.49636078
v 36.6888428 4 4.78845215
v 37 4 0
v 36.6888428 4 -4.78844833
v 35.760582 4 -9.49635696
v 34.2308502 4 -14.0445404
v 14.3352661 38 -6.16080093
v 14.5230255 38 -6.04519272
v 14.6885452 38 -5.89951706
v 14.8270645 38 -5.72796631
v 14.9346008 38 -5.53546906
v 15.0080566 38 -5.32756805
v 12.4687042 38 4.78030396
v 12.5242615 38 4.56691742
v 13.6948318 38 -3.70116806
v 12.6150818 38 4.36599731
v 12.7385559 38 4.18331909
v 13.47612 38 -3.72917557
v 13.2652893 38 -3.79374313
v 13.0684052 38 -3.89300919
v 12.8911285 38 4.02412415
v 13.0684052 38 3.893013
v 13.2652893 38 3.79374695
v 15.0453186 38 5.11025238
v 15.0080566 38 5.32757568
v 14.9346008 38 5.53547668
v 13.2652893 38 6.20626068
v 13.47612 38 6.27082062
v 13.6948318 38 6.29882812
v 13.0684052 38 6.106987
v 12.8911285 38 5.97587585
v 12.7385559 38 5.81668854
v 12.6150818 38 5.63400269
v 12.5242615 38 5.43308258
v 12.4687042 38 5.21970367
v 12.8911285 38 -4.02412415
v 12.7385559 38 -4.18331146
v 12.6150818 38 -4.3659935
v 13.0684052 38 -6.106987
v 13.2652893 38 -6.20625305
v 13.47612 38 -6.27082062
v 14.9346008 38 -4.46452713
v 14.8270645 38 -4.27202988
v 15.0080566 38 4.67243195
v 14.8270645 38 5.72796631
v 14.6885452 38 5.89952087
v 14.5230255 38 6.04519653
v 13.6948318 38 -6.29882812
v 13.915123 38 -6.28946686
v 14.1306686 38 -6.24301529
v 15.0453186 38 -5.11024475
v 15.0453186 38 -4.88975143
v 15.0080566 38 -4.67242813
v 15.0453186 38 4.88975525
v 14.3352661 38 3.83919525
v 14.5230255 38 3.95480347
v 14.3352661 38 -3.83919525
v 14.6885452 38 -4.10047913
v 14.5230255 38 -3.95480347
v 14.9346008 38 4.46453094
v 14.8270645 38 4.27203369
v 14.3352661 38 6.16080475
v 14.1306686 38 6.2430191
v 13.915123 38 6.28947449
v 12.4500046 38 5
v 14.6885452 38 4.10047913
v 12.5242615 38 -4.56691742
v 12.4687042 38 -4.78029633
v 12.4500046 38 -5
v 12.4687042 38 -5.21969986
v 12.5242615 38 -5.43307877
v 12.6150818 38 -5.63400269
v 12.7385559 38 -5.81668472
v 12.8911285 38 -5.97587204
v 14.1306686 38 3.75698853
v 14.1306686 38 -3.7569809
v 13.915123 38 -3.71052933
v 13.47612 38 3.72917938
v 13.6948318 38 3.70117188
v 13.915123 38 3.71053314
v 12.4500046 30.7999992 5
v 12.4687042 30.7999992 5.21970367
v 12.5242615 30.7999992 5.43308258
v 12.6150818 30.7999992 5.63400269
v 12.7385559 30.7999992 5.81668854
v 12.8911285 30.7999992 5.97587585
v 13.0684052 30.7999992 6.106987
v 13.2652893 30.7999992 6.20626068
v 13.47612 30.7999992 6.27082062
v 13.6948318 30.7999992 6.29882812
v 13.915123 30.7999992 6.28947449
v 14.1306686 30.7999992 6.2430191
v 14.3352661 30.7999992 6.16080475
v 14.5230255 30.7999992 6.04519653
v 14.6885452 30.7999992 5.89952087
v 14.8270645 30.7999992 5.72796631
v 14.9346008 30.7999992 5.53547668
v 15.0080566 30.7999992 5.32757568
v 15.0453186 30.7999992 5.11025238
v 15.0453186 30.7999992 4.88975525
v 15.0080566 30.7999992 4.67243195
v 14.9346008 30.7999992 4.46453094
v 14.8270645 30.7999992 4.27203369
v 14.6885452 30.7999992 4.10047913
v 14.5230255 30.7999992 3.95480347
v 14.3352661 30.7999992 3.83919525
v 14.1306686 30.7999992 3.75698853
v 13.915123 30.7999992 3.71053314
v 13.6948318 30.7999992 3.70117188
v 13.47612 30.7999992 3.72917938
v 13.2652893 30.7999992 3.79374695
v 13.0684052 30.7999992 3.893013
v 12.8911285 30.7999992 4.02412415
v 12.7385559 30.7999992 4.18331909
v 12.6150818 30.7999992 4.36599731
v 12.5242615 30.7999992 4.56691742
v 12.4687042 30.7999992 4.78030396
v 13.75 30.7999992 5
v 12.4500046 30.7999992 -5
v 12.4687042 30.7999992 -4.78029633
v 12.5242615 30.7999992 -4.56691742
v 12.6150818 30.7999992 -4.3659935
v 12.7385559 30.7999992 -4.18331146
v 12.8911285 30.7999992 -4.02412415
v 13.0684052 30.7999992 -3.89300919
v 13.2652893 30.7999992 -3.79374313
v 13.47612 30.7999992 -3.72917557
v 13.6948318 30.7999992 -3.70116806
v 13.915123 30.7999992 -3.71052933
v 14.1306686 30.7999992 -3.7569809
v 14.3352661 30.7999992 -3.83919525
v 14.5230255 30.7999992 -3.95480347
v 14.6885452 30.7999992 -4.10047913
v 14.8270645 30.7999992 -4.27202988
v 14.9346008 30.7999992 -4.46452713
v 15.0080566 30.7999992 -4.67242813
v 15.0453186 30.7999992 -4.88975143
v 15.0453186 30.7999992 -5.11024475
v 15.0080566 30.7999992 -5.32756805
v 14.9346008 30.7999992 -5.53546906
v 14.8270645 30.7999992 -5.72796631
v 14.6885452 30.7999992 -5.89951706
v 14.5230255 30.7999992 -6.04519272
v 14.3352661 30.7999992 -6.16080093
v 14.1306686 30.7999992 -6.24301529
v 13.915123 30.7999992 -6.28946686
v 13.6948318 30.7999992 -6.29882812
v 13.47612 30.7999992 -6.27082062
v 13.2652893 30.7999992 -6.20625305
v 13.0684052 30.7999992 -6.106987
v 12.8911285 30.7999992 -5.97587204
v 12.7385559 30.7999992 -5.81668472
v 12.6150818 30.7999992 -5.63400269
v 12.5242615 30.7999992 -5.43307877
v 12.4687042 30.7999992 -5.21969986
v 13.75 30.7999992 -5
v -35.5499954 30.7999992 -5
v -35.5312996 30.7999992 -4.78029633
v -35.4757385 30.7999992 -4.56691742
v -35.3849182 30.7999992 -4.3659935
v -35.2614441 30.7999992 -4.18331146
v -35.1088715 30.7999992 -4.02412415
v -34.9315987 30.7999992 -3.89300919
v -34.7347107 30.7999992 -3.79374313
v -34.52388 30.7999992 -3.72917557
v -34.305172 30.7999992 -3.70116806
v -34.0848732 30.7999992 -3.71052933
v -33.8693275 30.7999992 -3.7569809
v -33.6647339 30.7999992 -3.83919525
v -33.4769745 30.7999992 -3.95480347
v -33.3114548 30.7999992 -4.10047913
v -33.1729355 30.7999992 -4.27202988
v -33.065403 30.7999992 -4.46452713
v -32.9919434 30.7999992 -4.67242813
v -32.9546814 30.7999992 -4.88975143
v -32.9546814 30.7999992 -5.11024475
v -32.9919434 30.7999992 -5.32756805
v -33.065403 30.7999992 -5.53546906
v -33.1729355 30.7999992 -5.72796631
v -33.3114548 30.7999992 -5.89951706
v -33.4769745 30.7999992 -6.04519272
v -33.6647339 30.7999992 -6.16080093
v -33.8693275 30.7999992 -6.24301529
v -34.0848732 30.7999992 -6.28946686
v -34.305172 30.7999992 -6.29882812
v -34.52388 30.7999992 -6.27082062
v -34.7347107 30.7999992 -6.20625305
v -34.9315987 30.7999992 -6.106987
v -35.1088715 30.7999992 -5.97587204
v -35.2614441 30.7999992 -5.81668472
v -35.3849182 30.7999992 -5.63400269
v -35.4757385 30.7999992 -5.43307877
v -35.5312996 30.7999992 -5.21969986
v -34.2499962 30.7999992 -5
v -35.5499954 30.7999992 5
v -35.5312996 30.7999992 5.21970367
v -35.4757385 30.7999992 5.43308258
v -35.3849182 30.7999992 5.63400269
v -35.2614441 30.7999992 5.81668854
v -35.1088715 30.7999992 5.97587585
v -34.9315987 30.7999992 6.106987
v -34.7347107 30.7999992 6.20626068
v -34.52388 30.7999992 6.27082062
v -34.305172 30.7999992 6.29882812
v -34.0848732 30.7999992 6.28947449
v -33.8693275 30.7999992 6.2430191
v -33.6647339 30.7999992 6.16080475
v -33.4769745 30.7999992 6.04519653
v -33.3114548 30.7999992 5.89952087
v -33.1729355 30.7999992 5.72796631
v -33.065403 30.7999992 5.53547668
v -32.9919434 30.7999992 5.32757568
v -32.9546814 30.7999992 5.11025238
v -32.9546814 30.7999992 4.88975525
v -32.9919434 30.7999992 4.67243195
v -33.065403 30.7999992 4.46453094
v -33.1729355 30.7999992 4.27203369
v -33.3114548 30.7999992 4.10047913
v -33.4769745 30.7999992 3.95480347
v -33.6647339 30.7999992 3.83919525
v -33.8693275 30.7999992 3.75698853
v -34.0848732 30.7999992 3.71053314
v -34.305172 30.7999992 3.70117188
v -34.52388 30.7999992 3.72917938
v -34.7347107 30.7999992 3.79374695
v -34.9315987 30.7999992 3.893013
v -35.1088715 30.7999992 4.02412415
v -35.2614441 30.7999992 4.18331909
v -35.3849182 30.7999992 4.36599731
v -35.4757385 30.7999992 4.56691742
v -35.5312996 30.7999992 4.78030396
v -34.2499962 30.7999992 5
v 38.8908768 2.55000019 -37.1908722
v 39.1781769 2.55000019 -37.2153244
v 39.4572144 2.55000019 -37.2879791
v 39.7199554 2.55000019 -37.4067459
v 39.958847 2.55000019 -37.5682106
v 40.1670151 2.55000019 -37.7677231
v 40.3384705 2.55000019 -37.9995499
v 40.4682846 2.55000019 -38.2570152
v 40.5527191 2.55000019 -38.5327148
v 40.5893402 2.55000019 -38.8187218
v 40.5771027 2.55000019 -39.1068039
v 40.5163574 2.55000019 -39.3886719
v 40.408844 2.55000019 -39.6562157
v 40.2576675 2.55000019 -39.9017487
v 40.0671692 2.55000019 -40.1181946
v 39.8428345 2.55000019 -40.2993393
v 39.5911026 2.55000019 -40.4399567
v 39.3192368 2.55000019 -40.5360184
v 39.0350494 2.55000019 -40.5847473
v 38.7467041 2.55000019 -40.5847473
v 38.4625092 2.55000019 -40.5360184
v 38.1906433 2.55000019 -40.4399567
v 37.9389191 2.55000019 -40.2993393
v 37.7145767 2.55000019 -40.1181946
v 37.5240784 2.55000019 -39.9017487
v 37.3729019 2.55000019 -39.6562157
v 37.2653885 2.55000019 -39.3886719
v 37.2046432 2.55000019 -39.1068039
v 37.1924057 2.55000019 -38.8187218
v 37.2290268 2.55000019 -38.5327148
v 37.3134613 2.55000019 -38.2570152
v 37.4432755 2.55000019 -37.9995499
v 37.6147308 2.55000019 -37.7677231
v 37.8228989 2.55000019 -37.5682106
v 38.0617905 2.55000019 -37.4067459
v 38.3245392 2.55000019 -37.2879791
v 38.603569 2.55000019 -37.2153244
v 38.8908768 2.55000019 40.5908737
v 39.1781769 2.55000019 40.5664215
v 39.4572144 2.55000019 40.4937668
v 39.7199554 2.55000019 40.375
v 39.958847 2.55000019 40.2135315
v 40.1670151 2.55000019 40.0140228
v 40.3384705 2.55000019 39.782196
v 40.4682846 2.55000019 39.5247345
v 40.5527191 2.55000019 39.2490311
v 40.5893402 2.55000019 38.963028
v 40.5771027 2.55000019 38.674942
v 40.5163574 2.55000019 38.393074
v 40.408844 2.55000019 38.1255264
v 40.2576675 2.55000019 37.8799973
v 40.0671692 2.55000019 37.6635513
v 39.8428345 2.55000019 37.4824066
v 39.5911026 2.55000019 37.3417892
v 39.3192368 2.55000019 37.2457275
v 39.0350494 2.55000019 37.1969986
v 38.7467041 2.55000019 37.1969986
v 38.4625092 2.55000019 37.2457275
v 38.1906433 2.55000019 37.3417892
v 37.9389191 2.55000019 37.4824066
v 37.7145767 2.55000019 37.6635513
v 37.5240784 2.55000019 37.8799973
v 37.3729019 2.55000019 38.1255264
v 37.2653885 2.55000019 38.393074
v 37.2046432 2.55000019 38.674942
v 37.1924057 2.55000019 38.963028
v 37.2290268 2.55000019 39.2490311
v 37.3134613 2.55000019 39.5247345
v 37.4432755 2.55000019 39.782196
v 37.6147308 2.55000019 40.0140228
v 37.8228989 2.55000019 40.2135315
v 38.0617905 2.55000019 40.375
v 38.3245392 2.55000019 40.4937668
v 38.603569 2.55000019 40.5664215
v -38.8908691 2.55000019 40.5908737
v -38.603569 2.55000019 40.5664215
v -38.3245316 2.55000019 40.4937668
v -38.0617905 2.55000019 40.375
v -37.8228989 2.55000019 40.2135315
v -37.614727 2.55000019 40.0140228
v -37.4432716 2.55000019 39.782196
v -37.3134613 2.55000019 39.5247345
v -37.2290268 2.55000019 39.2490311
v -37.1924019 2.55000019 38.963028
v -37.2046394 2.55000019 38.674942
v -37.2653885 2.55000019 38.393074
v -37.3728943 2.55000019 38.1255264
v -37.5240784 2.55000019 37.8799973
v -37.7145767 2.55000019 37.6635513
v -37.9389114 2.55000019 37.4824066
v -38.1906395 2.55000019 37.3417892
v -38.4625092 2.55000019 37.2457275
v -38.7467041 2.55000019 37.1969986
v -39.0350418 2.55000019 37.1969986
v -39.3192368 2.55000019 37.2457275
v -39.5911026 2.55000019 37.3417892
v -39.8428268 2.55000019 37.4824066
v -40.0671692 2.55000019 37.6635513
v -40.2576637 2.55000019 37.8799973
v -40.408844 2.55000019 38.1255264
v -40.5163574 2.55000019 38.393074
v -40.5771027 2.55000019 38.674942
v -40.5893402 2.55000019 38.963028
v -40.5527153 2.55000019 39.2490311
v -40.4682808 2.55000019 39.5247345
v -40.3384705 2.55000019 39.782196
v -40.1670151 2.55000019 40.0140228
v -39.9588432 2.55000019 40.2135315
v -39.7199516 2.55000019 40.375
v -39.4572067 2.55000019 40.4937668
v -39.1781731 2.55000019 40.5664215
v -38.8908691 2.55000019 -37.1908722
v -38.603569 2.55000019 -37.2153244
v -38.3245316 2.55000019 -37.2879791
v -38.0617905 2.55000019 -37.4067459
v -37.8228989 2.55000019 -37.5682106
v -37.614727 2.55000019 -37.7677231
v -37.4432716 2.55000019 -37.9995499
v -37.3134613 2.55000019 -38.2570152
v -37.2290268 2.55000019 -38.5327148
v -37.1924019 2.55000019 -38.8187218
v -37.2046394 2.55000019 -39.1068039
v -37.2653885 2.55000019 -39.3886719
v -37.3728943 2.55000019 -39.6562157
v -37.5240784 2.55000019 -39.9017487
v -37.7145767 2.55000019 -40.1181946
v -37.9389114 2.55000019 -40.2993393
v -38.1906395 2.55000019 -40.4399567
v -38.4625092 2.55000019 -40.5360184
v -38.7467041 2.55000019 -40.5847473
v -39.0350418 2.55000019 -40.5847473
v -39.3192368 2.55000019 -40.5360184
v -39.5911026 2.55000019 -40.4399567
v -39.8428268 2.55000019 -40.2993393
v -40.0671692 2.55000019 -40.1181946
v -40.2576637 2.55000019 -39.9017487
v -40.408844 2.55000019 -39.6562157
v -40.5163574 2.55000019 -39.3886719
v -40.5771027 2.55000019 -39.1068039
v -40.5893402 2.55000019 -38.8187218
v -40.5527153 2.55000019 -38.5327148
v -40.4682808 2.55000019 -38.2570152
v -40.3384705 2.55000019 -37.9995499
v -40.1670151 2.55000019 -37.7677231
v -39.9588432 2.55000019 -37.5682106
v -39.7199516 2.55000019 -37.4067459
v -39.4572067 2.55000019 -37.2879791
v -39.1781731 2.55000019 -37.2153244
f 1 2 3
f 3 4 1
f 1 4 5
f 1 5 6
f 6 5 7
f 6 7 8
f 8 7 9
f 8 9 2
f 2 9 10
f 2 10 3
f 11 12 13
f 13 12 14
f 13 14 15
f 15 14 16
f 15 16 17
f 17 16 18
f 17 18 11
f 11 18 12
f 19 20 21
f 22 23 20
f 20 23 24
f 20 24 21
f 25 26 27
f 28 29 30
f 31 32 33
f 33 32 34
f 33 34 20
f 20 34 35
f 20 35 22
f 21 36 19
f 19 36 37
f 19 37 38
f 38 37 39
f 38 39 40
f 40 39 41
f 25 27 42
f 42 27 43
f 42 43 44
f 45 46 47
f 47 46 48
f 49 50 51
f 51 50 52
f 29 28 53
f 53 28 54
f 53 54 55
f 55 54 56
f 55 56 57
f 57 56 58
f 57 58 49
f 49 58 59
f 49 59 50
f 60 61 62
f 62 61 63
f 62 63 64
f 64 63 65
f 65 66 64
f 64 66 67
f 64 67 68
f 68 67 69
f 68 69 70
f 70 71 68
f 68 71 72
f 68 72 25
f 25 72 73
f 25 73 26
f 52 47 51
f 51 47 48
f 51 48 44
f 44 48 74
f 44 74 42
f 30 75 28
f 28 75 76
f 28 76 33
f 33 76 77
f 33 77 31
f 60 78 61
f 61 78 79
f 61 79 80
f 80 79 81
f 80 81 41
f 41 81 82
f 41 82 40
f 83 84 85
f 86 87 47
f 85 84 88
f 89 90 91
f 91 90 92
f 91 92 93
f 94 95 96
f 97 98 99
f 100 101 47
f 47 101 102
f 96 103 94
f 94 103 104
f 94 104 99
f 99 104 105
f 99 105 97
f 98 106 99
f 99 106 107
f 99 107 108
f 102 109 47
f 47 109 110
f 47 110 45
f 95 94 111
f 111 94 112
f 111 112 113
f 86 47 114
f 114 47 115
f 114 115 116
f 100 47 117
f 117 47 87
f 117 87 89
f 89 87 118
f 89 118 90
f 93 119 91
f 91 119 120
f 91 120 85
f 85 120 121
f 85 121 83
f 122 123 124
f 124 123 125
f 124 125 112
f 112 125 126
f 112 126 113
f 115 127 116
f 116 127 128
f 116 128 129
f 129 128 130
f 129 130 131
f 131 130 132
f 131 132 133
f 133 132 108
f 133 108 134
f 134 108 107
f 135 136 137
f 137 136 138
f 124 139 122
f 122 139 140
f 122 140 141
f 141 140 142
f 141 142 143
f 143 142 144
f 144 137 143
f 143 137 138
f 143 138 145
f 145 138 146
f 145 146 147
f 147 146 88
f 147 88 148
f 148 88 84
f 149 150 151
f 151 150 152
f 151 152 153
f 154 155 156
f 156 155 157
f 157 155 158
f 157 158 159
f 157 160 161
f 161 160 162
f 161 162 163
f 164 165 166
f 166 167 164
f 164 167 168
f 164 168 149
f 149 168 169
f 149 169 150
f 159 170 157
f 157 170 171
f 157 171 160
f 172 173 174
f 174 173 161
f 174 161 175
f 175 161 163
f 172 176 173
f 173 176 177
f 173 177 178
f 179 180 181
f 181 180 182
f 183 184 185
f 185 184 186
f 165 164 187
f 187 164 188
f 187 188 189
f 186 181 185
f 185 181 182
f 185 182 153
f 153 182 190
f 153 190 151
f 154 156 191
f 191 156 192
f 191 192 193
f 193 192 194
f 193 194 183
f 183 194 195
f 183 195 184
f 177 196 178
f 178 196 197
f 178 197 198
f 198 197 199
f 200 201 202
f 202 201 203
f 202 203 188
f 188 203 204
f 188 204 189
f 205 206 137
f 137 206 207
f 202 205 200
f 200 205 137
f 200 137 208
f 208 137 209
f 208 209 210
f 210 209 211
f 210 211 199
f 199 211 212
f 199 212 198
f 207 213 137
f 137 213 214
f 137 214 135
f 215 216 217
f 218 219 220
f 218 220 215
f 215 220 221
f 215 221 216
f 217 222 215
f 215 222 223
f 215 223 224
f 224 223 225
f 224 225 226
f 227 228 229
f 230 231 232
f 219 218 233
f 233 218 234
f 233 234 235
f 226 236 224
f 224 236 237
f 224 237 238
f 238 237 239
f 238 239 240
f 241 242 243
f 243 242 244
f 243 244 245
f 245 244 246
f 245 246 247
f 247 246 248
f 247 248 249
f 249 248 238
f 249 238 250
f 250 238 240
f 181 251 252
f 227 229 253
f 253 229 254
f 253 254 255
f 230 232 256
f 256 232 257
f 256 257 258
f 259 181 260
f 260 181 261
f 260 261 241
f 241 261 262
f 241 262 242
f 252 263 181
f 181 263 264
f 181 264 179
f 234 265 235
f 235 265 266
f 235 266 267
f 267 266 268
f 251 181 269
f 269 181 259
f 269 259 270
f 270 259 271
f 270 271 227
f 227 271 272
f 227 272 228
f 255 273 253
f 253 273 274
f 253 274 230
f 230 274 275
f 230 275 231
f 276 277 278
f 78 279 79
f 79 279 280
f 79 280 281
f 281 280 282
f 281 282 276
f 276 282 283
f 276 283 277
f 268 276 267
f 267 276 278
f 267 278 258
f 258 278 284
f 258 284 256
f 285 286 287
f 288 289 290
f 291 292 293
f 293 292 294
f 293 294 295
f 296 297 298
f 298 297 299
f 298 299 300
f 301 302 303
f 302 304 303
f 303 304 305
f 303 305 306
f 306 305 307
f 306 307 296
f 296 307 308
f 296 308 297
f 299 309 300
f 300 309 310
f 300 310 311
f 311 310 312
f 311 312 313
f 314 315 316
f 315 317 316
f 316 317 318
f 316 318 319
f 320 321 322
f 319 323 316
f 316 323 324
f 316 324 325
f 326 327 328
f 325 329 316
f 316 329 330
f 316 330 326
f 326 330 331
f 326 331 327
f 328 332 326
f 326 332 333
f 326 333 334
f 320 322 335
f 335 322 336
f 335 336 337
f 338 339 311
f 311 339 340
f 311 340 341
f 341 340 342
f 341 342 343
f 343 342 344
f 343 344 345
f 344 346 345
f 345 346 347
f 345 347 320
f 320 347 348
f 320 348 321
f 349 350 311
f 311 350 351
f 311 351 338
f 334 352 326
f 326 352 353
f 326 353 354
f 354 355 326
f 326 355 356
f 326 356 311
f 311 356 357
f 311 357 349
f 337 314 335
f 335 314 316
f 335 316 358
f 358 316 359
f 360 361 362
f 359 316 363
f 363 316 364
f 363 364 365
f 366 367 368
f 368 367 369
f 368 369 370
f 370 369 371
f 370 371 372
f 372 371 373
f 372 373 374
f 374 373 375
f 374 375 376
f 376 375 363
f 376 363 377
f 377 363 365
f 362 378 379
f 366 360 367
f 367 360 362
f 367 362 380
f 380 362 379
f 381 382 383
f 382 384 383
f 383 384 385
f 383 385 386
f 387 388 389
f 389 388 390
f 386 391 383
f 383 391 392
f 383 392 393
f 394 395 396
f 390 397 389
f 389 397 398
f 389 398 383
f 383 398 399
f 383 399 381
f 400 362 401
f 401 362 383
f 401 383 402
f 402 383 393
f 400 403 362
f 362 403 404
f 362 404 405
f 394 396 389
f 389 396 406
f 389 406 387
f 395 394 407
f 407 394 408
f 407 408 409
f 409 408 410
f 409 410 411
f 411 410 412
f 411 412 413
f 405 414 362
f 362 414 415
f 362 415 416
f 417 418 378
f 378 418 419
f 378 419 412
f 412 419 420
f 412 420 413
f 416 421 362
f 362 421 422
f 362 422 378
f 378 422 423
f 378 423 417
f 389 424 425
f 425 426 389
f 389 426 427
f 389 427 428
f 428 427 429
f 428 429 430
f 430 429 431
f 430 431 432
f 432 431 433
f 432 433 434
f 434 433 435
f 434 435 436
f 437 438 439
f 439 438 436
f 439 436 440
f 440 436 435
f 438 441 442
f 442 443 438
f 438 443 444
f 438 444 436
f 295 4 445
f 445 4 446
f 446 4 3
f 446 3 447
f 447 3 442
f 447 442 448
f 448 442 441
f 448 441 449
f 450 451 452
f 452 451 301
f 452 301 293
f 293 301 303
f 293 303 291
f 453 454 455
f 455 454 456
f 455 456 457
f 457 458 455
f 455 458 459
f 455 459 460
f 461 462 463
f 460 464 455
f 455 464 465
f 455 465 466
f 466 467 455
f 455 467 468
f 455 468 469
f 470 471 452
f 452 471 472
f 452 472 473
f 474 475 450
f 476 477 478
f 478 477 479
f 478 479 480
f 480 479 481
f 480 481 461
f 461 481 482
f 461 482 462
f 475 483 450
f 450 483 484
f 450 484 485
f 484 486 485
f 485 486 487
f 485 487 478
f 478 487 488
f 478 488 476
f 473 489 452
f 452 489 490
f 452 490 491
f 491 492 452
f 452 492 493
f 452 493 450
f 450 493 494
f 450 494 474
f 495 496 497
f 498 499 455
f 455 499 500
f 497 501 495
f 495 501 502
f 495 502 455
f 455 502 503
f 455 503 498
f 463 453 461
f 461 453 455
f 461 455 504
f 504 455 500
f 285 505 286
f 286 505 506
f 286 506 507
f 508 509 495
f 507 510 286
f 286 510 511
f 286 511 512
f 512 513 286
f 286 513 514
f 286 514 515
f 516 517 518
f 519 520 285
f 285 520 521
f 285 521 505
f 515 522 286
f 286 522 523
f 286 523 495
f 495 523 524
f 495 524 508
f 509 525 495
f 495 525 526
f 495 526 527
f 518 528 516
f 516 528 529
f 516 529 285
f 285 529 530
f 285 530 519
f 531 532 516
f 516 532 533
f 516 533 517
f 534 535 496
f 496 535 536
f 496 536 531
f 531 536 537
f 531 537 532
f 527 538 495
f 495 538 539
f 495 539 540
f 540 541 495
f 495 541 542
f 495 542 496
f 496 542 543
f 496 543 534
f 361 544 362
f 362 544 545
f 362 545 383
f 383 545 546
f 383 546 389
f 389 546 547
f 389 547 424
f 313 548 311
f 311 548 549
f 311 549 326
f 326 549 550
f 326 550 316
f 316 550 551
f 316 551 364
f 290 289 455
f 455 289 552
f 455 552 553
f 553 554 455
f 455 554 555
f 455 555 495
f 495 555 556
f 495 556 557
f 445 288 295
f 295 288 290
f 295 290 293
f 293 290 455
f 293 455 452
f 452 455 469
f 452 469 470
f 437 287 438
f 438 287 286
f 438 286 441
f 441 286 495
f 441 495 449
f 449 495 557
f 370 372 181
f 181 372 261
f 261 372 374
f 261 374 262
f 262 374 376
f 262 376 242
f 242 376 377
f 242 377 244
f 244 377 365
f 244 365 246
f 246 365 364
f 246 364 248
f 248 364 551
f 248 551 238
f 238 551 550
f 238 550 224
f 224 550 549
f 224 549 215
f 215 549 548
f 215 548 218
f 218 548 313
f 218 313 234
f 234 313 312
f 234 312 265
f 265 312 310
f 265 310 266
f 266 310 309
f 266 309 268
f 268 309 299
f 268 299 276
f 276 299 281
f 281 299 297
f 281 297 79
f 297 308 79
f 79 308 307
f 79 307 81
f 81 307 305
f 81 305 82
f 82 305 304
f 82 304 40
f 40 304 302
f 40 302 38
f 38 302 301
f 38 301 19
f 19 301 451
f 19 451 20
f 20 451 450
f 20 450 33
f 498 50 499
f 499 50 59
f 499 59 500
f 500 59 58
f 500 58 504
f 504 58 56
f 504 56 461
f 461 56 54
f 461 54 480
f 480 54 28
f 480 28 478
f 478 28 33
f 478 33 485
f 485 33 450
f 181 186 370
f 370 186 184
f 370 184 368
f 368 184 195
f 368 195 366
f 366 195 194
f 366 194 360
f 360 194 192
f 360 192 361
f 361 192 156
f 361 156 544
f 544 156 157
f 544 157 545
f 545 157 161
f 545 161 546
f 546 161 173
f 546 173 547
f 547 173 178
f 547 178 424
f 424 178 198
f 424 198 425
f 425 198 212
f 425 212 426
f 426 212 211
f 426 211 427
f 427 211 209
f 427 209 429
f 429 209 137
f 429 137 431
f 431 137 144
f 431 144 433
f 433 144 142
f 433 142 435
f 435 142 140
f 435 140 440
f 440 140 139
f 440 139 439
f 439 139 124
f 439 124 437
f 437 124 112
f 437 112 287
f 287 112 94
f 287 94 285
f 285 94 99
f 285 99 516
f 516 99 108
f 516 108 531
f 531 108 132
f 531 132 496
f 496 132 130
f 496 130 497
f 497 130 128
f 497 128 501
f 501 128 127
f 501 127 502
f 502 127 115
f 502 115 503
f 503 115 47
f 503 47 498
f 498 47 52
f 498 52 50
f 558 559 560
f 561 562 563
f 564 565 566
f 567 295 294
f 369 367 568
f 359 363 569
f 570 571 572
f 572 571 573
f 572 573 574
f 574 573 575
f 574 575 576
f 576 575 577
f 576 577 578
f 578 577 579
f 578 579 580
f 580 579 581
f 580 581 582
f 582 581 583
f 582 583 584
f 375 585 363
f 363 585 586
f 363 586 569
f 371 587 373
f 373 587 588
f 373 588 375
f 375 588 589
f 375 589 585
f 568 590 369
f 369 590 591
f 369 591 371
f 371 591 592
f 371 592 587
f 593 594 595
f 595 594 596
f 595 596 597
f 597 596 598
f 597 598 599
f 599 598 600
f 599 600 601
f 601 600 602
f 601 602 603
f 603 602 604
f 603 604 605
f 606 607 593
f 608 609 593
f 593 609 610
f 593 610 611
f 611 612 593
f 593 612 613
f 593 613 606
f 607 614 593
f 593 614 615
f 593 615 594
f 594 615 616
f 594 616 617
f 617 618 594
f 594 618 619
f 594 619 620
f 620 621 594
f 594 621 622
f 594 622 623
f 623 622 624
f 623 624 625
f 625 626 623
f 623 626 627
f 623 627 628
f 628 627 629
f 629 630 628
f 628 630 631
f 628 631 632
f 633 634 635
f 633 635 636
f 632 637 628
f 628 637 638
f 628 638 635
f 635 638 639
f 635 639 636
f 640 641 642
f 642 641 643
f 642 643 644
f 644 643 645
f 644 645 646
f 646 645 647
f 646 647 648
f 648 647 649
f 648 649 650
f 650 649 635
f 650 635 651
f 651 635 634
f 652 653 654
f 652 654 655
f 656 657 658
f 658 657 659
f 658 659 660
f 443 442 661
f 660 655 658
f 658 655 654
f 658 654 640
f 640 654 662
f 640 662 641
f 641 662 663
f 641 663 661
f 661 663 664
f 661 664 443
f 665 666 667
f 667 668 665
f 665 668 669
f 665 669 670
f 670 671 665
f 665 671 672
f 665 672 673
f 674 675 665
f 665 675 676
f 665 676 677
f 677 678 665
f 665 678 679
f 665 679 666
f 673 680 665
f 665 680 681
f 665 681 674
f 680 682 681
f 681 682 683
f 681 683 684
f 684 685 681
f 681 685 686
f 681 686 664
f 651 687 650
f 650 687 688
f 650 688 689
f 689 688 690
f 689 690 691
f 691 692 689
f 689 692 693
f 689 693 694
f 694 695 689
f 689 695 696
f 689 696 608
f 608 696 697
f 608 697 609
f 698 699 566
f 700 701 702
f 703 704 705
f 705 704 706
f 705 706 707
f 707 708 705
f 705 708 709
f 705 709 710
f 711 712 713
f 713 714 711
f 711 714 715
f 711 715 716
f 717 718 719
f 719 718 720
f 719 720 721
f 721 722 719
f 719 722 723
f 719 723 724
f 716 725 711
f 711 725 717
f 711 717 726
f 726 717 719
f 726 719 727
f 727 719 728
f 724 729 719
f 719 729 730
f 719 730 731
f 731 732 719
f 719 732 733
f 719 733 728
f 703 705 734
f 734 705 735
f 734 735 711
f 735 736 711
f 711 736 737
f 711 737 738
f 738 739 711
f 711 739 740
f 711 740 712
f 710 741 705
f 705 741 742
f 705 742 699
f 699 742 743
f 699 743 566
f 566 743 744
f 566 744 564
f 745 746 747
f 747 748 745
f 745 748 749
f 745 749 750
f 745 751 752
f 752 753 745
f 745 753 754
f 745 754 746
f 750 755 745
f 745 755 756
f 745 756 757
f 757 758 745
f 745 758 759
f 745 759 760
f 760 761 745
f 745 761 762
f 745 762 763
f 764 765 766
f 766 765 767
f 766 767 768
f 769 770 771
f 751 745 772
f 772 745 763
f 772 763 773
f 773 763 774
f 773 774 775
f 775 774 776
f 775 776 777
f 778 779 780
f 779 781 780
f 780 781 782
f 780 782 783
f 783 784 780
f 780 784 785
f 780 785 771
f 771 785 786
f 771 786 769
f 787 788 789
f 789 788 790
f 789 790 791
f 764 792 765
f 765 792 793
f 765 793 794
f 794 793 791
f 794 791 795
f 795 791 790
f 702 698 700
f 700 698 566
f 700 566 796
f 796 566 797
f 796 797 780
f 780 797 775
f 780 775 778
f 778 775 777
f 770 787 771
f 771 787 789
f 771 789 798
f 799 800 434
f 800 801 434
f 434 801 802
f 434 802 803
f 803 804 434
f 434 804 805
f 434 805 432
f 806 807 808
f 809 810 436
f 436 810 811
f 436 811 812
f 812 813 436
f 436 813 814
f 436 814 815
f 806 808 816
f 789 799 798
f 798 799 434
f 798 434 808
f 808 434 436
f 808 436 816
f 816 436 815
f 817 818 436
f 819 820 821
f 821 822 819
f 819 822 817
f 819 817 444
f 444 817 436
f 823 824 825
f 826 565 827
f 825 824 828
f 827 829 826
f 826 829 830
f 826 830 831
f 831 830 828
f 831 828 832
f 832 828 824
f 565 826 566
f 566 826 833
f 566 833 834
f 835 836 818
f 823 825 837
f 837 825 838
f 837 838 839
f 838 840 839
f 839 840 841
f 839 841 818
f 818 841 842
f 818 842 835
f 836 843 818
f 818 843 844
f 818 844 436
f 436 844 845
f 436 845 809
f 846 847 775
f 848 849 850
f 850 849 851
f 850 851 852
f 852 853 850
f 850 853 854
f 850 854 855
f 805 856 432
f 432 856 857
f 432 857 430
f 430 857 858
f 858 859 430
f 430 859 860
f 430 860 861
f 847 862 863
f 847 863 775
f 775 863 864
f 775 864 773
f 865 866 867
f 867 866 868
f 867 868 869
f 869 870 867
f 867 870 871
f 867 871 872
f 864 865 773
f 773 865 867
f 773 867 873
f 874 875 867
f 867 875 876
f 867 876 873
f 872 877 867
f 867 877 878
f 867 878 879
f 879 880 867
f 867 880 881
f 867 881 882
f 882 883 867
f 867 883 884
f 867 884 874
f 885 886 887
f 887 886 888
f 887 888 767
f 767 888 889
f 767 889 768
f 890 891 885
f 885 891 892
f 885 892 886
f 893 894 890
f 890 894 895
f 890 895 891
f 896 897 898
f 898 897 899
f 898 899 890
f 890 899 900
f 890 900 893
f 901 430 902
f 902 430 861
f 902 861 850
f 850 861 903
f 850 903 848
f 904 905 906
f 906 907 904
f 904 907 908
f 904 908 909
f 910 911 904
f 904 911 912
f 904 912 905
f 913 914 909
f 909 914 915
f 909 915 904
f 904 915 916
f 904 916 910
f 917 918 919
f 913 909 919
f 919 909 920
f 919 920 921
f 921 922 919
f 919 922 923
f 919 923 924
f 924 925 919
f 919 925 926
f 919 926 917
f 918 927 919
f 919 927 928
f 919 928 901
f 901 928 929
f 901 929 430
f 430 929 428
f 930 931 932
f 933 934 935
f 936 937 935
f 937 938 935
f 935 938 939
f 935 939 933
f 934 940 935
f 935 940 941
f 935 941 942
f 930 932 943
f 854 846 855
f 855 846 775
f 855 775 944
f 944 775 945
f 944 945 932
f 932 945 935
f 932 935 943
f 943 935 942
f 929 946 428
f 428 946 947
f 428 947 948
f 949 950 951
f 951 950 952
f 953 954 955
f 955 954 956
f 955 956 957
f 957 958 955
f 955 958 959
f 955 959 960
f 961 962 952
f 963 964 952
f 952 964 965
f 952 965 961
f 960 966 955
f 955 966 967
f 955 967 952
f 952 967 968
f 952 968 963
f 969 951 970
f 970 951 952
f 970 952 971
f 971 952 962
f 969 972 951
f 951 972 973
f 951 973 974
f 975 976 935
f 974 977 951
f 951 977 978
f 951 978 979
f 980 981 935
f 935 981 982
f 935 982 975
f 976 983 935
f 935 983 984
f 935 984 985
f 985 986 935
f 935 986 987
f 935 987 988
f 988 989 935
f 935 989 990
f 935 990 991
f 991 992 935
f 935 992 993
f 935 993 936
f 948 947 955
f 955 947 994
f 955 994 995
f 995 996 955
f 955 996 997
f 955 997 953
f 953 997 993
f 953 993 998
f 998 993 992
f 999 1000 1001
f 1001 1000 1002
f 1001 1002 1003
f 1004 1005 1006
f 1006 1007 1004
f 1004 1007 1008
f 1004 1008 1009
f 1010 1011 1012
f 1013 1012 1004
f 1004 1012 1014
f 1004 1014 1005
f 1013 1015 1012
f 1012 1015 1016
f 1012 1016 1017
f 1018 1019 1020
f 1021 1022 1020
f 1020 1022 1023
f 1023 1024 1020
f 1020 1024 1025
f 1020 1025 1026
f 1026 1027 1020
f 1020 1027 1028
f 1020 1028 1018
f 1029 1030 1020
f 1011 1021 1012
f 1012 1021 1020
f 1012 1020 1031
f 1031 1020 1030
f 1019 1032 1020
f 1020 1032 1033
f 1020 1033 1034
f 1034 1035 1020
f 1020 1035 1036
f 1020 1036 1029
f 1037 1038 1039
f 1039 1038 1040
f 1039 1040 1041
f 979 980 951
f 951 980 935
f 951 935 1042
f 1042 935 1043
f 1042 1043 1039
f 1039 1043 1001
f 1039 1001 1037
f 1037 1001 1003
f 1037 1003 1044
f 1044 1003 1004
f 1044 1004 1045
f 1045 1004 1009
f 563 562 1001
f 1046 1047 1048
f 1048 1047 1049
f 1049 1050 1048
f 1048 1050 1051
f 1048 1051 1052
f 1048 1053 1046
f 1046 1053 1054
f 1046 1054 408
f 408 1054 1055
f 408 1055 1056
f 1057 1058 1059
f 1060 1061 1062
f 1062 1061 1063
f 1062 1063 1052
f 1052 1063 1064
f 1052 1064 1048
f 1059 1065 1057
f 1057 1065 1066
f 1057 1066 1067
f 1067 1066 1068
f 1067 1068 1069
f 1069 1068 1070
f 1060 1062 1071
f 1071 1062 1072
f 1071 1072 1073
f 1073 1072 1074
f 1073 1074 1075
f 1075 1074 1076
f 1075 1076 1068
f 1068 1076 1077
f 1068 1077 1070
f 562 1078 1001
f 1001 1078 1079
f 1001 1079 999
f 999 1079 1059
f 999 1059 1080
f 1080 1059 1058
f 948 950 428
f 428 950 949
f 428 949 389
f 389 949 1081
f 389 1081 394
f 394 1081 1082
f 1082 1083 1084
f 1085 1086 394
f 1082 1084 394
f 394 1084 1087
f 394 1087 1085
f 1086 1088 394
f 394 1088 1089
f 394 1089 1090
f 1090 1091 394
f 394 1091 1092
f 394 1092 408
f 408 1092 1093
f 408 1093 1046
f 1017 1094 1012
f 1012 1094 1095
f 1012 1095 1010
f 1010 1095 1096
f 1010 1096 1097
f 1098 1099 1100
f 1101 563 1102
f 1102 563 1100
f 1102 1100 1103
f 1103 1100 1099
f 1104 1105 1106
f 1106 1107 1104
f 1104 1107 1108
f 1104 1108 1109
f 1109 1110 1104
f 1104 1110 1111
f 1104 1111 1112
f 1112 1113 1104
f 1104 1113 1114
f 1104 1114 1115
f 1116 1117 1118
f 1117 1119 1118
f 1118 1119 1120
f 1118 1120 1121
f 1118 1122 1123
f 1123 1124 1118
f 1118 1124 1125
f 1118 1125 1116
f 1121 1126 1118
f 1118 1126 1127
f 1118 1127 1128
f 1128 1129 1118
f 1118 1129 1130
f 1118 1130 1131
f 1115 1122 1104
f 1104 1122 1118
f 1104 1118 1132
f 1132 1118 1131
f 1104 1133 1105
f 1105 1133 1134
f 1105 1134 1101
f 1101 1134 1135
f 1101 1135 563
f 563 1135 1136
f 563 1136 561
f 1137 1138 1139
f 1139 1138 1100
f 1139 1100 1140
f 1140 1100 1141
f 1142 1143 1144
f 1144 1143 1138
f 1138 1143 1145
f 1138 1145 1100
f 1100 1145 1146
f 1100 1146 1098
f 1147 1148 1149
f 1148 1150 1149
f 1149 1150 1151
f 1149 1151 1152
f 1152 1151 1153
f 1153 1154 1152
f 1152 1154 1155
f 1152 1155 1144
f 1144 1155 1156
f 1144 1156 1142
f 412 410 1149
f 1157 1158 410
f 410 1158 1159
f 410 1159 1149
f 1149 1159 1160
f 1149 1160 1147
f 1056 1161 408
f 408 1161 1162
f 408 1162 1163
f 1163 1164 408
f 408 1164 1165
f 408 1165 410
f 410 1165 1166
f 410 1166 1167
f 1167 1168 410
f 410 1168 1169
f 410 1169 1157
f 1104 1170 1171
f 1171 1170 1172
f 1171 1172 1173
f 1173 1174 1171
f 1171 1174 1175
f 1171 1175 1176
f 1177 1178 1171
f 1171 1178 1179
f 1179 1180 1171
f 1171 1180 1181
f 1171 1181 1104
f 1104 1181 1182
f 1104 1182 1133
f 1176 1183 1171
f 1171 1183 1184
f 1171 1184 1177
f 1149 558 412
f 412 558 560
f 412 560 378
f 1185 1140 1186
f 1186 1140 1141
f 1186 1141 1187
f 1187 1141 1188
f 1187 1188 1189
f 1190 1191 1192
f 834 1193 566
f 566 1193 1194
f 566 1194 1192
f 1192 1194 1195
f 1192 1195 1190
f 1191 1196 1192
f 1192 1196 1197
f 1192 1197 1198
f 1199 1200 1201
f 1201 1200 1202
f 1201 1202 1203
f 1204 1192 1203
f 1203 1192 1198
f 1203 1198 1201
f 1204 1205 1192
f 1192 1205 1206
f 1192 1206 658
f 658 1206 1207
f 658 1207 656
f 1208 1209 1210
f 1208 1210 1211
f 1209 1212 1210
f 1210 1212 1213
f 1210 1213 1214
f 1214 1215 1210
f 1210 1215 686
f 1210 686 1211
f 664 686 443
f 443 686 1215
f 443 1215 444
f 444 1215 1216
f 444 1216 819
f 1217 1218 1219
f 1219 1220 1217
f 1217 1220 1221
f 1217 1221 1222
f 1222 1223 1217
f 1217 1223 1224
f 1217 1224 1225
f 1226 1217 1227
f 1227 1217 1228
f 1226 1229 1217
f 1217 1229 1230
f 1217 1230 1218
f 1225 1231 1217
f 1217 1231 1232
f 1217 1232 1233
f 1233 1234 1217
f 1217 1234 1235
f 1217 1235 1236
f 1216 1228 819
f 819 1228 1217
f 819 1217 1237
f 1237 1217 1236
f 604 567 605
f 605 567 294
f 605 294 1238
f 1238 294 292
f 1238 292 1239
f 1239 292 291
f 1239 291 1240
f 1240 291 303
f 1240 303 1241
f 1241 303 306
f 1241 306 1242
f 1242 306 296
f 1242 296 1243
f 1243 296 298
f 569 584 359
f 359 584 583
f 359 583 358
f 358 583 1244
f 358 1244 335
f 335 1244 1245
f 335 1245 320
f 320 1245 1246
f 320 1246 345
f 345 1246 1247
f 345 1247 343
f 343 1247 1248
f 343 1248 341
f 341 1248 1249
f 341 1249 311
f 311 1249 1250
f 311 1250 300
f 300 1250 1251
f 300 1251 298
f 298 1251 1252
f 298 1252 1243
f 570 568 571
f 571 568 367
f 571 367 1253
f 1253 367 380
f 1253 380 1254
f 1254 380 379
f 1254 379 1188
f 1188 379 378
f 1188 378 1189
f 1189 378 560
f 608 1255 689
f 689 1255 1256
f 689 1256 650
f 650 1256 1257
f 650 1257 648
f 648 1257 1258
f 648 1258 646
f 646 1258 1259
f 646 1259 644
f 644 1259 1260
f 644 1260 642
f 642 1260 1261
f 642 1261 640
f 640 1261 1262
f 640 1262 658
f 658 1262 1263
f 658 1263 1192
f 1192 1263 1264
f 1192 1264 566
f 566 1264 1265
f 566 1265 797
f 797 1265 1266
f 797 1266 775
f 775 1266 1267
f 775 1267 945
f 945 1267 1268
f 945 1268 935
f 935 1268 1269
f 935 1269 1043
f 1043 1269 1270
f 1043 1270 1001
f 1001 1270 1271
f 1001 1271 563
f 563 1271 1272
f 563 1272 1100
f 1100 1272 1273
f 1100 1273 1141
f 1141 1273 1274
f 1141 1274 1188
f 1188 1274 1275
f 1188 1275 1254
f 1254 1275 1276
f 1254 1276 1253
f 1253 1276 1277
f 1253 1277 571
f 571 1277 1278
f 571 1278 573
f 573 1278 1279
f 573 1279 575
f 575 1279 1280
f 575 1280 577
f 1280 1281 577
f 577 1281 1282
f 577 1282 579
f 579 1282 1283
f 579 1283 581
f 581 1283 1284
f 581 1284 583
f 583 1284 1285
f 583 1285 1244
f 1244 1285 1286
f 1244 1286 1245
f 1245 1286 1287
f 1245 1287 1246
f 1246 1287 1288
f 1246 1288 1247
f 1247 1288 1289
f 1247 1289 1248
f 1248 1289 1290
f 1248 1290 1249
f 1249 1290 1291
f 1249 1291 1250
f 1250 1291 1292
f 1250 1292 1251
f 1251 1292 1293
f 1251 1293 1252
f 1252 1293 1294
f 1252 1294 1243
f 1243 1294 1295
f 1243 1295 1242
f 1242 1295 1296
f 1242 1296 1241
f 1241 1296 1297
f 1241 1297 1240
f 1240 1297 1298
f 1240 1298 1239
f 1239 1298 1299
f 1239 1299 1238
f 1238 1299 1300
f 1238 1300 605
f 605 1300 1301
f 605 1301 603
f 603 1301 1302
f 603 1302 601
f 601 1302 1303
f 601 1303 599
f 599 1303 1304
f 599 1304 597
f 597 1304 1305
f 597 1305 595
f 595 1305 1306
f 595 1306 593
f 593 1306 1307
f 593 1307 608
f 608 1307 1308
f 608 1308 1255
f 1309 1310 1311
f 1312 1313 1256
f 1256 1313 1314
f 1256 1314 1315
f 1315 1316 1256
f 1256 1316 1317
f 1256 1317 1318
f 102 1319 1320
f 1320 1321 102
f 102 1321 1322
f 102 1322 1323
f 1323 1324 102
f 102 1324 1325
f 102 1325 109
f 1308 1326 1327
f 1327 1328 1308
f 1308 1328 1329
f 1308 1329 1330
f 1331 1255 1332
f 1332 1255 1308
f 1332 1308 1333
f 1333 1308 1330
f 1331 1334 1255
f 1255 1334 1335
f 1255 1335 1256
f 1256 1335 1336
f 1256 1336 1312
f 1337 1338 46
f 1337 46 1339
f 1326 1308 1340
f 1340 1308 1307
f 1340 1307 1341
f 1325 1342 109
f 109 1342 1343
f 109 1343 110
f 1343 1344 110
f 110 1344 1345
f 110 1345 45
f 45 1345 1346
f 1346 1347 45
f 45 1347 1348
f 45 1348 1349
f 1349 1350 45
f 45 1350 1351
f 45 1351 46
f 46 1351 1352
f 46 1352 1339
f 1353 1265 1354
f 1354 1265 1355
f 1353 1356 1265
f 1265 1356 1357
f 1265 1357 1358
f 1359 1360 1361
f 1361 1360 1362
f 1361 1362 1363
f 1364 1361 1365
f 1365 1361 1366
f 1364 1367 1361
f 1361 1367 1368
f 1361 1368 1359
f 1363 1369 1361
f 1361 1369 1370
f 1361 1370 1371
f 1371 1372 1361
f 1361 1372 1373
f 1361 1373 1374
f 1374 1375 1361
f 1361 1375 1376
f 1361 1376 1366
f 1366 1376 1377
f 1366 1377 1378
f 1378 1379 1366
f 1366 1379 1380
f 1366 1380 1381
f 1381 1382 1366
f 1366 1382 1383
f 1366 1383 1384
f 1384 1385 1366
f 1366 1385 1386
f 1366 1386 1387
f 1388 1389 1390
f 1390 1391 1392
f 1392 1393 1390
f 1390 1393 1394
f 1390 1394 1388
f 1387 1395 1366
f 1366 1395 1390
f 1366 1390 1396
f 1396 1390 1389
f 1397 1398 1399
f 1399 1398 1400
f 1399 1400 1401
f 1402 1403 1264
f 1264 1403 1265
f 1403 1404 1265
f 1265 1404 1405
f 1265 1405 1406
f 1407 1355 1408
f 1408 1355 1265
f 1408 1265 1409
f 1409 1265 1406
f 1407 1410 1355
f 1355 1410 1411
f 1355 1411 1412
f 1412 1411 1413
f 1412 1413 1414
f 1415 1416 1417
f 1417 1416 1418
f 1416 1419 1418
f 1418 1419 1420
f 1418 1420 1421
f 1421 1420 1422
f 1421 1422 1413
f 1413 1422 1423
f 1413 1423 1414
f 1424 146 1425
f 1425 146 1426
f 1425 1426 1427
f 1428 1429 1426
f 1426 1429 1430
f 1426 1430 1427
f 1431 1432 1426
f 1426 1432 1433
f 1426 1433 1428
f 138 1417 146
f 146 1417 1434
f 146 1434 1426
f 1426 1434 1435
f 1426 1435 1436
f 1436 1437 1426
f 1426 1437 1438
f 1426 1438 1431
f 136 1439 138
f 138 1439 1440
f 1440 1441 1442
f 1440 1442 138
f 138 1442 1443
f 138 1443 1444
f 1444 1445 138
f 138 1445 1446
f 138 1446 1447
f 1447 1448 138
f 138 1448 1449
f 138 1449 1450
f 1450 1451 138
f 138 1451 1452
f 138 1452 1417
f 1417 1452 1453
f 1417 1453 1415
f 1454 1455 136
f 1454 136 1456
f 1457 1458 1459
f 1459 1458 1439
f 1459 1439 1460
f 1460 1439 136
f 1460 136 1461
f 1461 136 1455
f 1457 1462 1458
f 1458 1462 1463
f 1458 1463 1464
f 1464 1465 1458
f 1458 1465 1466
f 1458 1466 1467
f 1467 1466 1468
f 1467 1468 1469
f 1469 1470 1467
f 1467 1470 1471
f 1467 1471 1472
f 1473 1474 1267
f 1473 1267 1475
f 1472 1475 1467
f 1467 1475 1267
f 1467 1267 1476
f 1476 1267 1266
f 1476 1266 1399
f 1399 1266 1265
f 1399 1265 1397
f 1397 1265 1358
f 1397 1358 1390
f 1390 1358 1477
f 1390 1477 1391
f 1478 1479 1480
f 1480 1479 1481
f 1480 1481 1482
f 1482 1481 1483
f 1483 1481 1484
f 1484 1481 1485
f 1484 1485 1486
f 1486 1485 1487
f 1486 1487 1457
f 1457 1487 1488
f 1457 1488 1462
f 1474 1489 1267
f 1267 1489 1490
f 1267 1490 1491
f 1492 1493 1494
f 1494 1493 1495
f 1494 1495 1496
f 1496 1497 1494
f 1494 1497 1498
f 1494 1498 1499
f 1490 1492 1491
f 1491 1492 1494
f 1491 1494 1500
f 1501 1494 1502
f 1502 1494 1503
f 1501 1504 1494
f 1494 1504 1505
f 1494 1505 1500
f 1499 1506 1494
f 1494 1506 1507
f 1494 1507 1508
f 1508 1509 1494
f 1494 1509 1510
f 1494 1510 1503
f 1491 1511 1512
f 1513 1514 1512
f 1512 1514 1515
f 1511 1516 1512
f 1512 1516 1517
f 1512 1517 1518
f 1518 1519 1512
f 1512 1519 1520
f 1512 1520 1513
f 1515 1521 1512
f 1512 1521 1522
f 1512 1522 1491
f 1491 1522 1523
f 1491 1523 1524
f 1524 1525 1491
f 1491 1525 1526
f 1491 1526 1527
f 1527 1528 1491
f 1491 1528 1529
f 1491 1529 1530
f 1531 1532 1533
f 1531 1533 1534
f 1530 1535 1491
f 1491 1535 1534
f 1491 1534 1267
f 1267 1534 1533
f 1267 1533 1268
f 1268 1533 1536
f 1537 1538 1539
f 1539 1538 214
f 1539 214 1540
f 1540 214 1541
f 1538 1542 214
f 214 1542 1543
f 214 1543 135
f 135 1543 1544
f 1544 1545 135
f 135 1545 1546
f 135 1546 136
f 136 1546 1547
f 136 1547 1456
f 1548 1539 1549
f 1549 1539 1550
f 1548 1551 1539
f 1539 1551 1552
f 1539 1552 1537
f 1553 1554 1555
f 1556 1557 1558
f 1558 1557 1559
f 1558 1559 1555
f 1555 1559 1560
f 1555 1560 1553
f 1556 1558 1561
f 1561 1558 1562
f 1561 1562 1563
f 1564 1565 1562
f 1562 1565 1566
f 1562 1566 1563
f 1478 1567 1479
f 1479 1567 1568
f 1479 1568 1564
f 1564 1568 1569
f 1564 1569 1565
f 1570 1571 1572
f 1572 1571 1573
f 1574 1575 1571
f 1571 1575 1576
f 1576 1577 1571
f 1571 1577 1578
f 1571 1578 1579
f 1579 1580 1571
f 1571 1580 1581
f 1571 1581 1582
f 1582 1583 1571
f 1571 1583 1584
f 1571 1584 1573
f 1572 1585 1586
f 1587 1588 1586
f 1586 1588 1589
f 1586 1589 1590
f 1585 1591 1586
f 1586 1591 1592
f 1586 1592 1587
f 1590 1593 1586
f 1586 1593 1594
f 1586 1594 1572
f 1572 1594 1595
f 1572 1595 1570
f 1596 1597 1269
f 1598 1599 1600
f 1600 1599 1601
f 1600 1601 1602
f 1597 1603 1269
f 1269 1603 1604
f 1269 1604 1605
f 1605 1606 1269
f 1269 1606 1607
f 1269 1607 1608
f 1609 1270 1610
f 1610 1270 1269
f 1610 1269 1611
f 1611 1269 1608
f 1609 1612 1270
f 1270 1612 1613
f 1270 1613 1614
f 1614 1615 1270
f 1270 1615 1616
f 1270 1616 1617
f 1617 1618 1270
f 1270 1618 1619
f 1270 1619 1620
f 1571 1541 1574
f 1574 1541 214
f 1574 214 1621
f 1621 214 213
f 1621 213 1622
f 1622 213 207
f 1623 1624 1625
f 1625 1626 1623
f 1623 1626 1627
f 1623 1627 1628
f 1628 1629 1623
f 1623 1629 1630
f 1623 1630 1631
f 1632 1600 1633
f 1633 1600 1623
f 1633 1623 1634
f 1634 1623 1631
f 1632 1635 1600
f 1600 1635 1636
f 1600 1636 1637
f 1637 1638 1600
f 1600 1638 1639
f 1600 1639 1640
f 1641 1598 1642
f 1642 1598 1600
f 1642 1600 1643
f 1643 1600 1640
f 1601 1622 1602
f 1602 1622 207
f 1602 207 1644
f 1644 207 1645
f 1644 1645 1623
f 1623 1645 1646
f 1623 1646 1624
f 1647 1648 1269
f 1649 1647 1650
f 1650 1647 1269
f 1650 1269 1651
f 1651 1269 1268
f 1651 1268 1652
f 1652 1268 1536
f 1652 1536 1539
f 1539 1536 1653
f 1539 1653 1550
f 1648 1654 1269
f 1269 1654 1655
f 1269 1655 1656
f 1656 1657 1269
f 1269 1657 1658
f 1269 1658 1659
f 1660 1661 1269
f 1659 1662 1269
f 1269 1662 1663
f 1269 1663 1660
f 1641 1596 1598
f 1598 1596 1269
f 1598 1269 1664
f 1664 1269 1661
f 1665 1666 1271
f 1667 1668 1669
f 1669 1665 1667
f 1667 1665 1271
f 1667 1271 1670
f 1670 1271 1270
f 1670 1270 1646
f 1646 1270 1620
f 1646 1620 1624
f 1671 1672 1673
f 1671 1673 1674
f 1675 1673 1676
f 1676 1673 1677
f 1675 1678 1673
f 1673 1678 1679
f 1673 1679 1674
f 1672 1680 1673
f 1673 1680 1681
f 1673 1681 1682
f 1682 1683 1673
f 1673 1683 1684
f 1673 1684 1685
f 1685 1686 1673
f 1673 1686 1687
f 1673 1687 1688
f 1688 1689 1673
f 1673 1689 1690
f 1673 1690 1677
f 1677 1690 1691
f 1677 1691 1692
f 1693 1694 1677
f 1692 1695 1677
f 1677 1695 1696
f 1677 1696 1693
f 1694 1697 1677
f 1677 1697 1698
f 1677 1698 1699
f 1699 1700 1677
f 1677 1700 1701
f 1677 1701 1702
f 1702 1701 1703
f 1704 1705 1701
f 1701 1705 1706
f 1701 1706 1707
f 1707 1708 1701
f 1701 1708 1709
f 1701 1709 1703
f 1704 1701 1666
f 1666 1701 1710
f 1666 1710 1271
f 1271 1710 1711
f 1271 1711 1712
f 1712 1713 1271
f 1271 1713 1714
f 1271 1714 1715
f 1716 1717 1718
f 1719 206 1720
f 1720 206 1721
f 1719 1722 206
f 206 1722 1723
f 206 1723 1724
f 1724 1725 206
f 206 1725 1726
f 206 1726 1727
f 1716 1718 1728
f 1727 1728 206
f 206 1728 1718
f 206 1718 207
f 207 1718 1729
f 207 1729 1645
f 1730 1731 1732
f 1731 1730 1733
f 1733 1730 1734
f 1733 1734 1735
f 1736 1737 1734
f 1734 1737 1738
f 1734 1738 1735
f 1739 1740 1741
f 1741 1740 1742
f 1741 1742 1743
f 1743 1742 1744
f 1743 1744 1732
f 1732 1744 1745
f 1732 1745 1730
f 1746 1747 206
f 206 1747 1748
f 1748 1749 206
f 206 1749 1750
f 206 1750 1721
f 1721 1750 1751
f 1721 1751 1752
f 1739 1741 1753
f 1753 1741 1754
f 1753 1754 1752
f 1752 1754 1755
f 1752 1755 1756
f 1756 1757 1752
f 1752 1757 1758
f 1752 1758 1721
f 1734 1759 1736
f 1736 1759 1760
f 1736 1760 1715
f 1715 1760 1761
f 1715 1761 1271
f 1271 1761 1762
f 1271 1762 1763
f 1763 1764 1271
f 1271 1764 1765
f 1271 1765 1272
f 1272 1765 1766
f 1272 1766 1767
f 1767 1766 1768
f 1767 1768 1769
f 1769 1768 1770
f 1770 1771 1769
f 1769 1771 1772
f 1769 1772 1773
f 1773 1774 1769
f 1769 1774 1775
f 1769 1775 1776
f 1776 1777 1769
f 1769 1777 1778
f 1769 1778 1779
f 1780 1781 1769
f 1781 1782 1769
f 1769 1782 1783
f 1769 1783 1767
f 1779 1784 1769
f 1769 1784 1785
f 1769 1785 1786
f 1786 1787 1769
f 1769 1787 1788
f 1769 1788 1780
f 1789 1790 1791
f 1792 1793 1791
f 1791 1793 1794
f 1790 1795 1791
f 1791 1795 1796
f 1791 1796 1797
f 1797 1798 1791
f 1791 1798 1799
f 1791 1799 1792
f 1800 1801 1767
f 1794 1802 1791
f 1791 1802 1803
f 1791 1803 1789
f 1789 1803 1804
f 1789 1804 1767
f 1767 1804 1805
f 1767 1805 1800
f 1801 1806 1767
f 1767 1806 1807
f 1767 1807 1808
f 1808 1809 1767
f 1767 1809 1810
f 1767 1810 1811
f 1812 1813 1814
f 1811 1815 1767
f 1767 1815 1816
f 1767 1816 1272
f 1272 1816 1817
f 1813 1818 1814
f 1814 1818 1819
f 1814 1819 1820
f 1820 1819 1821
f 1820 1821 1822
f 1822 1823 1820
f 1820 1823 1824
f 1820 1824 1825
f 1825 1826 1820
f 1820 1826 1827
f 1820 1827 1828
f 1829 1830 205
f 205 1830 1831
f 205 1831 1832
f 1832 1833 205
f 205 1833 1834
f 205 1834 1835
f 1835 1836 205
f 205 1836 1837
f 205 1837 1838
f 1838 1839 205
f 205 1839 1840
f 205 1840 206
f 206 1840 1841
f 206 1841 1746
f 1817 1812 1272
f 1272 1812 1814
f 1272 1814 1273
f 1842 1843 1844
f 1814 1842 1273
f 1273 1842 1844
f 1273 1844 1274
f 1274 1844 1845
f 1846 1274 1847
f 1847 1274 1845
f 1847 1845 1848
f 202 188 1849
f 1849 1309 202
f 202 1309 1311
f 202 1311 205
f 205 1311 1820
f 205 1820 1829
f 1829 1820 1828
f 1850 1851 1852
f 1852 1851 1853
f 1854 1855 1852
f 1852 1855 1856
f 1852 1856 1857
f 1857 1858 1852
f 1852 1858 1859
f 1852 1859 1850
f 1853 1860 1852
f 1852 1860 1861
f 1852 1861 1862
f 1863 1864 1865
f 1863 1865 1866
f 1867 1868 1865
f 1865 1868 1869
f 1865 1869 1866
f 1870 1871 1865
f 1865 1871 1872
f 1865 1872 1867
f 1870 1865 1873
f 1873 1865 1874
f 1873 1874 1875
f 1875 1874 88
f 1875 88 1862
f 1862 88 146
f 1862 146 1852
f 1852 146 1424
f 1852 1424 1854
f 1864 1876 1865
f 1865 1876 1877
f 1865 1877 1878
f 1878 1879 1865
f 1865 1879 1880
f 1865 1880 1874
f 1881 1882 1264
f 1881 1264 1883
f 1884 1885 1263
f 1885 1886 1263
f 1263 1886 1887
f 1263 1887 1264
f 1264 1887 1888
f 1264 1888 1883
f 1882 1889 1890
f 1890 1889 1891
f 1890 1891 1892
f 1882 1890 1264
f 1264 1890 1893
f 1264 1893 1894
f 1894 1895 1264
f 1264 1895 1896
f 1264 1896 1402
f 1897 1898 1899
f 1899 1898 1900
f 1874 1901 1898
f 1898 1901 1902
f 1902 1903 1898
f 1898 1903 1904
f 1898 1904 1905
f 1905 1906 1898
f 1898 1906 1907
f 1898 1907 1900
f 1897 1908 1898
f 1898 1908 1909
f 1898 1909 1910
f 1874 1898 88
f 88 1898 1910
f 88 1910 85
f 85 1910 1911
f 85 1911 1912
f 1913 1914 1263
f 1263 1914 1915
f 1263 1915 1884
f 1916 1849 1846
f 1846 1849 188
f 1846 188 1274
f 1274 188 164
f 1274 164 1275
f 1275 164 149
f 1275 149 1276
f 1276 149 151
f 1276 151 1277
f 1277 151 190
f 1277 190 1278
f 1278 190 182
f 1278 182 1279
f 1279 182 180
f 1279 180 1280
f 1280 180 179
f 1280 179 1281
f 1281 179 264
f 1281 264 1282
f 264 263 1282
f 1282 263 252
f 1282 252 1283
f 1283 252 251
f 1283 251 1284
f 1284 251 269
f 1284 269 1285
f 1285 269 270
f 1285 270 1286
f 1286 270 227
f 1286 227 1287
f 1287 227 253
f 1287 253 1288
f 1288 253 230
f 1288 230 1289
f 1289 230 256
f 1289 256 1290
f 1290 256 284
f 1290 284 1291
f 1291 284 278
f 1291 278 1292
f 1292 278 277
f 1292 277 1293
f 1293 277 283
f 1293 283 1294
f 1294 283 1295
f 1295 283 282
f 1295 282 1296
f 282 280 1296
f 1296 280 279
f 1296 279 1297
f 1297 279 78
f 1297 78 1298
f 1298 78 60
f 1298 60 1299
f 1299 60 62
f 1299 62 1300
f 1300 62 64
f 1300 64 1301
f 1301 64 68
f 1301 68 1302
f 1302 68 25
f 1302 25 1303
f 1303 25 42
f 1303 42 1304
f 1304 42 74
f 1304 74 1305
f 1305 74 48
f 1305 48 1306
f 1306 48 46
f 1306 46 1307
f 1307 46 1338
f 1307 1338 1341
f 1917 1913 1918
f 1918 1913 1263
f 1918 1263 1912
f 1912 1263 1262
f 1912 1262 85
f 85 1262 1261
f 85 1261 91
f 91 1261 1260
f 91 1260 89
f 89 1260 1259
f 89 1259 117
f 117 1259 1258
f 117 1258 100
f 100 1258 1257
f 100 1257 101
f 101 1257 1256
f 101 1256 102
f 102 1256 1318
f 102 1318 1319
f 584 569 1919
f 1919 569 586
f 1919 586 585
f 592 591 1920
f 1920 591 590
f 1920 590 568
f 585 589 1919
f 1919 589 588
f 1919 588 1920
f 1920 588 587
f 1920 587 592
f 1921 1922 1923
f 572 1924 570
f 570 1924 1925
f 570 1925 1926
f 1921 1923 1927
f 1928 574 1929
f 1929 574 576
f 1929 576 1930
f 1931 1932 1933
f 1933 1932 1934
f 1933 1934 1935
f 1923 1936 582
f 582 1936 1937
f 580 1938 1939
f 1939 1940 580
f 580 1940 1941
f 580 1941 1931
f 1942 1943 1944
f 1944 1943 1945
f 1944 1945 1923
f 1923 1945 1946
f 1923 1946 1927
f 1935 1947 1933
f 1933 1947 1948
f 1933 1948 1949
f 1922 1950 1923
f 1923 1950 1951
f 1923 1951 1952
f 1952 1953 1923
f 1923 1953 1954
f 1923 1954 1955
f 1933 1956 1931
f 1931 1956 1957
f 1931 1957 580
f 580 1957 1958
f 580 1958 578
f 578 1958 1959
f 578 1959 576
f 576 1959 1960
f 576 1960 1930
f 1928 1961 574
f 574 1961 1962
f 574 1962 572
f 572 1962 1963
f 572 1963 1924
f 1964 1944 1965
f 1965 1944 570
f 1965 570 1966
f 1966 570 1926
f 1964 1967 1944
f 1944 1967 1968
f 1944 1968 1969
f 1969 1970 1944
f 1944 1970 1971
f 1944 1971 1972
f 1973 1974 1975
f 1976 1977 1946
f 1946 1977 1978
f 1946 1978 1927
f 1955 1979 1923
f 1923 1979 1980
f 1923 1980 1936
f 1972 1981 1944
f 1944 1981 1982
f 1944 1982 1942
f 1974 1983 1975
f 1975 1983 1984
f 1975 1984 1985
f 1973 1975 1946
f 1946 1975 1986
f 1946 1986 1976
f 1937 1987 582
f 582 1987 1988
f 582 1988 580
f 580 1988 1989
f 580 1989 1938
f 1990 1991 1992
f 1992 1991 1975
f 1992 1975 1993
f 1993 1975 1985
f 1949 1994 1933
f 1933 1994 1995
f 1933 1995 1992
f 1992 1995 1996
f 1992 1996 1990
f 1923 1919 1944
f 1944 1919 1920
f 584 1919 582
f 582 1919 1923
f 1944 1920 570
f 570 1920 568
f 12 5 567
f 1997 641 14
f 14 641 661
f 14 661 10
f 567 1998 12
f 12 1998 1999
f 12 1999 14
f 14 1999 2000
f 14 2000 1997
f 2001 645 1997
f 1997 645 643
f 1997 643 641
f 567 604 1998
f 1998 604 602
f 1998 602 2002
f 2002 602 600
f 2002 600 2003
f 2003 600 598
f 2003 598 2004
f 2004 598 596
f 2004 596 2005
f 2005 596 594
f 2005 594 2006
f 2006 594 623
f 2006 623 2007
f 2007 623 628
f 2007 628 2008
f 2008 628 635
f 2008 635 2009
f 2009 635 649
f 2009 649 2001
f 2001 649 647
f 2001 647 645
f 661 442 10
f 10 442 3
f 4 295 5
f 5 295 567
f 2010 2011 16
f 16 2011 2012
f 2012 2013 16
f 16 2013 2014
f 16 2014 2015
f 2016 2017 2018
f 2018 2017 2019
f 2018 2019 2020
f 2021 2022 7
f 7 2022 2023
f 2020 2024 2018
f 2018 2024 2025
f 2018 2025 2026
f 2027 2028 18
f 18 2028 2029
f 2030 7 2031
f 2031 7 2032
f 2030 2033 7
f 7 2033 2034
f 7 2034 2035
f 2035 2036 7
f 7 2036 2037
f 7 2037 2038
f 2023 2039 7
f 7 2039 2040
f 7 2040 2041
f 2042 2043 9
f 9 2043 2044
f 2045 2046 2047
f 2029 2048 18
f 18 2048 2049
f 18 2049 2050
f 2044 2051 9
f 9 2051 2052
f 9 2052 16
f 16 2052 2053
f 16 2053 2010
f 2015 2054 16
f 16 2054 2055
f 16 2055 2056
f 2027 18 2057
f 2057 18 16
f 2057 16 2047
f 2047 16 2056
f 2047 2056 2045
f 2058 2059 2060
f 2046 2061 2047
f 2047 2061 2062
f 2047 2062 2063
f 2063 2062 2064
f 2050 2065 18
f 18 2065 2066
f 18 2066 7
f 7 2066 2067
f 7 2067 2032
f 2038 2068 7
f 7 2068 2016
f 7 2016 2021
f 2021 2016 2018
f 2060 2059 2062
f 2062 2059 2069
f 2062 2069 2064
f 2041 2070 7
f 7 2070 2071
f 7 2071 9
f 9 2071 2072
f 2072 2073 9
f 9 2073 2074
f 9 2074 2075
f 2075 2076 9
f 9 2076 2077
f 9 2077 2042
f 2058 2060 2078
f 2078 2060 2079
f 2078 2079 2080
f 2026 2081 2018
f 2018 2081 2082
f 2018 2082 2080
f 2080 2082 2083
f 2080 2083 2078
f 12 18 5
f 5 18 7
f 9 16 10
f 10 16 14
f 2084 2068 2085
f 2085 2068 2038
f 2085 2038 2086
f 2086 2038 2037
f 2086 2037 2087
f 2087 2037 2036
f 2087 2036 2088
f 2088 2036 2035
f 2088 2035 2089
f 2089 2035 2034
f 2089 2034 2090
f 2090 2034 2033
f 2090 2033 2091
f 2091 2033 2030
f 2091 2030 2092
f 2092 2030 2031
f 2092 2031 2093
f 2093 2031 2032
f 2093 2032 2094
f 2094 2032 2067
f 2094 2067 2095
f 2095 2067 2066
f 2095 2066 2096
f 2096 2066 2065
f 2096 2065 2097
f 2097 2065 2050
f 2097 2050 2098
f 2098 2050 2049
f 2098 2049 2099
f 2099 2049 2048
f 2099 2048 2100
f 2100 2048 2029
f 2100 2029 2101
f 2101 2029 2028
f 2101 2028 2102
f 2102 2028 2027
f 2102 2027 2103
f 2103 2027 2057
f 2103 2057 2104
f 2104 2057 2047
f 2104 2047 2105
f 2105 2047 2063
f 2105 2063 2106
f 2106 2063 2064
f 2106 2064 2107
f 2107 2064 2069
f 2107 2069 2108
f 2108 2069 2059
f 2108 2059 2109
f 2109 2059 2058
f 2109 2058 2110
f 2110 2058 2078
f 2110 2078 2111
f 2111 2078 2083
f 2111 2083 2112
f 2112 2083 2082
f 2112 2082 2113
f 2113 2082 2081
f 2113 2081 2114
f 2114 2081 2026
f 2114 2026 2115
f 2115 2026 2025
f 2115 2025 2116
f 2116 2025 2024
f 2116 2024 2117
f 2117 2024 2020
f 2117 2020 2118
f 2118 2020 2019
f 2118 2019 2119
f 2119 2019 2017
f 2119 2017 2120
f 2120 2017 2016
f 2120 2016 2084
f 2084 2016 2068
f 2084 2085 2121
f 2118 2119 2121
f 2121 2119 2120
f 2121 2120 2084
f 2115 2116 2121
f 2121 2116 2117
f 2121 2117 2118
f 2112 2113 2121
f 2121 2113 2114
f 2121 2114 2115
f 2109 2110 2121
f 2121 2110 2111
f 2121 2111 2112
f 2106 2107 2121
f 2121 2107 2108
f 2121 2108 2109
f 2103 2104 2121
f 2121 2104 2105
f 2121 2105 2106
f 2100 2101 2121
f 2121 2101 2102
f 2121 2102 2103
f 2097 2098 2121
f 2121 2098 2099
f 2121 2099 2100
f 2094 2095 2121
f 2121 2095 2096
f 2121 2096 2097
f 2091 2092 2121
f 2121 2092 2093
f 2121 2093 2094
f 2088 2089 2121
f 2121 2089 2090
f 2121 2090 2091
f 2085 2086 2121
f 2121 2086 2087
f 2121 2087 2088
f 2122 2072 2123
f 2123 2072 2071
f 2123 2071 2124
f 2124 2071 2070
f 2124 2070 2125
f 2125 2070 2041
f 2125 2041 2126
f 2126 2041 2040
f 2126 2040 2127
f 2127 2040 2039
f 2127 2039 2128
f 2128 2039 2023
f 2128 2023 2129
f 2129 2023 2022
f 2129 2022 2130
f 2130 2022 2021
f 2130 2021 2131
f 2131 2021 2018
f 2131 2018 2132
f 2132 2018 2080
f 2132 2080 2133
f 2133 2080 2079
f 2133 2079 2134
f 2134 2079 2060
f 2134 2060 2135
f 2135 2060 2062
f 2135 2062 2136
f 2136 2062 2061
f 2136 2061 2137
f 2137 2061 2046
f 2137 2046 2138
f 2138 2046 2045
f 2138 2045 2139
f 2139 2045 2056
f 2139 2056 2140
f 2140 2056 2055
f 2140 2055 2141
f 2141 2055 2054
f 2141 2054 2142
f 2142 2054 2015
f 2142 2015 2143
f 2143 2015 2014
f 2143 2014 2144
f 2144 2014 2013
f 2144 2013 2145
f 2145 2013 2012
f 2145 2012 2146
f 2146 2012 2011
f 2146 2011 2147
f 2147 2011 2010
f 2147 2010 2148
f 2148 2010 2053
f 2148 2053 2149
f 2149 2053 2052
f 2149 2052 2150
f 2150 2052 2051
f 2150 2051 2151
f 2151 2051 2044
f 2151 2044 2152
f 2152 2044 2043
f 2152 2043 2153
f 2153 2043 2042
f 2153 2042 2154
f 2154 2042 2077
f 2154 2077 2155
f 2155 2077 2076
f 2155 2076 2156
f 2156 2076 2075
f 2156 2075 2157
f 2157 2075 2074
f 2157 2074 2158
f 2158 2074 2073
f 2158 2073 2122
f 2122 2073 2072
f 2122 2123 2159
f 2156 2157 2159
f 2159 2157 2158
f 2159 2158 2122
f 2153 2154 2159
f 2159 2154 2155
f 2159 2155 2156
f 2150 2151 2159
f 2159 2151 2152
f 2159 2152 2153
f 2147 2148 2159
f 2159 2148 2149
f 2159 2149 2150
f 2144 2145 2159
f 2159 2145 2146
f 2159 2146 2147
f 2141 2142 2159
f 2159 2142 2143
f 2159 2143 2144
f 2138 2139 2159
f 2159 2139 2140
f 2159 2140 2141
f 2135 2136 2159
f 2159 2136 2137
f 2159 2137 2138
f 2132 2133 2159
f 2159 2133 2134
f 2159 2134 2135
f 2129 2130 2159
f 2159 2130 2131
f 2159 2131 2132
f 2126 2127 2159
f 2159 2127 2128
f 2159 2128 2129
f 2123 2124 2159
f 2159 2124 2125
f 2159 2125 2126
f 2160 1961 2161
f 2161 1961 1928
f 2161 1928 2162
f 2162 1928 1929
f 2162 1929 2163
f 2163 1929 1930
f 2163 1930 2164
f 2164 1930 1960
f 2164 1960 2165
f 2165 1960 1959
f 2165 1959 2166
f 2166 1959 1958
f 2166 1958 2167
f 2167 1958 1957
f 2167 1957 2168
f 2168 1957 1956
f 2168 1956 2169
f 2169 1956 1933
f 2169 1933 2170
f 2170 1933 1992
f 2170 1992 2171
f 2171 1992 1993
f 2171 1993 2172
f 2172 1993 1985
f 2172 1985 2173
f 2173 1985 1984
f 2173 1984 2174
f 2174 1984 1983
f 2174 1983 2175
f 2175 1983 1974
f 2175 1974 2176
f 2176 1974 1973
f 2176 1973 2177
f 2177 1973 1946
f 2177 1946 2178
f 2178 1946 1945
f 2178 1945 2179
f 2179 1945 1943
f 2179 1943 2180
f 2180 1943 1942
f 2180 1942 2181
f 2181 1942 1982
f 2181 1982 2182
f 2182 1982 1981
f 2182 1981 2183
f 2183 1981 1972
f 2183 1972 2184
f 2184 1972 1971
f 2184 1971 2185
f 2185 1971 1970
f 2185 1970 2186
f 2186 1970 1969
f 2186 1969 2187
f 2187 1969 1968
f 2187 1968 2188
f 2188 1968 1967
f 2188 1967 2189
f 2189 1967 1964
f 2189 1964 2190
f 2190 1964 1965
f 2190 1965 2191
f 2191 1965 1966
f 2191 1966 2192
f 2192 1966 1926
f 2192 1926 2193
f 2193 1926 1925
f 2193 1925 2194
f 2194 1925 1924
f 2194 1924 2195
f 2195 1924 1963
f 2195 1963 2196
f 2196 1963 1962
f 2196 1962 2160
f 2160 1962 1961
f 2160 2161 2197
f 2194 2195 2197
f 2197 2195 2196
f 2197 2196 2160
f 2191 2192 2197
f 2197 2192 2193
f 2197 2193 2194
f 2188 2189 2197
f 2197 2189 2190
f 2197 2190 2191
f 2185 2186 2197
f 2197 2186 2187
f 2197 2187 2188
f 2182 2183 2197
f 2197 2183 2184
f 2197 2184 2185
f 2179 2180 2197
f 2197 2180 2181
f 2197 2181 2182
f 2176 2177 2197
f 2197 2177 2178
f 2197 2178 2179
f 2173 2174 2197
f 2197 2174 2175
f 2197 2175 2176
f 2170 2171 2197
f 2197 2171 2172
f 2197 2172 2173
f 2167 2168 2197
f 2197 2168 2169
f 2197 2169 2170
f 2164 2165 2197
f 2197 2165 2166
f 2197 2166 2167
f 2161 2162 2197
f 2197 2162 2163
f 2197 2163 2164
f 2198 1941 2199
f 2199 1941 1940
f 2199 1940 2200
f 2200 1940 1939
f 2200 1939 2201
f 2201 1939 1938
f 2201 1938 2202
f 2202 1938 1989
f 2202 1989 2203
f 2203 1989 1988
f 2203 1988 2204
f 2204 1988 1987
f 2204 1987 2205
f 2205 1987 1937
f 2205 1937 2206
f 2206 1937 1936
f 2206 1936 2207
f 2207 1936 1980
f 2207 1980 2208
f 2208 1980 1979
f 2208 1979 2209
f 2209 1979 1955
f 2209 1955 2210
f 2210 1955 1954
f 2210 1954 2211
f 2211 1954 1953
f 2211 1953 2212
f 2212 1953 1952
f 2212 1952 2213
f 2213 1952 1951
f 2213 1951 2214
f 2214 1951 1950
f 2214 1950 2215
f 2215 1950 1922
f 2215 1922 2216
f 2216 1922 1921
f 2216 1921 2217
f 2217 1921 1927
f 2217 1927 2218
f 2218 1927 1978
f 2218 1978 2219
f 2219 1978 1977
f 2219 1977 2220
f 2220 1977 1976
f 2220 1976 2221
f 2221 1976 1986
f 2221 1986 2222
f 2222 1986 1975
f 2222 1975 2223
f 2223 1975 1991
f 2223 1991 2224
f 2224 1991 1990
f 2224 1990 2225
f 2225 1990 1996
f 2225 1996 2226
f 2226 1996 1995
f 2226 1995 2227
f 2227 1995 1994
f 2227 1994 2228
f 2228 1994 1949
f 2228 1949 2229
f 2229 1949 1948
f 2229 1948 2230
f 2230 1948 1947
f 2230 1947 2231
f 2231 1947 1935
f 2231 1935 2232
f 2232 1935 1934
f 2232 1934 2233
f 2233 1934 1932
f 2233 1932 2234
f 2234 1932 1931
f 2234 1931 2198
f 2198 1931 1941
f 2198 2199 2235
f 2232 2233 2235
f 2235 2233 2234
f 2235 2234 2198
f 2229 2230 2235
f 2235 2230 2231
f 2235 2231 2232
f 2226 2227 2235
f 2235 2227 2228
f 2235 2228 2229
f 2223 2224 2235
f 2235 2224 2225
f 2235 2225 2226
f 2220 2221 2235
f 2235 2221 2222
f 2235 2222 2223
f 2217 2218 2235
f 2235 2218 2219
f 2235 2219 2220
f 2214 2215 2235
f 2235 2215 2216
f 2235 2216 2217
f 2211 2212 2235
f 2235 2212 2213
f 2235 2213 2214
f 2208 2209 2235
f 2235 2209 2210
f 2235 2210 2211
f 2205 2206 2235
f 2235 2206 2207
f 2235 2207 2208
f 2202 2203 2235
f 2235 2203 2204
f 2235 2204 2205
f 2199 2200 2235
f 2235 2200 2201
f 2235 2201 2202
f 2 1 13
f 13 1 11
f 2 13 8
f 8 13 15
f 6 8 17
f 17 8 15
f 1 6 11
f 11 6 17
f 630 1324 631
f 631 1324 1323
f 631 1323 632
f 632 1323 1322
f 626 1344 627
f 627 1344 1343
f 627 1343 629
f 629 1343 1342
f 629 1342 630
f 630 1342 1325
f 630 1325 1324
f 625 1346 626
f 626 1346 1345
f 626 1345 1344
f 619 1349 620
f 620 1349 1348
f 620 1348 621
f 621 1348 1347
f 621 1347 622
f 622 1347 1346
f 622 1346 624
f 624 1346 625
f 1352 1351 619
f 619 1351 1350
f 619 1350 1349
f 619 618 1352
f 1352 618 617
f 1352 617 1339
f 1339 617 616
f 1339 616 1337
f 1337 616 1338
f 616 615 1338
f 1338 615 614
f 1338 614 1341
f 1341 614 607
f 1341 607 1340
f 1340 607 1326
f 1326 607 606
f 1326 606 1327
f 1327 606 613
f 1327 613 1328
f 1328 613 612
f 1328 612 1329
f 1329 612 611
f 1329 611 1330
f 1330 611 610
f 1330 610 1333
f 1333 610 609
f 1333 609 1332
f 609 697 1332
f 1332 697 696
f 1332 696 1331
f 1331 696 695
f 1331 695 1334
f 1334 695 1335
f 1335 695 694
f 1335 694 1336
f 1336 694 693
f 1336 693 1312
f 1312 693 692
f 1312 692 1313
f 1313 692 691
f 1313 691 1314
f 1314 691 690
f 1314 690 1315
f 690 688 1315
f 1315 688 687
f 1315 687 1316
f 1316 687 651
f 1316 651 1317
f 1317 651 634
f 1317 634 1318
f 1318 634 633
f 1318 633 1319
f 1319 633 636
f 1319 636 1320
f 1320 636 639
f 1320 639 1321
f 1321 639 638
f 1321 638 1322
f 1322 638 637
f 1322 637 632
f 288 445 1998
f 1998 445 1999
f 445 446 1999
f 1999 446 2000
f 446 447 2000
f 2000 447 1997
f 288 1998 289
f 289 1998 2002
f 289 2002 552
f 552 2002 2003
f 552 2003 553
f 553 2003 2004
f 553 2004 554
f 554 2004 2005
f 554 2005 555
f 555 2005 2006
f 555 2006 556
f 556 2006 2007
f 556 2007 557
f 557 2007 2008
f 557 2008 449
f 449 2008 2009
f 449 2009 448
f 448 2009 2001
f 448 2001 447
f 447 2001 1997
f 540 2236 541
f 541 2236 2237
f 541 2237 542
f 542 2237 2238
f 542 2238 543
f 543 2238 2239
f 543 2239 534
f 534 2239 2240
f 534 2240 535
f 535 2240 2241
f 535 2241 536
f 536 2241 2242
f 536 2242 537
f 537 2242 2243
f 537 2243 532
f 532 2243 2244
f 532 2244 533
f 533 2244 2245
f 533 2245 517
f 517 2245 2246
f 517 2246 518
f 518 2246 2247
f 518 2247 528
f 528 2247 2248
f 528 2248 529
f 529 2248 2249
f 529 2249 530
f 530 2249 2250
f 530 2250 519
f 519 2250 2251
f 519 2251 520
f 520 2251 2252
f 520 2252 521
f 521 2252 2253
f 521 2253 505
f 505 2253 2254
f 505 2254 506
f 506 2254 2255
f 506 2255 507
f 507 2255 2256
f 507 2256 510
f 510 2256 2257
f 510 2257 511
f 511 2257 2258
f 511 2258 512
f 512 2258 2259
f 512 2259 513
f 513 2259 2260
f 513 2260 514
f 514 2260 2261
f 514 2261 515
f 515 2261 2262
f 515 2262 522
f 522 2262 2263
f 522 2263 523
f 523 2263 2264
f 523 2264 524
f 524 2264 2265
f 524 2265 508
f 508 2265 2266
f 508 2266 509
f 509 2266 2267
f 509 2267 525
f 525 2267 2268
f 525 2268 526
f 526 2268 2269
f 526 2269 527
f 527 2269 2270
f 527 2270 538
f 538 2270 2271
f 538 2271 539
f 539 2271 2272
f 539 2272 540
f 540 2272 2236
f 2237 87 2238
f 2238 87 86
f 2238 86 2239
f 2239 86 114
f 2239 114 2240
f 2240 114 116
f 2240 116 2241
f 2241 116 129
f 2241 129 2242
f 2242 129 131
f 2242 131 2243
f 2243 131 133
f 2243 133 2244
f 2244 133 134
f 2244 134 2245
f 2245 134 107
f 2245 107 2246
f 2246 107 106
f 2246 106 2247
f 2247 106 98
f 2247 98 2248
f 2248 98 97
f 2248 97 2249
f 2249 97 105
f 2249 105 2250
f 2250 105 104
f 2250 104 2251
f 2251 104 103
f 2251 103 2252
f 2252 103 96
f 2252 96 2253
f 2253 96 95
f 2253 95 2254
f 2254 95 111
f 2254 111 2255
f 2255 111 113
f 2255 113 2256
f 2256 113 126
f 2256 126 2257
f 2257 126 125
f 2257 125 2258
f 2258 125 123
f 2258 123 2259
f 2259 123 122
f 2259 122 2260
f 2260 122 141
f 2260 141 2261
f 2261 141 143
f 2261 143 2262
f 2262 143 145
f 2262 145 2263
f 2263 145 147
f 2263 147 2264
f 2264 147 148
f 2264 148 2265
f 2265 148 84
f 2265 84 2266
f 2266 84 83
f 2266 83 2267
f 2267 83 121
f 2267 121 2268
f 2268 121 120
f 2268 120 2269
f 2269 120 119
f 2269 119 2270
f 2270 119 93
f 2270 93 2271
f 2271 93 92
f 2271 92 2272
f 2272 92 90
f 2272 90 2236
f 2236 90 118
f 2236 118 2237
f 2237 118 87
f 493 2273 494
f 494 2273 2274
f 494 2274 474
f 474 2274 2275
f 474 2275 475
f 475 2275 2276
f 475 2276 483
f 483 2276 2277
f 483 2277 484
f 484 2277 2278
f 484 2278 486
f 486 2278 2279
f 486 2279 487
f 487 2279 2280
f 487 2280 488
f 488 2280 2281
f 488 2281 476
f 476 2281 2282
f 476 2282 477
f 477 2282 2283
f 477 2283 479
f 479 2283 2284
f 479 2284 481
f 481 2284 2285
f 481 2285 482
f 482 2285 2286
f 482 2286 462
f 462 2286 2287
f 462 2287 463
f 463 2287 2288
f 463 2288 453
f 453 2288 2289
f 453 2289 454
f 454 2289 2290
f 454 2290 456
f 456 2290 2291
f 456 2291 457
f 457 2291 2292
f 457 2292 458
f 458 2292 2293
f 458 2293 459
f 459 2293 2294
f 459 2294 460
f 460 2294 2295
f 460 2295 464
f 464 2295 2296
f 464 2296 465
f 465 2296 2297
f 465 2297 466
f 466 2297 2298
f 466 2298 467
f 467 2298 2299
f 467 2299 468
f 468 2299 2300
f 468 2300 469
f 469 2300 2301
f 469 2301 470
f 470 2301 2302
f 470 2302 471
f 471 2302 2303
f 471 2303 472
f 472 2303 2304
f 472 2304 473
f 473 2304 2305
f 473 2305 489
f 489 2305 2306
f 489 2306 490
f 490 2306 2307
f 490 2307 491
f 491 2307 2308
f 491 2308 492
f 492 2308 2309
f 492 2309 493
f 493 2309 2273
f 2274 23 2275
f 2275 23 22
f 2275 22 2276
f 2276 22 35
f 2276 35 2277
f 2277 35 34
f 2277 34 2278
f 2278 34 32
f 2278 32 2279
f 2279 32 31
f 2279 31 2280
f 2280 31 77
f 2280 77 2281
f 2281 77 76
f 2281 76 2282
f 2282 76 75
f 2282 75 2283
f 2283 75 30
f 2283 30 2284
f 2284 30 29
f 2284 29 2285
f 2285 29 53
f 2285 53 2286
f 2286 53 55
f 2286 55 2287
f 2287 55 57
f 2287 57 2288
f 2288 57 49
f 2288 49 2289
f 2289 49 51
f 2289 51 2290
f 2290 51 44
f 2290 44 2291
f 2291 44 43
f 2291 43 2292
f 2292 43 27
f 2292 27 2293
f 2293 27 26
f 2293 26 2294
f 2294 26 73
f 2294 73 2295
f 2295 73 72
f 2295 72 2296
f 2296 72 71
f 2296 71 2297
f 2297 71 70
f 2297 70 2298
f 2298 70 69
f 2298 69 2299
f 2299 69 67
f 2299 67 2300
f 2300 67 66
f 2300 66 2301
f 2301 66 65
f 2301 65 2302
f 2302 65 63
f 2302 63 2303
f 2303 63 61
f 2303 61 2304
f 2304 61 80
f 2304 80 2305
f 2305 80 41
f 2305 41 2306
f 2306 41 39
f 2306 39 2307
f 2307 39 37
f 2307 37 2308
f 2308 37 36
f 2308 36 2309
f 2309 36 21
f 2309 21 2273
f 2273 21 24
f 2273 24 2274
f 2274 24 23
f 355 2310 356
f 356 2310 2311
f 356 2311 357
f 357 2311 2312
f 357 2312 349
f 349 2312 2313
f 349 2313 350
f 350 2313 2314
f 350 2314 351
f 351 2314 2315
f 351 2315 338
f 338 2315 2316
f 338 2316 339
f 339 2316 2317
f 339 2317 340
f 340 2317 2318
f 340 2318 342
f 342 2318 2319
f 342 2319 344
f 344 2319 2320
f 344 2320 346
f 346 2320 2321
f 346 2321 347
f 347 2321 2322
f 347 2322 348
f 348 2322 2323
f 348 2323 321
f 321 2323 2324
f 321 2324 322
f 322 2324 2325
f 322 2325 336
f 336 2325 2326
f 336 2326 337
f 337 2326 2327
f 337 2327 314
f 314 2327 2328
f 314 2328 315
f 315 2328 2329
f 315 2329 317
f 317 2329 2330
f 317 2330 318
f 318 2330 2331
f 318 2331 319
f 319 2331 2332
f 319 2332 323
f 323 2332 2333
f 323 2333 324
f 324 2333 2334
f 324 2334 325
f 325 2334 2335
f 325 2335 329
f 329 2335 2336
f 329 2336 330
f 330 2336 2337
f 330 2337 331
f 331 2337 2338
f 331 2338 327
f 327 2338 2339
f 327 2339 328
f 328 2339 2340
f 328 2340 332
f 332 2340 2341
f 332 2341 333
f 333 2341 2342
f 333 2342 334
f 334 2342 2343
f 334 2343 352
f 352 2343 2344
f 352 2344 353
f 353 2344 2345
f 353 2345 354
f 354 2345 2346
f 354 2346 355
f 355 2346 2310
f 2311 221 2312
f 2312 221 220
f 2312 220 2313
f 2313 220 219
f 2313 219 2314
f 2314 219 233
f 2314 233 2315
f 2315 233 235
f 2315 235 2316
f 2316 235 267
f 2316 267 2317
f 2317 267 258
f 2317 258 2318
f 2318 258 257
f 2318 257 2319
f 2319 257 232
f 2319 232 2320
f 2320 232 231
f 2320 231 2321
f 2321 231 275
f 2321 275 2322
f 2322 275 274
f 2322 274 2323
f 2323 274 273
f 2323 273 2324
f 2324 273 255
f 2324 255 2325
f 2325 255 254
f 2325 254 2326
f 2326 254 229
f 2326 229 2327
f 2327 229 228
f 2327 228 2328
f 2328 228 272
f 2328 272 2329
f 2329 272 271
f 2329 271 2330
f 2330 271 259
f 2330 259 2331
f 2331 259 260
f 2331 260 2332
f 2332 260 241
f 2332 241 2333
f 2333 241 243
f 2333 243 2334
f 2334 243 245
f 2334 245 2335
f 2335 245 247
f 2335 247 2336
f 2336 247 249
f 2336 249 2337
f 2337 249 250
f 2337 250 2338
f 2338 250 240
f 2338 240 2339
f 2339 240 239
f 2339 239 2340
f 2340 239 237
f 2340 237 2341
f 2341 237 236
f 2341 236 2342
f 2342 236 226
f 2342 226 2343
f 2343 226 225
f 2343 225 2344
f 2344 225 223
f 2344 223 2345
f 2345 223 222
f 2345 222 2346
f 2346 222 217
f 2346 217 2310
f 2310 217 216
f 2310 216 2311
f 2311 216 221
f 422 2347 423
f 423 2347 2348
f 423 2348 417
f 417 2348 2349
f 417 2349 418
f 418 2349 2350
f 418 2350 419
f 419 2350 2351
f 419 2351 420
f 420 2351 2352
f 420 2352 413
f 413 2352 2353
f 413 2353 411
f 411 2353 2354
f 411 2354 409
f 409 2354 2355
f 409 2355 407
f 407 2355 2356
f 407 2356 395
f 395 2356 2357
f 395 2357 396
f 396 2357 2358
f 396 2358 406
f 406 2358 2359
f 406 2359 387
f 387 2359 2360
f 387 2360 388
f 388 2360 2361
f 388 2361 390
f 390 2361 2362
f 390 2362 397
f 397 2362 2363
f 397 2363 398
f 398 2363 2364
f 398 2364 399
f 399 2364 2365
f 399 2365 381
f 381 2365 2366
f 381 2366 382
f 382 2366 2367
f 382 2367 384
f 384 2367 2368
f 384 2368 385
f 385 2368 2369
f 385 2369 386
f 386 2369 2370
f 386 2370 391
f 391 2370 2371
f 391 2371 392
f 392 2371 2372
f 392 2372 393
f 393 2372 2373
f 393 2373 402
f 402 2373 2374
f 402 2374 401
f 401 2374 2375
f 401 2375 400
f 400 2375 2376
f 400 2376 403
f 403 2376 2377
f 403 2377 404
f 404 2377 2378
f 404 2378 405
f 405 2378 2379
f 405 2379 414
f 414 2379 2380
f 414 2380 415
f 415 2380 2381
f 415 2381 416
f 416 2381 2382
f 416 2382 421
f 421 2382 2383
f 421 2383 422
f 422 2383 2347
f 2348 169 2349
f 2349 169 168
f 2349 168 2350
f 2350 168 167
f 2350 167 2351
f 2351 167 166
f 2351 166 2352
f 2352 166 165
f 2352 165 2353
f 2353 165 187
f 2353 187 2354
f 2354 187 189
f 2354 189 2355
f 2355 189 204
f 2355 204 2356
f 2356 204 203
f 2356 203 2357
f 2357 203 201
f 2357 201 2358
f 2358 201 200
f 2358 200 2359
f 2359 200 208
f 2359 208 2360
f 2360 208 210
f 2360 210 2361
f 2361 210 199
f 2361 199 2362
f 2362 199 197
f 2362 197 2363
f 2363 197 196
f 2363 196 2364
f 2364 196 177
f 2364 177 2365
f 2365 177 176
f 2365 176 2366
f 2366 176 172
f 2366 172 2367
f 2367 172 174
f 2367 174 2368
f 2368 174 175
f 2368 175 2369
f 2369 175 163
f 2369 163 2370
f 2370 163 162
f 2370 162 2371
f 2371 162 160
f 2371 160 2372
f 2372 160 171
f 2372 171 2373
f 2373 171 170
f 2373 170 2374
f 2374 170 159
f 2374 159 2375
f 2375 159 158
f 2375 158 2376
f 2376 158 155
f 2376 155 2377
f 2377 155 154
f 2377 154 2378
f 2378 154 191
f 2378 191 2379
f 2379 191 193
f 2379 193 2380
f 2380 193 183
f 2380 183 2381
f 2381 183 185
f 2381 185 2382
f 2382 185 153
f 2382 153 2383
f 2383 153 152
f 2383 152 2347
f 2347 152 150
f 2347 150 2348
f 2348 150 169
f 1458 1467 771
f 771 1467 780
f 1381 713 712
f 1381 712 1382
f 1382 712 740
f 1382 740 1383
f 1383 740 739
f 1383 739 1384
f 1384 739 738
f 1384 738 1385
f 1385 738 737
f 1385 737 1386
f 1386 737 736
f 1386 736 1387
f 1387 736 735
f 1387 735 1395
f 1395 735 705
f 1395 705 1390
f 1370 724 723
f 1370 723 1371
f 1371 723 722
f 1371 722 1372
f 1372 722 721
f 1372 721 1373
f 1373 721 720
f 1373 720 1374
f 1374 720 718
f 1374 718 1375
f 1375 718 717
f 1375 717 1376
f 1376 717 725
f 1376 725 1377
f 1377 725 716
f 1377 716 1378
f 1378 716 715
f 1378 715 1379
f 1379 715 714
f 1379 714 1380
f 1380 714 713
f 1380 713 1381
f 1366 703 734
f 1366 734 1365
f 1365 734 711
f 1365 711 1364
f 711 726 1364
f 1364 726 727
f 1364 727 1367
f 1367 727 728
f 1367 728 1368
f 1368 728 733
f 1368 733 1359
f 1359 733 732
f 1359 732 1360
f 1360 732 731
f 1360 731 1362
f 1362 731 730
f 1362 730 1363
f 1363 730 729
f 1363 729 1369
f 1369 729 724
f 1369 724 1370
f 1477 742 741
f 1477 741 1391
f 1391 741 710
f 1391 710 1392
f 1392 710 709
f 1392 709 1393
f 1393 709 708
f 1393 708 1394
f 1394 708 707
f 1394 707 1388
f 1388 707 1389
f 1389 707 706
f 1389 706 1396
f 706 704 1396
f 1396 704 703
f 1396 703 1366
f 1477 1358 742
f 742 1358 743
f 1420 840 838
f 1420 838 1422
f 1422 838 825
f 1422 825 1423
f 1423 825 828
f 1423 828 1414
f 1414 828 830
f 1414 830 1412
f 1412 830 1355
f 1355 830 829
f 1355 829 1354
f 1354 829 827
f 1354 827 1353
f 1353 827 565
f 1353 565 1356
f 565 564 1356
f 1356 564 744
f 1356 744 1357
f 1357 744 743
f 1357 743 1358
f 1450 845 844
f 845 1450 809
f 809 1450 1449
f 809 1449 810
f 810 1449 1448
f 810 1448 811
f 811 1448 1447
f 811 1447 812
f 812 1447 1446
f 812 1446 813
f 1453 1452 844
f 844 1452 1451
f 844 1451 1450
f 844 843 1453
f 1453 843 836
f 1453 836 1415
f 1415 836 835
f 1415 835 1416
f 1416 835 842
f 1416 842 1419
f 842 841 1419
f 1419 841 840
f 1419 840 1420
f 1441 807 806
f 1441 806 1442
f 1442 806 816
f 1442 816 1443
f 1443 816 815
f 1443 815 1444
f 1444 815 814
f 1444 814 1445
f 1445 814 813
f 1445 813 1446
f 1441 1440 807
f 807 1440 808
f 1458 771 1439
f 1439 771 798
f 1439 798 1440
f 1440 798 808
f 1399 700 796
f 1399 796 1476
f 1476 796 780
f 1476 780 1467
f 1399 1401 700
f 700 1401 701
f 1397 699 698
f 1397 698 1398
f 1398 698 702
f 1398 702 1400
f 1400 702 701
f 1400 701 1401
f 1390 705 1397
f 1397 705 699
f 1523 878 877
f 1523 877 1524
f 1524 877 872
f 1524 872 1525
f 1525 872 871
f 1525 871 1526
f 1526 871 870
f 1526 870 1527
f 1527 870 869
f 1527 869 1528
f 1528 869 868
f 1528 868 1529
f 1529 868 866
f 1529 866 1530
f 1530 866 865
f 1530 865 1535
f 1511 772 773
f 1511 773 1516
f 773 873 1516
f 1516 873 876
f 1516 876 1517
f 1517 876 875
f 1517 875 1518
f 1518 875 874
f 1518 874 1519
f 1519 874 884
f 1519 884 1520
f 1520 884 883
f 1520 883 1513
f 1513 883 882
f 1513 882 1514
f 1514 882 881
f 1514 881 1515
f 1515 881 880
f 1515 880 1521
f 1521 880 879
f 1521 879 1522
f 1522 879 878
f 1522 878 1523
f 1507 755 750
f 1507 750 1508
f 1508 750 749
f 1508 749 1509
f 1509 749 748
f 1509 748 1510
f 1510 748 747
f 1510 747 1503
f 1503 747 746
f 1503 746 1502
f 1502 746 754
f 1502 754 1501
f 1501 754 753
f 1501 753 1504
f 1504 753 752
f 1504 752 1505
f 1505 752 751
f 1505 751 1500
f 1500 751 1491
f 1491 751 772
f 1491 772 1511
f 1492 763 762
f 1492 762 1493
f 1493 762 761
f 1493 761 1495
f 1495 761 760
f 1495 760 1496
f 1496 760 759
f 1496 759 1497
f 1497 759 758
f 1497 758 1498
f 1498 758 757
f 1498 757 1499
f 1499 757 756
f 1499 756 1506
f 1506 756 755
f 1506 755 1507
f 1492 1490 763
f 763 1490 774
f 1475 779 778
f 1475 778 1473
f 1473 778 777
f 1473 777 1474
f 1474 777 776
f 1474 776 1489
f 1489 776 774
f 1489 774 1490
f 1468 785 784
f 1468 784 1469
f 1469 784 783
f 1469 783 1470
f 1470 783 782
f 1470 782 1471
f 1471 782 781
f 1471 781 1472
f 1472 781 779
f 1472 779 1475
f 1479 767 765
f 1479 765 1481
f 1481 765 794
f 1481 794 1485
f 1485 794 795
f 1485 795 1487
f 1487 795 790
f 1487 790 1488
f 1488 790 788
f 1488 788 1462
f 1462 788 787
f 1462 787 1463
f 1463 787 770
f 1463 770 1464
f 1464 770 769
f 1464 769 1465
f 1465 769 786
f 1465 786 1466
f 1466 786 785
f 1466 785 1468
f 1554 896 898
f 1554 898 1555
f 1555 898 890
f 1555 890 1558
f 1558 890 885
f 1558 885 1562
f 1562 885 887
f 1562 887 1564
f 1564 887 767
f 1564 767 1479
f 1568 889 888
f 1568 888 1569
f 1569 888 886
f 1569 886 1565
f 1565 886 892
f 1565 892 1566
f 1566 892 891
f 1566 891 1563
f 1563 891 895
f 1563 895 1561
f 1561 895 894
f 1561 894 1556
f 1556 894 893
f 1556 893 1557
f 1557 893 900
f 1557 900 1559
f 1559 900 899
f 1559 899 1560
f 1560 899 897
f 1560 897 1553
f 1553 897 896
f 1553 896 1554
f 1486 791 793
f 1486 793 1484
f 1484 793 792
f 1484 792 1483
f 1483 792 764
f 1483 764 1482
f 1482 764 766
f 1482 766 1480
f 1480 766 768
f 1480 768 1478
f 1478 768 1567
f 1567 768 889
f 1567 889 1568
f 1486 1457 791
f 791 1457 789
f 1545 856 1546
f 1546 856 805
f 1546 805 1547
f 1547 805 804
f 1547 804 1456
f 1456 804 803
f 1456 803 1454
f 1454 803 802
f 1454 802 1455
f 1455 802 801
f 1455 801 1461
f 1461 801 800
f 1461 800 1460
f 1460 800 799
f 1460 799 1459
f 1459 799 789
f 1459 789 1457
f 1552 848 903
f 1552 903 1537
f 1537 903 861
f 1537 861 1538
f 1538 861 860
f 1538 860 1542
f 1542 860 859
f 1542 859 1543
f 1543 859 858
f 1543 858 1544
f 1544 858 1545
f 1545 858 857
f 1545 857 856
f 1653 854 853
f 1653 853 1550
f 1550 853 852
f 1550 852 1549
f 1549 852 851
f 1549 851 1548
f 1548 851 849
f 1548 849 1551
f 1551 849 848
f 1551 848 1552
f 1653 1536 854
f 854 1536 846
f 1536 1533 846
f 846 1533 847
f 1533 1532 847
f 847 1532 862
f 1531 862 1532
f 862 1531 863
f 863 1531 1534
f 863 1534 864
f 1535 865 1534
f 1534 865 864
f 1570 919 1571
f 919 1570 913
f 913 1570 1595
f 913 1595 914
f 1585 908 907
f 1585 907 1591
f 1591 907 906
f 1591 906 1592
f 1592 906 905
f 1592 905 1587
f 1587 905 912
f 1587 912 1588
f 1588 912 911
f 1588 911 1589
f 1589 911 910
f 1589 910 1590
f 1590 910 916
f 1590 916 1593
f 1593 916 915
f 1593 915 1594
f 1594 915 914
f 1594 914 1595
f 1575 928 927
f 1575 927 1576
f 1576 927 918
f 1576 918 1577
f 1577 918 917
f 1577 917 1578
f 1578 917 926
f 1578 926 1579
f 1579 926 925
f 1579 925 1580
f 1580 925 924
f 1580 924 1581
f 1581 924 923
f 1581 923 1582
f 1582 923 922
f 1582 922 1583
f 1583 922 921
f 1583 921 1584
f 1584 921 920
f 1584 920 1573
f 1573 920 909
f 1573 909 1572
f 1572 909 908
f 1572 908 1585
f 1575 1574 928
f 928 1574 929
f 1622 947 946
f 1622 946 1621
f 1621 946 929
f 1621 929 1574
f 1622 1601 947
f 947 1601 994
f 1663 937 936
f 1663 936 1660
f 1660 936 993
f 1660 993 1661
f 993 997 1661
f 1661 997 996
f 1661 996 1664
f 994 1601 995
f 995 1601 1599
f 995 1599 996
f 996 1599 1598
f 996 1598 1664
f 1656 940 934
f 1656 934 1657
f 1657 934 933
f 1657 933 1658
f 1658 933 939
f 1658 939 1659
f 1659 939 938
f 1659 938 1662
f 1662 938 937
f 1662 937 1663
f 1649 931 930
f 1649 930 1647
f 1647 930 943
f 1647 943 1648
f 1648 943 942
f 1648 942 1654
f 1654 942 941
f 1654 941 1655
f 1655 941 940
f 1655 940 1656
f 1649 1650 931
f 931 1650 932
f 932 1650 944
f 944 1650 1651
f 944 1651 855
f 855 1651 1652
f 1652 1539 855
f 855 1539 850
f 850 1539 902
f 902 1539 1540
f 902 1540 901
f 901 1540 1541
f 1541 1571 901
f 901 1571 919
f 1600 1602 955
f 955 1602 948
f 1602 1644 948
f 948 1644 950
f 1644 1623 950
f 950 1623 952
f 1623 1600 952
f 952 1600 955
f 1641 998 992
f 1641 992 1596
f 1596 992 991
f 1596 991 1597
f 1597 991 990
f 1597 990 1603
f 1603 990 989
f 1603 989 1604
f 1604 989 988
f 1604 988 1605
f 1605 988 987
f 1605 987 1606
f 1606 987 986
f 1606 986 1607
f 1607 986 985
f 1607 985 1608
f 1608 985 984
f 1608 984 1611
f 1611 984 983
f 1611 983 1610
f 1633 968 967
f 1633 967 1632
f 1632 967 966
f 1632 966 1635
f 1635 966 960
f 1635 960 1636
f 1636 960 959
f 1636 959 1637
f 1637 959 958
f 1637 958 1638
f 1638 958 957
f 1638 957 1639
f 1639 957 956
f 1639 956 1640
f 1640 956 954
f 1640 954 1643
f 1643 954 953
f 1643 953 1642
f 1642 953 998
f 1642 998 1641
f 1620 973 972
f 1620 972 1624
f 1624 972 969
f 1624 969 1625
f 1625 969 970
f 1625 970 1626
f 1626 970 971
f 1626 971 1627
f 1627 971 962
f 1627 962 1628
f 1628 962 961
f 1628 961 1629
f 1629 961 965
f 1629 965 1630
f 1630 965 964
f 1630 964 1631
f 1631 964 963
f 1631 963 1634
f 1634 963 968
f 1634 968 1633
f 1610 983 976
f 1610 976 1609
f 1609 976 975
f 1609 975 1612
f 1612 975 982
f 1612 982 1613
f 1613 982 981
f 1613 981 1614
f 1614 981 980
f 1614 980 1615
f 1615 980 979
f 1615 979 1616
f 1616 979 978
f 1616 978 1617
f 1617 978 977
f 1617 977 1618
f 1618 977 974
f 1618 974 1619
f 1619 974 973
f 1619 973 1620
f 1695 1097 1096
f 1695 1096 1696
f 1696 1096 1095
f 1696 1095 1693
f 1693 1095 1094
f 1693 1094 1694
f 1694 1094 1017
f 1694 1017 1697
f 1697 1017 1016
f 1697 1016 1698
f 1698 1016 1015
f 1698 1015 1699
f 1699 1015 1013
f 1699 1013 1700
f 1700 1013 1004
f 1700 1004 1701
f 1688 1687 1024
f 1024 1687 1686
f 1024 1686 1025
f 1025 1686 1685
f 1025 1685 1026
f 1026 1685 1684
f 1026 1684 1027
f 1027 1684 1683
f 1027 1683 1028
f 1028 1683 1682
f 1028 1682 1018
f 1024 1023 1688
f 1688 1023 1022
f 1688 1022 1689
f 1689 1022 1690
f 1690 1022 1021
f 1690 1021 1691
f 1021 1011 1691
f 1691 1011 1010
f 1691 1010 1692
f 1692 1010 1097
f 1692 1097 1695
f 1677 1012 1031
f 1677 1031 1676
f 1676 1031 1030
f 1676 1030 1675
f 1675 1030 1029
f 1675 1029 1678
f 1678 1029 1036
f 1678 1036 1679
f 1679 1036 1035
f 1679 1035 1674
f 1674 1035 1034
f 1674 1034 1671
f 1671 1034 1033
f 1671 1033 1672
f 1672 1033 1032
f 1672 1032 1680
f 1680 1032 1019
f 1680 1019 1681
f 1681 1019 1018
f 1681 1018 1682
f 1704 1044 1045
f 1704 1045 1705
f 1705 1045 1009
f 1705 1009 1706
f 1706 1009 1008
f 1706 1008 1707
f 1707 1008 1007
f 1707 1007 1708
f 1708 1007 1006
f 1708 1006 1709
f 1709 1006 1005
f 1709 1005 1703
f 1703 1005 1014
f 1703 1014 1702
f 1702 1014 1012
f 1702 1012 1677
f 1704 1666 1044
f 1044 1666 1037
f 1668 1041 1040
f 1668 1040 1669
f 1669 1040 1038
f 1669 1038 1665
f 1665 1038 1037
f 1665 1037 1666
f 1668 1667 1041
f 1041 1667 1039
f 1039 1667 1042
f 1042 1667 1670
f 1042 1670 951
f 951 1670 1646
f 1646 1645 951
f 951 1645 949
f 949 1645 1081
f 1081 1645 1729
f 1081 1729 1082
f 1082 1729 1718
f 1718 1717 1082
f 1082 1717 1083
f 1725 1088 1086
f 1725 1086 1726
f 1726 1086 1085
f 1726 1085 1727
f 1727 1085 1087
f 1727 1087 1728
f 1728 1087 1084
f 1728 1084 1716
f 1716 1084 1083
f 1716 1083 1717
f 1047 1758 1757
f 1047 1757 1049
f 1049 1757 1756
f 1049 1756 1050
f 1050 1756 1755
f 1050 1755 1051
f 1051 1755 1754
f 1051 1754 1052
f 1052 1754 1741
f 1052 1741 1062
f 1062 1741 1743
f 1062 1743 1072
f 1758 1047 1721
f 1721 1047 1046
f 1721 1046 1720
f 1720 1046 1093
f 1720 1093 1719
f 1719 1093 1092
f 1719 1092 1722
f 1092 1091 1722
f 1722 1091 1090
f 1722 1090 1723
f 1723 1090 1089
f 1723 1089 1724
f 1724 1089 1088
f 1724 1088 1725
f 1710 1003 1002
f 1710 1002 1711
f 1711 1002 1000
f 1711 1000 1712
f 1712 1000 999
f 1712 999 1713
f 1715 1714 1058
f 1058 1714 1713
f 1058 1713 1080
f 1080 1713 999
f 1715 1058 1736
f 1736 1058 1057
f 1736 1057 1737
f 1737 1057 1067
f 1737 1067 1738
f 1738 1067 1069
f 1738 1069 1735
f 1735 1069 1070
f 1735 1070 1733
f 1733 1070 1077
f 1733 1077 1731
f 1731 1077 1076
f 1731 1076 1732
f 1076 1074 1732
f 1732 1074 1072
f 1732 1072 1743
f 1701 1004 1710
f 1710 1004 1003
f 1804 1115 1114
f 1804 1114 1805
f 1805 1114 1113
f 1805 1113 1800
f 1800 1113 1112
f 1800 1112 1801
f 1801 1112 1111
f 1801 1111 1806
f 1806 1111 1110
f 1806 1110 1807
f 1807 1110 1109
f 1807 1109 1808
f 1808 1109 1108
f 1808 1108 1809
f 1809 1108 1107
f 1809 1107 1810
f 1810 1107 1106
f 1810 1106 1811
f 1811 1106 1105
f 1811 1105 1815
f 1790 1127 1126
f 1790 1126 1795
f 1795 1126 1121
f 1795 1121 1796
f 1796 1121 1120
f 1796 1120 1797
f 1797 1120 1119
f 1797 1119 1798
f 1798 1119 1117
f 1798 1117 1799
f 1799 1117 1116
f 1799 1116 1792
f 1792 1116 1125
f 1792 1125 1793
f 1793 1125 1124
f 1793 1124 1794
f 1794 1124 1123
f 1794 1123 1802
f 1802 1123 1122
f 1802 1122 1803
f 1803 1122 1115
f 1803 1115 1804
f 1779 1176 1784
f 1784 1176 1175
f 1784 1175 1785
f 1785 1175 1174
f 1785 1174 1786
f 1786 1174 1173
f 1173 1172 1786
f 1786 1172 1170
f 1786 1170 1787
f 1787 1170 1104
f 1787 1104 1788
f 1788 1104 1132
f 1788 1132 1780
f 1780 1132 1131
f 1780 1131 1781
f 1781 1131 1130
f 1781 1130 1782
f 1782 1130 1129
f 1782 1129 1783
f 1783 1129 1767
f 1767 1129 1128
f 1767 1128 1789
f 1789 1128 1127
f 1789 1127 1790
f 1768 1134 1133
f 1768 1133 1770
f 1770 1133 1182
f 1770 1182 1771
f 1771 1182 1181
f 1771 1181 1772
f 1772 1181 1180
f 1772 1180 1773
f 1773 1180 1179
f 1773 1179 1774
f 1774 1179 1178
f 1774 1178 1775
f 1775 1178 1177
f 1775 1177 1776
f 1776 1177 1184
f 1776 1184 1777
f 1777 1184 1183
f 1777 1183 1778
f 1778 1183 1176
f 1778 1176 1779
f 1768 1766 1134
f 1134 1766 1135
f 1762 1079 1078
f 562 1764 1078
f 1078 1764 1763
f 1078 1763 1762
f 562 561 1764
f 1764 561 1136
f 1764 1136 1765
f 1765 1136 1135
f 1765 1135 1766
f 1744 1071 1745
f 1745 1071 1073
f 1745 1073 1730
f 1073 1075 1730
f 1730 1075 1068
f 1730 1068 1734
f 1734 1068 1759
f 1759 1068 1066
f 1759 1066 1760
f 1066 1065 1760
f 1760 1065 1059
f 1760 1059 1761
f 1761 1059 1079
f 1761 1079 1762
f 1839 1165 1840
f 1840 1165 1164
f 1840 1164 1841
f 1841 1164 1163
f 1841 1163 1746
f 1746 1163 1162
f 1746 1162 1747
f 1162 1161 1747
f 1747 1161 1056
f 1747 1056 1748
f 1748 1056 1055
f 1748 1055 1749
f 1749 1055 1054
f 1749 1054 1750
f 1750 1054 1053
f 1750 1053 1751
f 1751 1053 1048
f 1751 1048 1752
f 1752 1048 1064
f 1752 1064 1753
f 1753 1064 1063
f 1753 1063 1739
f 1739 1063 1061
f 1739 1061 1740
f 1740 1061 1060
f 1740 1060 1742
f 1742 1060 1071
f 1742 1071 1744
f 1826 1153 1151
f 1826 1151 1827
f 1827 1151 1150
f 1827 1150 1828
f 1828 1150 1148
f 1828 1148 1829
f 1829 1148 1147
f 1829 1147 1830
f 1830 1147 1160
f 1830 1160 1831
f 1831 1160 1159
f 1831 1159 1832
f 1832 1159 1158
f 1832 1158 1833
f 1833 1158 1157
f 1833 1157 1834
f 1834 1157 1169
f 1834 1169 1835
f 1835 1169 1168
f 1835 1168 1836
f 1836 1168 1167
f 1836 1167 1837
f 1837 1167 1166
f 1837 1166 1838
f 1838 1166 1165
f 1838 1165 1839
f 1816 1101 1102
f 1816 1102 1817
f 1817 1102 1103
f 1817 1103 1812
f 1812 1103 1099
f 1812 1099 1813
f 1813 1099 1098
f 1813 1098 1818
f 1818 1098 1146
f 1818 1146 1819
f 1819 1146 1145
f 1819 1145 1821
f 1821 1145 1143
f 1821 1143 1822
f 1822 1143 1142
f 1822 1142 1823
f 1823 1142 1156
f 1823 1156 1824
f 1824 1156 1155
f 1824 1155 1825
f 1155 1154 1825
f 1825 1154 1153
f 1825 1153 1826
f 1815 1105 1816
f 1816 1105 1101
f 1844 1843 1139
f 1139 1843 1137
f 1137 1843 1138
f 1138 1843 1842
f 1138 1842 1814
f 1814 1820 1138
f 1138 1820 1144
f 1310 1152 1311
f 1311 1152 1144
f 1311 1144 1820
f 1310 1309 1152
f 1152 1309 1149
f 1309 1849 1149
f 1149 1849 558
f 1849 1916 558
f 558 1916 559
f 559 1916 560
f 560 1916 1846
f 560 1846 1189
f 1846 1847 1189
f 1189 1847 1187
f 1848 1185 1847
f 1847 1185 1186
f 1847 1186 1187
f 1848 1845 1185
f 1185 1845 1140
f 1845 1844 1140
f 1140 1844 1139
f 671 1879 672
f 672 1879 1878
f 672 1878 673
f 1901 1874 671
f 671 1874 1880
f 671 1880 1879
f 667 1903 668
f 668 1903 1902
f 668 1902 669
f 669 1902 1901
f 669 1901 670
f 670 1901 671
f 681 1909 674
f 674 1909 1908
f 674 1908 675
f 675 1908 1897
f 675 1897 676
f 676 1897 1899
f 676 1899 677
f 677 1899 1900
f 677 1900 678
f 678 1900 1907
f 678 1907 679
f 679 1907 1906
f 679 1906 666
f 666 1906 1905
f 666 1905 667
f 667 1905 1904
f 667 1904 1903
f 1873 1214 1213
f 1873 1213 1870
f 1870 1213 1212
f 1870 1212 1871
f 1871 1212 1872
f 1872 1212 1209
f 1872 1209 1867
f 1209 1208 1867
f 1867 1208 1211
f 1867 1211 1868
f 1868 1211 686
f 1868 686 1869
f 1869 686 685
f 1869 685 1866
f 1866 685 684
f 1866 684 1863
f 1863 684 683
f 1863 683 1864
f 1864 683 682
f 1864 682 1876
f 1876 682 680
f 1876 680 1877
f 1877 680 673
f 1877 673 1878
f 1873 1875 1214
f 1214 1875 1215
f 1875 1862 1215
f 1215 1862 1216
f 1862 1861 1216
f 1216 1861 1228
f 1425 1225 1424
f 1424 1225 1224
f 1424 1224 1854
f 1854 1224 1223
f 1854 1223 1855
f 1855 1223 1222
f 1855 1222 1856
f 1856 1222 1221
f 1856 1221 1857
f 1857 1221 1220
f 1857 1220 1858
f 1858 1220 1219
f 1858 1219 1859
f 1859 1219 1850
f 1850 1219 1218
f 1850 1218 1851
f 1218 1230 1851
f 1851 1230 1229
f 1851 1229 1853
f 1853 1229 1226
f 1853 1226 1860
f 1226 1227 1860
f 1860 1227 1228
f 1860 1228 1861
f 1435 822 821
f 1435 821 1436
f 1436 821 820
f 1436 820 1437
f 1437 820 819
f 1437 819 1438
f 1438 819 1237
f 1438 1237 1431
f 1431 1237 1236
f 1431 1236 1432
f 1432 1236 1235
f 1432 1235 1433
f 1433 1235 1234
f 1433 1234 1428
f 1428 1234 1233
f 1428 1233 1429
f 1429 1233 1232
f 1429 1232 1430
f 1430 1232 1231
f 1430 1231 1427
f 1427 1231 1225
f 1427 1225 1425
f 1435 1434 822
f 822 1434 817
f 1434 1417 817
f 817 1417 818
f 1417 1418 818
f 818 1418 839
f 1403 1190 1195
f 1403 1195 1404
f 1404 1195 1194
f 1404 1194 1405
f 1405 1194 1193
f 1405 1193 1406
f 1406 1193 834
f 1406 834 1409
f 1409 834 833
f 1409 833 1408
f 1408 833 826
f 1408 826 1407
f 1407 826 831
f 1407 831 1410
f 1410 831 832
f 1410 832 1411
f 1411 832 824
f 1411 824 1413
f 824 823 1413
f 1413 823 837
f 1413 837 1421
f 1421 837 839
f 1421 839 1418
f 1892 1199 1201
f 1892 1201 1890
f 1890 1201 1198
f 1890 1198 1893
f 1893 1198 1197
f 1893 1197 1894
f 1894 1197 1196
f 1894 1196 1895
f 1895 1196 1896
f 1896 1196 1191
f 1896 1191 1402
f 1402 1191 1190
f 1402 1190 1403
f 1887 656 1207
f 1887 1207 1888
f 1207 1206 1888
f 1888 1206 1205
f 1888 1205 1883
f 1883 1205 1204
f 1883 1204 1881
f 1881 1204 1203
f 1881 1203 1882
f 1882 1203 1202
f 1882 1202 1889
f 1889 1202 1200
f 1889 1200 1891
f 1891 1200 1199
f 1891 1199 1892
f 1917 653 652
f 1917 652 1913
f 1913 652 655
f 1913 655 1914
f 1914 655 1915
f 1915 655 660
f 1915 660 1884
f 1884 660 659
f 1884 659 1885
f 1885 659 657
f 1885 657 1886
f 1886 657 656
f 1886 656 1887
f 1917 1918 653
f 653 1918 654
f 1918 1912 654
f 654 1912 662
f 1912 1911 662
f 662 1911 663
f 1911 1910 663
f 663 1910 664
f 1910 1909 664
f 664 1909 681
